DestinationPort,FlowDuration,TotalFwdPackets,TotalBackwardPackets,TotalLengthOfFwdPackets,TotalLengthOfBwdPackets,FwdPacketLengthMax,FwdPacketLengthMin,FwdPacketLengthMean,FwdPacketLengthStd,BwdPacketLengthMax,BwdPacketLengthMin,BwdPacketLengthMean,BwdPacketLengthStd,FlowBytesPerSecond,FlowPacketsPerSecond,FlowIATMean,FlowIATStd,FlowIATMax,FlowIATMin,FwdIATTotal,FwdIATMean,FwdIATStd,FwdIATMax,FwdIATMin,BwdIATTotal,BwdIATMean,BwdIATStd,BwdIATMax,BwdIATMin,FwdPSHFlags,BwdPSHFlags,FwdURGFlags,BwdURGFlags,FINFlagCount,SYNFlagCount,RSTFlagCount,PSHFlagCount,ACKFlagCount,URGFlagCount,CWEFlagCount,ECEFlagCount,FwdHeaderLength,BwdHeaderLength,FwdPacketsPerSecond,BwdPacketsPerSecond,MinPacketLength,MaxPacketLength,PacketLengthMean,PacketLengthStd,PacketLengthVariance,DownUpRatio,AveragePacketSize,AvgFwdSegmentSize,AvgBwdSegmentSize,FwdAvgBytesPerBulk,FwdAvgPacketsPerBulk,FwdAvgBulkRate,BwdAvgBytesPerBulk,BwdAvgPacketsPerBulk,BwdAvgBulkRate,SubflowFwdPackets,SubflowFwdBytes,SubflowBwdPackets,SubflowBwdBytes,InitWinBytesForward,InitWinBytesBackward,ActiveMean,ActiveStd,ActiveMax,ActiveMin,IdleMean,IdleStd,IdleMax,IdleMin,ActDataPktFwd,MinSegSizeForward,Protocol,Label
21,10648,61,33,6726,15039,460,70,265,38,633,55,344,56,11232,51,449,4089,29282,40,16067,992,3555,40992,54,5370,7140,824,45404,69,0,1,0,0,0,1,0,40,19,0,0,0,40,27,80,75,42,1154,598,137,18769,2,838,103,582,3845,14,263,510,78,6264,6,1324,38,1519,45358,16429,5405,6085,262797,51,42616,7095,317947,219,1,49,6,FTP-Patator
80,163,102,0,68872,34,625,76,350.5,13,621,48,334.5,49,461081,4680,7943,2708,20634,30,90818,5908,3702,1951,88,95810,3395,3582,8955,11,1,0,0,0,1,119,0,0,8,0,0,0,38,33,98,76,86,1074,580,70,4900,7,294,632,561,6720,71,2894,5520,98,6508,2,1792,46,233,20792,23413,4809,2239,300245,422,10279,9935,69482,106,16,45,6,DoS Hulk
21,18376,34,22,6155,18802,361,57,209,60,878,82,480,20,19773,160,6021,2018,44165,45,35472,9641,2371,27607,94,81223,1370,625,1139,19,1,0,0,0,1,1,0,15,45,0,0,0,57,48,89,18,64,1295,679.5,110,12100,7,212,919,967,3338,54,6159,9424,82,7473,14,1764,26,4041,22362,59112,66777,1976,145791,229,83528,6436,50101,421,40,90,6,FTP-Patator
21,41270,47,61,14972,5607,1408,43,725.5,15,400,58,229,25,11536,161,2984,1426,44221,47,37381,4592,3840,33465,99,36216,8579,1625,9991,93,1,0,0,0,1,1,0,33,17,0,0,0,43,44,92,88,63,1478,770.5,61,3721,6,524,892,381,8906,1,2983,5802,1,8907,21,3413,33,4924,25176,62127,75469,405,176992,657,5216,6884,265719,365,17,37,6,FTP-Patator
290,35748,11,13,3397,988,1018,51,534.5,67,1013,91,552,42,9503,26,6191,2164,21997,20,79262,5588,2733,33936,41,65813,9749,3513,12054,31,1,1,0,0,1,1,1,2,3,0,0,0,41,52,50,86,81,1158,619.5,138,19044,8,776,506,990,413,41,4201,1636,56,4062,1,4769,23,1613,35959,49170,41987,1045,102318,797,46848,9081,470417,501,11,95,6,BENIGN
9683,193204,19,10,6875,1195,1257,89,673,45,937,47,492,81,1559,46,2955,2767,3458,1,65449,1031,2698,39549,52,72270,9022,3418,44601,35,0,1,0,0,1,1,1,0,5,0,0,0,36,54,79,93,87,1422,754.5,191,36481,1,830,696,180,8478,18,7118,9663,80,8140,22,4543,10,1427,55248,28856,57957,9192,459864,60,84833,3540,426531,390,6,98,6,Bot
25686,286396,98,73,3484,9950,844,42,443,35,1327,95,711,89,2666,32,9647,1644,12719,41,83242,8735,368,41603,45,83953,7855,4460,13253,87,1,1,0,0,1,0,1,2,8,0,0,0,25,44,37,14,76,1229,652.5,164,26896,7,508,709,354,1135,10,4941,5129,35,4684,34,854,31,3897,28447,54895,96044,3450,149598,281,41540,5581,63965,143,46,50,6,Bot
21,29383,58,98,4752,13330,1025,56,540.5,25,778,42,410,21,6726,105,1808,1200,11481,73,37135,8918,272,22625,4,86270,520,855,28975,67,0,0,0,0,1,0,1,30,23,0,0,0,54,54,98,30,42,1281,661.5,185,34225,9,880,168,212,1236,26,785,1509,24,1548,32,3172,22,493,37385,49678,88612,5716,184610,487,51154,453,474068,292,29,28,6,FTP-Patator
299,10470,41,44,1366,4475,1115,69,592,24,300,98,199,52,2911,47,2151,2136,18690,5,18583,7010,3578,1743,37,23295,6936,2298,46243,4,1,1,0,0,0,0,0,2,7,0,0,0,21,30,67,62,41,1230,635.5,123,15129,9,971,967,334,8433,6,791,1716,38,4133,34,1655,41,3799,31362,17699,81745,163,436443,537,21505,5926,367907,587,10,79,6,Infiltration
304,54288,33,47,2904,2178,986,92,539,49,137,75,106,95,6622,25,7632,1938,26982,9,43420,1085,606,45312,80,91058,9560,4949,33489,81,0,0,0,0,1,1,0,2,3,0,0,0,29,38,95,78,65,1038,551.5,171,29241,7,780,926,701,527,82,1190,7919,54,4899,2,2213,6,3544,22378,16085,42209,6562,162029,98,2062,7173,370832,722,49,63,6,BENIGN
80,49045,38,42,19038,44277,246,42,144,79,1173,82,627.5,77,28590,445,2116,4669,12461,78,51301,1197,1619,43427,37,4485,6804,1147,14506,67,1,0,0,0,0,0,0,19,13,0,0,0,26,48,43,85,79,1308,693.5,155,24025,6,205,729,416,4720,66,7499,2405,82,1346,34,3005,25,537,55762,17339,19301,9697,268249,497,67373,4511,498892,277,10,44,6,Web Attack - XSS
21034,422957,42,16,1399,3075,1090,51,570.5,85,1494,72,783,72,2087,8,997,1108,22904,26,36018,1561,3304,8920,7,46506,8293,2235,38138,53,0,0,0,0,1,1,1,0,8,0,0,0,41,56,14,60,42,1488,765,147,21609,4,820,693,715,4011,76,9239,1114,60,4172,23,2143,42,3440,11864,57410,15496,7945,254262,361,73297,1570,392762,901,12,68,6,Bot
80,11962,58,60,33996,5432,1038,86,562,32,770,57,413.5,16,23474,312,5156,4525,12499,36,79463,3014,584,28254,81,28109,5913,456,6792,64,0,1,0,0,0,1,1,6,11,0,0,0,46,51,14,89,58,1469,763.5,186,34596,4,222,268,631,8313,2,3964,3614,88,271,44,1981,3,3349,38304,37048,83675,4922,39396,292,13361,9865,377009,371,21,47,6,Web Attack - XSS
34580,79,4,1,147,78,737,47,392,23,1434,88,761,89,442,80,6234,157,10865,84,76859,4745,2518,28370,96,55984,123,2847,29528,81,1,0,0,0,0,1,0,3,5,0,0,0,55,51,39,32,76,1368,722,123,15129,7,963,362,454,9668,98,2191,3184,1,3098,32,4650,33,2210,62512,16375,68445,885,10038,873,4383,2173,466707,182,33,37,6,PortScan
80,3905,325,1,59296,656,312,92,202,78,238,71,154.5,76,456727,831,6221,4633,5040,46,21329,6489,3752,10350,83,20594,3429,3989,12466,47,1,1,0,0,1,186,0,1,1,0,0,0,51,53,86,66,83,1259,671,169,28561,6,284,301,661,2759,27,5956,3138,64,5164,18,2918,49,3435,56534,61439,51047,7656,215316,242,13760,5900,214349,977,11,88,6,DoS Hulk
80,4642,144,4,58916,316,874,77,475.5,88,572,97,334.5,18,425053,3924,5578,472,32238,21,88330,4558,2126,30810,98,21358,3452,1906,7209,27,1,0,0,0,0,170,0,1,7,0,0,0,46,26,70,5,90,1431,760.5,62,3844,7,619,542,272,1005,14,4502,592,11,9819,12,4859,10,778,51274,22202,87715,7899,100125,970,77481,3255,39587,226,11,95,6,DDoS
348,1005,20,27,533,4857,1483,71,777,48,507,43,275,71,4304,26,1233,4042,9484,13,47656,8390,847,22406,96,92717,7332,1109,12226,72,0,0,0,0,1,0,0,0,5,0,0,0,52,41,42,82,63,1432,747.5,92,8464,7,713,500,973,529,25,8376,7687,71,9712,35,563,36,1715,16103,41274,43995,2383,454682,757,95410,3086,29743,428,38,84,6,BENIGN
80,4998,445,7,98964,219,913,53,483,18,322,97,209.5,57,336206,2708,7307,804,46570,99,7503,2591,2641,10282,40,26849,8430,816,5113,34,1,0,0,0,0,184,1,2,0,0,0,0,23,59,58,6,51,1044,547.5,72,5184,5,724,782,612,2083,12,3105,8397,6,1404,18,4857,30,2489,45515,13320,22200,4024,147459,826,69797,8122,493393,457,8,25,6,DDoS
80,4708,947,6,20998,256,934,81,507.5,10,1191,87,639,82,455208,4417,3327,4995,47430,58,13461,9057,761,29083,16,4642,4852,589,18250,96,0,0,0,0,1,131,0,4,1,0,0,0,33,48,2,69,69,1264,666.5,100,10000,5,653,406,896,7296,55,2765,5294,95,4690,39,4056,13,1085,47201,23387,81939,5791,222989,973,65022,3736,394705,642,32,32,6,DoS Hulk
80,2888,665,6,65568,686,311,57,184,16,1366,95,730.5,18,158430,3526,3689,4843,48662,10,38017,555,2906,1414,37,33069,909,1453,16564,37,0,0,0,0,0,178,1,2,0,0,0,0,22,49,5,75,54,1140,597,133,17689,9,749,879,410,981,40,9696,3033,39,6212,7,4848,14,1981,12848,20314,49985,3468,308466,214,28814,5649,136175,282,27,52,6,DoS Hulk
433,8558,17,32,3872,1363,1407,56,731.5,87,434,93,263.5,70,2015,10,3512,2257,15950,9,76189,2221,3468,24413,66,52160,9802,2925,17693,62,0,0,0,0,0,1,1,1,5,0,0,0,23,26,2,95,43,1142,592.5,90,8100,8,404,672,223,5079,8,4228,4095,98,261,46,975,8,681,8308,51547,92418,9304,92016,9,32157,4999,213586,752,31,33,6,BENIGN
21,17504,59,70,12544,16423,424,48,236,20,468,41,254.5,22,9763,59,7243,1369,16607,34,24631,9330,2486,11362,80,36633,2198,2960,5023,79,1,0,0,0,1,1,1,34,22,0,0,0,33,42,17,83,61,1248,654.5,82,6724,1,133,106,802,7416,62,8702,5998,54,847,23,3545,27,4485,36059,17924,4668,2521,221174,859,79287,2839,415346,226,29,87,6,FTP-Patator
39304,308733,15,89,6987,7504,164,51,107.5,37,320,71,195.5,19,4577,27,760,1853,13056,73,95403,9415,1277,44812,49,5394,6085,4421,15740,83,0,1,0,0,0,1,0,2,7,0,0,0,46,42,79,90,85,1272,678.5,61,3721,4,593,686,839,6113,10,3198,806,80,9529,26,4204,7,3423,39885,47676,74305,4104,493745,152,25606,7022,69094,18,14,82,6,Bot
80,3143,243,0,58249,527,494,98,296,82,598,73,335.5,93,395135,3868,3066,4764,35334,78,62472,8297,3444,13164,23,31448,5311,3795,38119,15,0,0,0,0,1,143,0,4,8,0,0,0,28,32,61,58,47,1198,622.5,92,8464,0,224,577,180,4907,51,348,7994,78,8838,34,445,11,853,47351,37003,54928,7839,363567,291,17475,3791,466214,785,1,81,6,DoS Hulk
6900,81,4,0,95,62,755,83,419,78,584,80,332,99,510,132,9720,870,8734,82,57905,7206,2580,22421,40,81711,528,1423,1018,78,0,1,0,0,1,1,1,4,5,0,0,0,50,38,91,59,49,1214,631.5,123,15129,4,654,547,354,1603,55,2241,4057,12,6769,11,2524,37,468,33880,21893,6239,5276,275285,571,60306,3624,246314,643,15,48,6,PortScan
21,27213,28,44,15031,12859,826,65,445.5,67,1341,95,718,11,11873,115,1501,4024,14288,29,80786,1074,2358,28424,14,12170,8792,3247,34153,58,1,1,0,0,0,1,1,47,23,0,0,0,50,59,76,4,68,1430,749,128,16384,8,169,548,143,7528,82,5302,4255,32,5765,46,2289,46,310,28592,59090,97190,2936,429346,922,4233,5454,95042,611,36,92,6,FTP-Patator
80,2707,986,5,13186,232,1097,78,587.5,29,1320,41,680.5,27,300784,1324,153,3030,3174,95,87623,1556,1641,42482,96,19108,8489,4043,32300,16,0,0,0,0,0,114,0,3,1,0,0,0,23,23,36,99,71,1131,601,176,30976,9,766,779,883,3084,61,4279,2941,19,2229,7,3561,25,3740,52227,52269,80321,5653,116866,895,91748,6886,19933,385,10,54,6,DDoS
21,37363,21,72,15348,3037,536,56,296,96,162,96,129,84,4539,75,782,4268,48481,81,88208,7007,2064,47221,57,12224,1742,3429,11481,30,1,1,0,0,1,1,1,45,25,0,0,0,45,40,28,33,85,1455,770,193,37249,0,258,906,129,468,12,226,6385,3,3451,8,4582,4,2356,29489,24452,28193,2454,386486,561,32500,863,52638,628,44,56,6,FTP-Patator
21,39198,74,80,18271,5970,1403,61,732,32,822,48,435,45,19407,65,8595,4113,47342,65,44157,5893,238,22041,88,26022,8180,564,41647,31,0,1,0,0,0,0,1,34,40,0,0,0,41,33,18,86,82,1316,699,121,14641,4,107,897,600,6611,64,8596,3393,66,4046,27,161,45,3465,60660,14408,9953,9223,110666,177,73444,2532,440506,651,20,89,6,FTP-Patator
439,79741,37,35,3952,2656,361,48,204.5,45,694,54,374,81,7448,82,4335,1561,14554,64,68041,5267,2363,39655,22,56625,1277,424,38541,92,0,1,0,0,1,1,0,4,7,0,0,0,58,50,45,5,50,1306,678,119,14161,7,109,938,469,4783,39,9347,6008,68,2789,45,3999,18,4257,19036,50771,85980,8735,316338,124,62119,2085,292452,164,28,76,6,BENIGN
38485,87,1,1,144,32,420,94,257,37,1482,60,771,45,743,187,7342,4184,15098,47,77939,6895,774,38689,27,31742,1403,4185,6756,99,1,1,0,0,1,1,1,1,2,0,0,0,26,55,64,51,77,1355,716,102,10404,5,582,780,187,2468,98,7954,669,60,4988,33,3967,31,4215,15434,18752,56346,7632,198505,591,45514,1009,417395,629,26,59,6,PortScan
80,3975,901,0,25007,773,488,91,289.5,98,571,91,331,39,339884,2040,7585,526,33554,27,1684,9886,3811,20048,86,51301,2761,1123,4661,15,1,0,0,0,0,81,0,0,3,0,0,0,52,28,38,92,69,1493,781,167,27889,5,581,634,730,583,98,1793,2789,31,625,29,4984,21,1403,58875,49196,97334,3749,103252,789,47384,4081,21022,562,44,65,6,DDoS
80,205,828,4,16190,806,1232,55,643.5,19,421,47,234,81,471378,1724,9927,424,10386,68,81829,370,2521,21375,98,89102,2525,3481,29001,44,1,0,0,0,1,167,1,1,4,0,0,0,23,41,99,34,89,1003,546,85,7225,3,245,251,981,2164,62,6258,7816,76,9277,14,4243,13,1097,40440,23264,54498,3842,446846,712,71616,6097,413274,589,41,29,6,DDoS
13301,206710,74,68,1525,6463,614,92,353,85,1491,66,778.5,20,2297,24,5267,2294,28582,16,40738,5145,592,13799,79,10518,4909,2503,9999,85,0,0,0,0,1,0,1,1,6,0,0,0,31,43,1,95,72,1093,582.5,152,23104,4,925,731,379,7646,98,4243,6751,99,9508,42,1478,49,4919,35353,37671,7435,8576,340663,349,36723,9298,306863,616,9,65,6,Bot
6521,218392,33,86,3204,2841,626,86,356,55,1070,70,570,40,2763,14,5603,3883,35527,39,78350,2047,2834,43871,52,21286,6246,1097,48526,45,1,0,0,0,0,1,0,3,0,0,0,0,42,30,66,76,44,1226,635,119,14161,2,329,336,941,3713,96,649,2233,17,3805,14,3219,7,4890,64231,45020,51173,719,417176,196,86322,2181,452836,60,11,23,6,Bot
80,745,401,7,22688,923,767,95,431,77,106,77,91.5,34,492852,804,3991,359,2558,60,54170,3367,3677,1797,59,6855,6777,1195,20967,88,0,1,0,0,0,198,0,0,3,0,0,0,56,34,51,76,72,1281,676.5,57,3249,5,112,157,574,1357,23,9736,2423,57,7038,18,3538,22,4806,57725,9189,59267,5063,209192,683,9573,1242,373647,642,23,75,6,DoS Hulk
20197,184656,53,50,8998,7304,725,40,382.5,90,1175,42,608.5,24,4877,40,3727,4645,47464,78,86732,3032,2235,33499,78,16561,4570,1628,9153,74,0,0,0,0,0,1,1,0,4,0,0,0,53,50,60,67,99,1236,667.5,97,9409,5,128,198,393,8534,94,4937,9126,12,1736,10,1823,18,274,41937,47164,26412,900,342451,972,4381,6376,290092,331,49,66,6,Bot
371,52789,29,32,4828,949,321,48,184.5,54,1383,87,735,41,9583,21,9972,2429,37995,27,68115,2838,2098,14123,95,44391,1647,3914,45243,36,0,0,0,0,1,0,1,3,5,0,0,0,59,41,10,96,61,1489,775,72,5184,1,779,253,559,3686,89,6230,4032,6,8091,10,591,31,600,8478,40996,29193,697,303726,655,52087,5393,288734,96,23,34,6,Infiltration
80,3302,104,2,23058,245,591,64,327.5,33,506,62,284,54,75245,1202,2461,3214,47166,1,51053,1936,3511,2237,26,46343,207,3396,17295,58,0,1,0,0,1,170,1,4,2,0,0,0,57,40,34,42,51,1245,648,74,5476,7,833,101,560,8494,39,270,3961,24,7267,17,2588,7,1439,54149,39196,54862,3761,151609,714,9777,6320,374650,742,7,65,6,DoS Hulk
80,623,242,3,80056,533,182,86,134,44,1464,89,776.5,28,100536,2763,4518,3657,19276,76,59637,2965,1454,34084,45,52582,4205,2588,29028,38,0,1,0,0,0,129,1,1,7,0,0,0,42,51,79,85,44,1119,581.5,53,2809,5,292,263,600,2104,62,6313,398,66,7928,25,4301,20,2905,47387,56320,12884,9603,357372,229,88037,4373,355581,779,18,22,6,DDoS
80,48159,69,31,5488,34716,1072,84,578,69,260,71,165.5,81,6395,300,3417,3777,42676,1,49136,1927,538,25818,9,39160,953,1787,45512,78,1,0,0,0,0,0,1,6,19,0,0,0,42,51,42,5,94,1298,696,110,12100,6,771,613,678,7480,80,9097,5408,43,2235,31,3002,31,846,24123,23593,4960,9284,28037,372,87413,1601,86097,625,29,74,6,Web Attack - XSS
80,1381,711,2,59387,76,1121,85,603,55,498,85,291.5,97,435980,3950,5645,252,43807,42,49244,7974,2406,4010,16,57654,1038,2691,20126,55,0,0,0,0,0,124,1,4,8,0,0,0,55,53,10,33,95,1292,693.5,190,36100,4,310,699,421,754,29,8585,802,95,8927,41,889,8,4308,37040,47193,91131,8085,110536,534,34159,2081,265771,702,23,63,6,DoS Hulk
12436,94,2,0,82,73,173,52,112.5,92,267,62,164.5,46,940,107,9004,2383,41920,40,87143,5329,4167,32701,47,6813,725,4613,40945,63,1,1,0,0,1,1,1,3,4,0,0,0,42,31,10,26,84,1180,632,119,14161,1,113,637,950,9668,52,1669,9360,15,4118,48,3577,27,4712,43699,56475,37430,5435,342899,815,36598,2970,462223,46,10,85,6,PortScan
23587,187022,90,53,1500,1727,1323,40,681.5,73,1404,52,728,71,2090,22,6510,3313,16064,3,5982,645,845,20696,42,95602,4130,4790,21492,6,0,0,0,0,0,0,1,1,2,0,0,0,26,25,47,80,79,1235,657,168,28224,6,199,396,508,8672,96,8483,4290,24,7397,14,4119,13,4402,8731,48842,50487,9339,166710,523,28293,9483,472925,938,4,27,6,Bot
155,72595,12,35,3578,3140,160,67,113.5,67,1123,49,586,34,7392,58,8369,1971,25963,53,72449,7712,1580,27841,22,50946,3994,268,34224,15,0,1,0,0,1,0,0,4,6,0,0,0,41,52,79,27,71,1497,784,166,27556,9,310,384,597,2545,49,3880,1225,25,7532,6,3114,5,4389,23168,63816,68696,6668,393898,386,78573,6623,259493,653,14,71,6,BENIGN
80,1966,261,2,51468,398,1345,73,709,21,1296,52,674,45,400129,4772,4561,3320,3123,14,98468,6089,2965,41580,11,3958,8119,2385,33490,17,0,1,0,0,1,170,1,4,1,0,0,0,56,59,37,5,62,1221,641.5,108,11664,1,599,104,643,2543,50,7001,1061,67,4575,5,532,21,2838,34985,25008,24709,4597,135919,667,64677,5571,44678,261,32,94,6,DDoS
253,90579,26,12,3430,4707,245,81,163,66,1134,95,614.5,26,7495,13,7265,4569,23144,53,11651,4036,1678,20128,91,23588,7619,1471,20840,62,1,1,0,0,0,0,1,0,6,0,0,0,50,26,17,40,77,1002,539.5,86,7396,5,614,800,786,4196,32,9290,8938,1,824,13,943,13,2573,50626,50832,93744,3201,98881,597,56512,979,493660,251,20,49,6,Infiltration
80,2396,485,3,85183,981,1338,41,689.5,30,530,89,309.5,68,314361,618,205,3476,38999,91,99699,578,3999,41756,63,8591,131,3134,34211,90,1,1,0,0,0,185,1,0,0,0,0,0,23,51,71,16,99,1439,769,79,6241,9,459,215,219,2688,81,3450,6298,21,2372,35,3881,40,4250,27810,49392,19386,8354,39353,66,98614,6405,402235,303,41,48,6,DoS Hulk
21,36646,33,69,9031,8766,630,75,352.5,24,1248,48,648,47,6164,166,4968,1726,20907,32,90731,9019,1176,41519,11,21229,3539,3353,19671,33,1,1,0,0,1,0,1,43,32,0,0,0,38,49,41,92,73,1094,583.5,181,32761,4,425,838,116,6007,54,788,5666,42,5125,43,2713,48,147,9737,39522,57780,3112,371975,286,48872,3456,260826,187,2,65,6,FTP-Patator
47389,185821,83,68,4624,6350,1066,62,564,37,1384,49,716.5,33,2001,41,4554,2981,44046,48,51092,2312,4502,2638,12,58066,4770,3942,24589,89,0,0,0,0,0,0,0,4,7,0,0,0,43,28,46,83,64,1276,670,143,20449,1,184,627,441,9362,91,8527,2144,87,624,10,969,24,3890,38214,28741,89479,1213,484260,698,58490,6884,130097,246,9,69,6,Bot
80,19168,71,24,7306,21889,419,58,238.5,37,919,95,507,56,18249,189,9012,760,11670,65,32451,8062,2140,49371,39,11617,4582,4432,20799,11,1,1,0,0,1,1,1,15,10,0,0,0,38,29,20,87,90,1283,686.5,106,11236,9,394,906,575,8867,30,4051,626,99,1818,32,899,19,2830,52447,61819,90789,4046,121287,784,95486,6999,386875,944,46,52,6,Web Attack - XSS
49972,10,2,0,198,20,1285,59,672,56,557,66,311.5,40,510,93,5989,1929,10780,76,25732,9482,2435,20806,80,15101,138,3628,45852,95,0,0,0,0,0,1,1,4,9,0,0,0,50,57,60,71,64,1497,780.5,133,17689,5,672,296,446,5634,48,6327,8934,5,2767,20,3374,1,2038,43229,21071,42322,6160,348663,400,29310,6080,304147,212,49,58,6,PortScan
80,3831,383,5,41126,522,827,60,443.5,59,831,87,459,37,383259,2010,1681,1815,31118,78,39540,7267,481,47443,30,15465,1603,1801,44011,90,0,0,0,0,0,155,1,1,9,0,0,0,28,30,70,26,64,1225,644.5,188,35344,8,474,936,176,782,47,6489,7801,2,9864,10,1980,7,1182,43024,34618,51197,4304,197879,767,12708,8156,17236,437,10,33,6,DDoS
21,8375,43,94,7647,18985,1139,86,612.5,97,195,49,122,36,15826,57,1246,443,14025,7,90431,6118,1150,14642,77,5124,1183,3957,38712,84,0,0,0,0,1,1,1,36,21,0,0,0,41,52,70,49,49,1359,704,119,14161,4,722,838,897,4258,96,2060,1409,75,4790,48,220,22,463,22970,8476,38767,2992,403648,311,86202,290,84643,272,41,98,6,FTP-Patator
80,3227,940,4,16607,519,589,81,335,63,838,65,451.5,87,183116,830,9154,856,41743,80,73693,4346,3329,22800,53,40273,3860,4165,43277,71,0,0,0,0,0,62,1,1,0,0,0,0,36,58,90,78,75,1014,544.5,145,21025,4,648,688,882,4997,85,1985,7492,63,7404,11,1244,25,3812,27916,33954,63918,6789,252505,940,12217,2015,206308,6,34,75,6,DoS Hulk
57523,30,4,1,166,17,611,98,354.5,40,1389,72,730.5,72,231,99,5007,2355,23967,90,10268,8119,2175,41898,9,25919,6455,3325,17762,67,1,0,0,0,1,1,1,0,7,0,0,0,42,31,38,61,52,1295,673.5,106,11236,8,655,738,283,8281,54,3572,3278,99,6922,3,967,2,1058,26962,50878,58081,3488,475823,492,45969,4017,414109,562,8,61,6,PortScan
278,45833,9,42,2268,1431,305,60,182.5,82,1110,91,600.5,67,5183,66,8835,898,16386,38,81952,4621,1615,37422,70,77786,9321,4628,15758,63,1,1,0,0,1,1,1,1,1,0,0,0,24,28,36,56,42,1331,686.5,157,24649,9,340,464,134,4317,35,6861,8880,65,3114,37,1789,45,604,46322,51403,67554,9145,138828,404,76833,8048,379437,320,45,57,6,BENIGN
50738,216432,17,44,1287,6279,1450,61,755.5,58,269,64,166.5,38,578,13,5059,3047,14954,4,65791,9634,2301,42700,37,72318,9996,3035,17573,31,0,1,0,0,1,0,0,2,6,0,0,0,54,52,71,37,96,1458,777,195,38025,2,820,670,410,2881,31,4511,7075,87,1620,20,1033,37,3506,13552,44581,56329,7681,59095,983,2336,9204,35928,365,20,54,6,Bot
33546,76,4,0,91,80,425,55,240,26,1244,98,671,80,869,146,7169,1529,18239,97,85668,791,3755,19426,72,75619,7829,276,8017,2,1,1,0,0,1,1,0,2,6,0,0,0,57,50,84,5,78,1007,542.5,164,26896,7,524,344,944,5787,57,6054,4864,9,8811,12,4029,9,4088,63446,57763,53724,9402,448605,267,76827,3719,134483,453,27,81,6,PortScan
18922,237560,33,34,8610,5758,560,43,301.5,16,404,82,243,20,4904,43,5026,3559,45405,68,40013,5105,4048,43427,98,21280,6211,1370,3799,75,1,0,0,0,0,0,0,4,6,0,0,0,46,31,51,9,51,1209,630,83,6889,4,585,655,821,4084,92,5608,9084,38,5711,11,1395,46,332,40063,54361,61254,995,35028,801,59811,4174,247283,55,33,66,6,Bot
61968,449687,53,46,9964,4177,369,91,230,72,237,62,149.5,48,2022,5,9463,1109,16567,45,43522,8238,2315,17205,70,35889,7084,2821,14354,76,0,0,0,0,1,0,0,1,8,0,0,0,41,54,92,8,76,1395,735.5,172,29584,0,622,870,727,586,30,2479,4619,3,3490,17,3862,14,2878,20538,25203,38421,7502,200044,454,2788,6178,104624,131,35,55,6,Bot
288,99034,18,20,556,4719,862,54,458,53,1300,64,682,42,3431,73,5671,1287,25677,79,37808,6217,1206,33800,99,70760,1084,2259,24710,50,1,1,0,0,1,1,1,1,3,0,0,0,59,58,32,83,41,1067,554,103,10609,4,338,892,125,1181,76,1705,3750,3,2167,42,2019,25,4628,21075,26875,74797,4852,436594,775,89833,9056,496658,589,13,65,6,BENIGN
80,22925,86,67,40112,43434,1042,53,547.5,58,470,74,272,43,36846,475,9757,269,36859,58,55081,3188,2050,33750,46,98781,5089,4453,18491,45,0,0,0,0,0,1,0,13,9,0,0,0,47,36,22,73,44,1400,722,89,7921,5,394,141,342,5480,62,8940,4992,3,3574,34,499,46,3879,37101,36879,19812,926,75228,294,5881,1906,97987,792,18,85,6,Web Attack - XSS
92,92011,23,45,3356,942,1450,75,762.5,94,365,52,208.5,99,3677,48,6708,4855,14643,86,9889,4261,1984,36713,4,78093,9167,3846,11602,95,0,0,0,0,0,0,0,0,1,0,0,0,23,46,87,15,67,1399,733,151,22801,8,273,144,292,5477,8,4950,9275,85,24,9,2029,3,809,12243,9903,97350,4623,311988,401,61644,3123,441359,639,49,89,6,Infiltration
415,46248,44,6,3216,2849,1333,43,688,72,1491,50,770.5,34,7385,16,5844,3745,17340,24,17568,6807,1076,8328,59,56624,8686,260,44263,4,0,0,0,0,1,1,0,0,8,0,0,0,27,44,43,84,96,1422,759,71,5041,6,646,528,239,354,46,1606,8103,46,2901,30,793,48,1245,33469,19842,12906,8590,480733,639,81123,7779,436729,313,9,65,6,BENIGN
21,22499,74,43,19427,15066,795,44,419.5,89,802,87,444.5,73,3299,136,2917,680,34053,46,82373,4903,4688,10787,18,74257,2955,1993,22206,2,0,1,0,0,1,0,1,33,49,0,0,0,55,45,35,44,79,1127,603,68,4624,2,478,181,617,4988,98,822,8793,76,382,48,1820,39,592,16226,19347,81700,7394,443341,32,45788,4907,69724,228,22,74,6,FTP-Patator
80,4831,848,4,15139,431,955,59,507,88,1073,88,580.5,92,111180,3968,3762,541,48433,60,45838,1249,128,40844,77,51011,7773,4518,31228,34,0,0,0,0,0,190,1,1,8,0,0,0,58,35,63,40,69,1215,642,113,12769,5,625,794,147,537,98,4574,5001,7,8841,35,2102,3,2559,23111,24813,41582,154,135892,658,23313,1609,38623,897,14,62,6,DDoS
80,23882,69,55,38222,45026,210,80,145,98,778,50,414,78,41179,214,3649,3132,49703,73,12212,5282,2387,2258,53,86306,518,1351,7535,82,0,1,0,0,0,1,0,17,6,0,0,0,34,57,42,17,89,1418,753.5,118,13924,2,810,999,747,937,91,6791,4039,35,2849,12,1848,14,2611,58252,38548,33044,7330,235147,28,1010,6367,486210,876,42,63,6,Web Attack - XSS
80,3222,277,8,15659,672,1476,77,776.5,95,1253,77,665,18,162002,3363,3839,2192,39701,37,75030,5421,1676,27715,68,65074,6461,1161,22180,8,0,0,0,0,1,152,0,0,8,0,0,0,33,55,19,93,84,1117,600.5,98,9604,8,548,183,335,9602,72,2403,1617,56,6122,5,4692,26,3797,52510,42787,59763,4033,446627,667,50819,1011,262462,198,21,56,6,DoS Hulk
2625,155635,24,98,1631,6053,1048,58,553,75,513,61,287,40,3674,36,6610,4977,1049,74,98594,5217,2570,45409,68,80471,4765,3728,19310,44,0,1,0,0,0,0,1,3,3,0,0,0,35,49,34,12,79,1179,629,161,25921,1,992,879,432,4450,63,7149,7569,13,2593,32,4013,26,1908,56468,15344,1399,3756,136564,336,90264,1273,312941,357,25,46,6,Bot
52554,77,4,0,66,67,481,84,282.5,35,241,64,152.5,18,298,50,7502,3782,49307,60,12430,4534,2291,23291,21,61822,2791,1297,8827,89,1,0,0,0,0,1,0,4,6,0,0,0,42,38,20,19,46,1033,539.5,186,34596,0,580,238,416,8360,10,1831,6718,2,1825,18,1388,8,1424,49997,38934,66973,2921,101160,902,36107,2993,282626,805,44,54,6,PortScan
80,131,338,7,48286,28,1345,49,697,11,1228,89,658.5,89,165627,540,159,977,43243,79,39952,3024,2098,3352,7,63388,2372,2806,7744,7,1,0,0,0,1,64,1,2,8,0,0,0,31,33,58,86,59,1491,775,180,32400,1,565,261,673,5279,54,8860,3329,17,9493,2,4970,40,1756,18900,47891,8262,6057,88153,500,36622,9589,105124,146,10,58,6,DoS Hulk
55390,46,1,1,59,60,1336,75,705.5,33,1122,89,605.5,43,312,162,1659,1182,22723,43,67430,613,2201,47426,52,62075,1275,4945,3880,49,0,1,0,0,0,1,0,0,4,0,0,0,45,52,9,8,45,1039,542,100,10000,1,382,181,356,5387,96,7237,3196,5,2321,15,589,11,2865,17108,35790,92593,1743,168847,215,42207,4672,284155,260,1,69,6,PortScan
337,33479,9,45,1774,1957,792,59,425.5,23,1350,95,722.5,77,1169,79,1288,4500,31815,72,82417,796,4613,39393,46,16405,9898,3721,6378,70,0,1,0,0,0,0,0,0,8,0,0,0,48,31,31,57,56,1171,613.5,133,17689,2,343,652,898,2762,93,9837,8400,68,9337,1,944,28,2203,24004,43246,65469,1557,165136,300,97441,9278,436094,953,45,63,6,Infiltration
111,9020,9,28,1156,4178,699,45,372,66,289,41,165,32,2551,71,3037,3463,1847,35,67011,7347,3636,33788,76,47729,8862,1067,41866,91,0,1,0,0,0,0,0,0,0,0,0,0,31,21,82,35,41,1295,668,154,23716,9,486,292,903,8077,8,3717,5336,88,9853,29,4573,39,509,28766,34233,22369,2456,202403,717,17331,4233,165251,629,32,95,6,Infiltration
80,18655,26,80,40046,45261,1268,89,678.5,80,378,98,238,33,48748,235,7979,2923,10636,70,86072,1107,641,7960,50,91587,5407,2429,10343,5,1,0,0,0,1,1,0,16,13,0,0,0,58,43,54,73,72,1346,709,171,29241,2,421,979,671,6673,53,2329,7087,55,5590,15,4226,23,1720,22260,55627,66717,9674,346178,480,25728,555,148541,863,18,59,6,Web Attack - XSS
3471,167775,88,46,6266,9470,126,91,108.5,81,279,95,187,61,3320,36,164,1723,6244,93,35821,6775,1941,9357,32,52965,1205,1647,14513,20,1,1,0,0,0,0,0,4,7,0,0,0,38,53,61,84,42,1041,541.5,168,28224,6,281,936,427,4608,34,2369,6646,47,3604,45,2398,16,3564,12948,11441,52193,3635,406762,364,9537,8686,12501,344,15,41,6,Bot
238,71412,36,48,3262,3391,262,63,162.5,38,1059,56,557.5,48,1042,61,1242,402,18590,27,56231,1996,3413,40636,43,29907,5477,1070,7369,58,1,1,0,0,0,1,1,0,0,0,0,0,22,37,18,5,60,1129,594.5,183,33489,5,819,934,437,7301,64,2646,965,31,8424,43,745,22,4579,43328,41758,29064,4587,353543,279,34068,6320,150358,401,21,53,6,BENIGN
416,58377,27,31,2395,2351,1458,68,763,24,1336,73,704.5,64,7831,29,4708,1562,5339,77,63918,3212,761,42304,59,64064,7834,4085,17322,96,1,0,0,0,1,1,0,3,1,0,0,0,36,54,14,70,81,1486,783.5,187,34969,0,811,416,779,9791,0,6566,2967,45,345,26,973,25,1031,8715,19646,65537,1212,340620,223,77750,931,496071,859,40,68,6,Infiltration
21,42724,51,64,4137,12855,408,75,241.5,36,1071,40,555.5,34,7633,45,7648,1433,45246,37,92400,8632,2534,18318,26,34111,2194,3697,46734,30,0,1,0,0,1,0,1,48,18,0,0,0,21,30,74,20,59,1020,539.5,134,17956,2,943,723,495,2949,93,8396,5835,87,1897,44,1436,37,4946,62586,59488,48666,4300,358224,796,34802,477,154259,784,20,66,6,FTP-Patator
21,49451,21,93,10566,3239,589,48,318.5,80,1349,59,704,79,10084,188,5995,3306,8082,95,80840,7190,3656,9946,40,92530,9212,3175,8051,67,1,1,0,0,0,1,1,49,47,0,0,0,36,45,56,23,61,1388,724.5,102,10404,7,750,796,485,3351,45,5952,2653,30,446,9,1945,46,1863,35895,61003,18719,5789,450289,360,26938,8411,261310,551,8,85,6,FTP-Patator
305,36021,10,25,4437,2100,1080,87,583.5,27,789,66,427.5,80,7817,58,8791,4941,23581,93,91610,207,477,26172,66,29092,7375,2957,14202,16,0,1,0,0,1,1,0,2,8,0,0,0,53,32,24,80,61,1157,609,174,30276,0,333,957,590,9646,15,7938,6044,12,108,7,284,14,4934,15736,40102,15500,706,133525,82,84348,1166,351004,837,36,43,6,Infiltration
80,1163,525,3,68231,161,136,56,96,25,524,43,283.5,77,363776,1871,4238,4243,42594,40,8526,6760,446,10502,89,74365,5952,1322,19309,10,1,0,0,0,0,92,0,1,4,0,0,0,26,51,71,5,88,1243,665.5,63,3969,3,544,877,432,6759,2,9870,8035,57,4364,11,670,40,4589,52234,64942,48940,3537,295801,297,69046,328,294229,651,3,92,6,DoS Hulk
21,35858,41,69,10210,11623,326,58,192,51,1365,87,726,82,10545,99,8426,3967,4119,99,76662,7075,3895,33931,35,96867,5247,4535,12748,4,0,0,0,0,0,1,0,28,22,0,0,0,48,54,13,12,81,1310,695.5,130,16900,2,649,478,462,5811,47,8662,8883,96,9133,1,3934,21,3839,10623,23076,7615,8088,481195,343,91211,5992,144132,488,1,65,6,FTP-Patator
229,29958,42,44,3660,2448,784,68,426,99,743,87,415,88,9644,76,6630,1042,35286,82,13802,6398,600,1562,27,44727,2905,3369,14889,17,1,1,0,0,1,0,0,0,3,0,0,0,36,29,50,3,62,1302,682,139,19321,1,208,455,702,8929,84,5272,2772,8,7235,22,811,25,3787,18471,18285,48958,5661,161259,30,84612,4064,20271,397,30,22,6,Infiltration
7138,84,4,1,41,13,433,84,258.5,83,513,73,293,34,241,129,9944,3275,6293,42,85930,6944,3704,47747,82,62723,576,1470,42051,27,0,1,0,0,0,1,1,3,9,0,0,0,27,39,47,39,88,1314,701,53,2809,3,928,117,522,4645,87,6184,8019,8,5091,14,542,15,2044,36180,27826,58382,2598,46269,597,37951,8722,62306,924,48,88,6,PortScan
435,8212,47,44,1916,2021,717,86,401.5,86,1372,73,722.5,60,9620,98,4288,2780,8283,36,55298,4354,3070,28368,36,1093,3419,2898,5913,81,1,0,0,0,0,0,0,4,6,0,0,0,46,25,44,1,97,1083,590,179,32041,2,365,184,571,7918,58,16,8788,87,4790,47,4221,19,3183,57075,13814,11615,1700,317080,289,35796,4272,360509,932,27,79,6,Infiltration
235,73009,35,44,708,2723,1447,73,760,13,1222,72,647,61,2715,52,9438,3395,40639,51,47362,577,1807,43073,55,58270,6639,1450,39860,12,0,1,0,0,0,0,0,2,0,0,0,0,26,58,74,83,99,1480,789.5,138,19044,7,698,874,661,8865,3,5529,7668,18,7670,14,181,7,2434,26507,53446,9887,6047,342387,523,61765,5737,94684,102,11,81,6,Infiltration
32973,294937,71,80,3811,6795,1217,62,639.5,87,645,56,350.5,16,1117,19,602,1528,23113,64,62279,1247,1757,24532,46,18031,2084,1045,40464,26,0,0,0,0,1,1,1,2,7,0,0,0,50,20,89,39,91,1058,574.5,197,38809,8,324,124,129,7892,57,6335,3844,27,9253,8,966,39,803,55516,32216,86915,2986,183033,504,9958,248,67958,506,29,29,6,Bot
255,95433,14,29,623,606,712,60,386,21,892,85,488.5,52,4618,69,1674,161,45786,39,80043,6732,3703,38185,83,48117,4110,2051,38618,76,0,0,0,0,1,1,1,1,3,0,0,0,24,52,81,58,41,1400,720.5,116,13456,2,377,119,222,4785,56,7173,1767,43,2039,33,4774,49,4669,58293,9764,11339,244,141071,181,31652,7262,68905,730,7,70,6,BENIGN
80,4767,602,3,66678,810,1338,44,691,73,106,72,89,33,252971,2374,9984,1561,1803,8,45321,8509,1606,4606,62,80894,8771,1742,41616,53,0,0,0,0,1,175,0,0,2,0,0,0,39,54,40,49,89,1385,737,66,4356,6,129,305,775,9199,68,2125,4208,75,4819,46,1685,40,4335,34452,17167,1594,1336,444071,58,92847,8801,470629,514,37,57,6,DDoS
80,3853,673,8,38292,136,1450,44,747,38,1283,81,682,89,445567,2985,595,612,18097,81,88867,7392,2281,3918,32,7286,7287,1224,49826,43,1,1,0,0,0,130,0,0,8,0,0,0,31,53,5,56,52,1130,591,122,14884,8,969,207,478,8034,63,2016,9356,65,8238,2,1020,28,327,56744,30981,68707,4422,14242,789,71651,7093,164690,823,29,92,6,DDoS
171,53961,27,23,2738,623,1429,74,751.5,90,306,86,196,32,5843,70,6938,1336,21260,11,22595,9765,4492,37890,8,69364,5293,4837,48773,82,0,0,0,0,1,1,1,1,5,0,0,0,52,31,21,31,53,1166,609.5,184,33856,0,486,780,328,8182,79,501,2310,93,5451,18,4928,5,4065,46871,35735,35813,5294,424201,808,11989,5042,234741,819,43,62,6,BENIGN
60766,336038,83,57,4078,5852,307,60,183.5,93,1069,69,569,18,4477,12,3249,1360,39990,39,43280,2948,3740,17401,38,27136,1902,3950,37132,74,1,1,0,0,0,1,1,4,6,0,0,0,32,29,68,92,65,1121,593,85,7225,8,480,893,501,4768,33,6467,8869,56,5146,37,3386,4,866,9713,21829,64421,6663,344159,998,68278,5954,151848,556,18,64,6,Bot
312,85751,39,43,2862,2801,1096,44,570,63,1176,73,624.5,31,7406,62,7457,1524,8650,13,58266,9214,2728,25561,4,66083,6101,353,11601,1,1,0,0,0,1,1,1,2,8,0,0,0,57,26,82,43,79,1386,732.5,163,26569,2,633,422,841,311,83,8443,2208,43,7748,16,782,7,1153,26702,60886,71925,4609,151989,987,55698,1483,412033,110,13,57,6,BENIGN
21,19197,25,40,8210,10404,712,52,382,53,1173,42,607.5,29,18657,20,130,3598,9487,56,54697,1491,2976,43911,36,49237,1335,878,17348,40,1,0,0,0,0,1,0,37,11,0,0,0,38,59,76,79,61,1274,667.5,186,34596,6,313,164,603,5478,29,185,6059,12,2128,17,1313,46,3349,60752,51345,55912,5384,107272,935,73125,1999,452335,857,17,81,6,FTP-Patator
1668,131831,20,98,7799,2306,424,80,252,53,1079,66,572.5,84,1151,44,3568,4880,25915,88,66046,9081,2285,39283,62,73913,399,3389,19263,41,0,0,0,0,1,0,0,0,0,0,0,0,35,24,81,75,71,1236,653.5,170,28900,7,252,571,954,4364,75,7130,4649,53,9972,39,4391,1,148,41647,58642,30212,2733,395251,42,93969,2364,315079,386,47,26,6,Bot
150,98123,16,33,4734,1194,1255,70,662.5,84,451,81,266,78,6904,42,2381,1545,17036,43,79879,3586,4927,48877,98,43222,8451,3933,49000,75,0,0,0,0,1,1,1,3,2,0,0,0,48,27,98,99,83,1267,675,173,29929,1,898,863,962,4444,79,4281,4096,91,9724,14,4523,16,760,10130,8843,8246,7361,482449,92,91509,2248,10469,820,39,32,6,Infiltration
415,57975,7,5,1159,4734,1103,81,592,19,1478,74,776,75,5105,86,9728,3190,47896,17,21652,2929,3146,26629,75,27555,1861,4929,24229,53,1,0,0,0,1,1,1,4,3,0,0,0,28,50,15,99,81,1369,725,162,26244,4,967,250,404,6734,84,7025,3299,18,9669,27,4069,36,3519,55658,24420,32221,1592,71178,698,38485,4069,414237,798,41,32,6,BENIGN
38221,36,2,1,157,36,1413,66,739.5,59,960,43,501.5,62,335,166,7689,2617,18266,17,51726,3835,3883,35602,23,97344,1709,2918,6794,14,0,1,0,0,1,1,1,0,0,0,0,0,27,52,5,7,61,1331,696,164,26896,1,203,178,159,4617,89,6906,2323,68,5097,22,3800,9,202,53871,15077,13648,8021,488404,987,81291,5897,60334,810,29,83,6,PortScan
21,35901,63,21,15005,11489,203,80,141.5,59,1059,86,572.5,37,9333,90,5062,4819,12315,49,67228,7592,340,36682,55,42120,5646,4513,13083,52,0,0,0,0,1,0,0,13,23,0,0,0,23,45,38,29,90,1049,569.5,104,10816,1,370,344,608,1656,40,456,3035,43,4600,27,1080,4,3200,65365,50483,24905,8022,26092,855,64123,8135,240248,307,48,60,6,FTP-Patator
197,27536,37,38,1841,907,1247,76,661.5,57,601,64,332.5,13,8851,42,748,2589,33473,46,10430,822,1650,33289,26,47613,708,119,31523,9,0,0,0,0,1,0,0,0,4,0,0,0,55,44,15,89,76,1030,553,73,5329,4,364,528,788,5136,37,4348,6066,68,5314,3,4430,1,4016,30411,54866,81230,5774,422031,510,63499,6683,16059,241,34,43,6,Infiltration
21,36937,97,77,9588,5199,1216,41,628.5,29,1002,79,540.5,83,19712,168,7549,4530,11194,22,91269,6559,709,24264,52,58880,6830,4547,12656,9,1,0,0,0,1,1,1,38,12,0,0,0,38,21,82,51,77,1062,569.5,180,32400,5,929,723,359,3099,64,798,4180,41,9866,12,2841,23,3775,39633,34521,56694,7289,403985,985,58938,5024,111102,837,25,26,6,FTP-Patator
21,17050,65,76,3082,11561,853,99,476,52,1361,59,710,89,8121,41,3429,1057,5010,98,1836,2412,385,23743,80,66043,5912,832,39551,71,1,0,0,0,1,1,0,28,29,0,0,0,45,23,44,67,62,1430,746,172,29584,3,582,471,890,4968,37,6187,979,7,6221,14,2541,38,4443,31389,61127,38859,1126,349696,676,21733,1173,452000,403,47,35,6,FTP-Patator
32310,319188,65,96,4481,2640,625,94,359.5,37,1091,82,586.5,34,2194,8,1759,787,17015,31,97695,437,3682,16011,5,87130,2494,3152,1217,66,0,0,0,0,1,1,0,2,3,0,0,0,36,59,7,25,64,1473,768.5,74,5476,1,978,656,156,7215,71,265,8552,81,4333,22,823,37,1803,33923,62345,46327,1767,245626,724,67882,1868,297737,745,36,81,6,Bot
494,88,2,1,108,9,756,71,413.5,32,752,66,409,37,883,148,4456,2427,16505,53,95807,5465,1638,9824,43,94698,958,3060,2315,69,1,1,0,0,1,1,1,3,1,0,0,0,33,54,97,32,62,1292,677,83,6889,8,744,819,718,6243,89,5211,4972,20,8546,12,4467,6,2186,20307,44335,76500,5519,316458,715,69662,6987,40648,664,17,59,6,PortScan
103,3065,41,48,3083,3670,941,69,505,74,243,89,166,96,2758,55,5138,212,6096,62,31972,9802,758,3473,56,62908,6059,3545,29531,65,1,0,0,0,1,0,1,0,5,0,0,0,35,57,87,72,67,1066,566.5,164,26896,1,677,605,724,4884,95,1436,9886,24,4751,8,2556,16,3528,50233,48403,40241,1367,100834,18,77398,232,235429,192,19,89,6,Infiltration
54816,23,4,0,114,10,1048,71,559.5,39,1425,84,754.5,88,445,182,5526,1246,34588,35,62131,8388,3028,43412,57,45409,5820,902,7255,30,0,0,0,0,1,1,1,0,5,0,0,0,56,42,38,72,40,1495,767.5,174,30276,2,262,663,284,2713,48,2396,6299,44,1467,35,3208,29,1675,56943,41500,46610,426,264220,516,24648,2873,128491,637,44,94,6,PortScan
127,60152,48,23,2388,3885,1228,67,647.5,40,232,98,165,52,9491,61,3225,4715,17946,96,74004,8378,1738,12266,66,63580,3305,3195,18517,52,0,1,0,0,0,1,1,4,6,0,0,0,20,23,27,86,70,1360,715,125,15625,3,959,449,926,8221,88,9451,3624,45,1299,33,235,27,4342,54009,44050,89887,3859,69858,125,74621,9019,470084,336,5,83,6,BENIGN
80,4466,974,7,57575,971,1108,63,585.5,26,278,75,176.5,43,183236,939,2191,2486,49009,93,76700,438,2499,26534,81,72494,1939,317,22241,51,0,0,0,0,1,123,1,1,4,0,0,0,51,36,13,41,97,1206,651.5,85,7225,8,342,309,794,3638,79,6903,9031,70,1556,27,4101,1,1170,54907,42487,42305,7375,363145,107,36946,3763,89381,58,17,94,6,DoS Hulk
80,48279,40,62,41795,34443,1070,50,560,98,407,81,244,21,12819,216,9072,4329,30873,7,7689,4421,4692,5943,20,39105,7164,3926,46466,69,1,0,0,0,0,0,0,5,8,0,0,0,23,35,55,51,53,1423,738,74,5476,4,780,786,798,8834,97,8999,6475,89,5284,17,1189,4,3810,32476,24205,83168,3080,255922,136,3744,2505,203293,433,47,51,6,Web Attack - XSS
145,10303,29,18,1422,3486,1087,50,568.5,33,1215,72,643.5,93,1460,54,3524,234,36676,52,38823,1283,2878,25041,53,56421,5135,2929,29346,20,1,0,0,0,1,0,1,3,9,0,0,0,26,25,60,74,63,1146,604.5,195,38025,0,755,208,467,380,73,3816,4494,68,2705,4,1777,38,189,53555,9878,21581,8499,376361,192,53963,6933,285221,976,39,70,6,BENIGN
21,10289,84,40,10700,4993,1404,72,738,59,1187,51,619,48,16473,120,8477,3148,47901,41,64920,5319,705,6972,49,11542,5187,4786,11127,85,1,1,0,0,1,1,1,26,15,0,0,0,44,28,49,61,61,1048,554.5,118,13924,3,475,898,369,8233,52,4487,1897,63,2418,21,351,31,1970,13454,54424,4245,807,12735,211,99397,6844,388862,377,32,87,6,FTP-Patator
38485,20,1,1,118,24,1254,85,669.5,81,359,57,208,18,714,119,2502,2175,11088,53,12526,9625,4880,9395,89,65808,9208,433,48735,73,0,0,0,0,1,1,0,4,2,0,0,0,53,53,6,20,72,1338,705,153,23409,7,535,896,218,5265,69,1899,5152,52,7912,37,2690,44,1858,12831,28380,34347,292,16120,380,61544,9499,99379,279,28,34,6,PortScan
233,77455,25,33,972,4613,961,78,519.5,54,802,71,436.5,69,4522,27,3168,4375,46834,95,78301,6289,1804,49305,46,4090,5471,2919,31534,4,1,1,0,0,0,0,0,3,5,0,0,0,22,26,15,31,98,1494,796,98,9604,2,117,631,647,775,36,1766,9894,9,878,49,2471,34,2317,18797,61985,27791,1691,295501,388,65580,4419,165375,429,5,62,6,BENIGN
29964,185648,90,43,1391,1527,1288,47,667.5,89,1233,64,648.5,94,4485,12,3732,854,15255,72,21438,5525,462,41131,86,63409,4173,2451,15994,19,0,1,0,0,1,1,0,4,2,0,0,0,35,39,54,95,52,1320,686,93,8649,7,250,944,364,3857,4,6438,1203,50,9909,29,4347,5,1281,16211,60978,41688,9996,216916,324,34825,6333,250116,263,47,65,6,Bot
80,4530,958,3,88970,49,160,67,113.5,16,403,53,228,96,295053,2201,8269,1615,40387,28,99400,8239,1516,47125,33,15155,867,1767,17943,86,1,0,0,0,1,59,1,4,1,0,0,0,29,22,32,61,58,1034,546,149,22201,1,331,478,449,2124,41,1853,6877,65,3352,15,3512,2,2828,31918,47685,27654,3359,180122,514,87705,9631,316773,168,40,76,6,DDoS
291,64046,32,17,4965,4321,1204,66,635,59,1216,98,657,75,4429,38,1580,1970,23407,76,16060,8145,2563,11413,67,86753,6861,1020,15290,15,0,0,0,0,0,0,1,2,8,0,0,0,22,20,28,68,98,1349,723.5,61,3721,5,334,788,889,6336,31,4188,3901,40,662,14,976,9,1469,31359,41481,9607,6786,420481,379,57024,3764,483725,735,30,84,6,BENIGN
80,2029,201,8,64339,599,1134,68,601,93,521,91,306,72,276884,596,6977,2032,45606,54,9104,8308,3826,9859,13,63690,5977,2116,23502,45,1,0,0,0,1,51,1,3,0,0,0,0,32,25,57,36,68,1155,611.5,132,17424,0,103,986,507,1359,9,7831,5453,49,7831,42,940,49,198,9654,40516,36840,5718,350350,299,8280,2208,491974,170,1,35,6,DoS Hulk
64702,32541,29,71,4112,8040,714,65,389.5,78,1177,94,635.5,65,2399,23,2556,4657,38817,47,40380,3593,4746,3441,21,85599,8928,3915,12555,42,1,0,0,0,0,0,0,3,0,0,0,0,25,32,85,53,87,1368,727.5,172,29584,5,247,736,327,6377,38,5879,7707,60,1542,46,4204,5,4996,37187,61372,94341,7740,220364,195,46084,9378,420569,361,39,65,6,Bot
357,18569,24,7,4646,743,1376,52,714,42,117,58,87.5,65,7120,31,7114,3874,21343,50,74394,798,4219,29600,49,47759,5222,4569,44255,36,0,0,0,0,0,0,0,1,6,0,0,0,23,40,49,78,91,1351,721,190,36100,1,476,486,350,4392,73,8871,3098,9,705,38,3160,35,1739,10104,16114,58410,5781,254583,761,17810,1894,346527,971,27,20,6,BENIGN
146,53554,27,23,3656,4518,552,97,324.5,93,494,52,273,26,2785,59,2564,1316,29965,52,25504,4357,2866,28626,17,69372,7195,641,28055,82,1,1,0,0,0,0,1,0,9,0,0,0,25,44,69,27,91,1474,782.5,127,16129,3,544,620,675,2701,64,8108,6231,0,1930,24,453,23,4479,44866,62241,84110,7576,197994,628,44657,6233,189703,801,35,67,6,BENIGN
80,31340,94,60,48695,14888,381,85,233,19,891,93,492,14,34009,344,9588,1433,44555,56,68249,3097,2244,11725,28,11064,4940,1597,37631,30,1,1,0,0,0,0,1,14,7,0,0,0,21,35,40,58,70,1251,660.5,166,27556,9,108,549,150,588,93,6824,1874,20,9574,49,2142,44,3318,45010,27562,67290,7637,290388,301,18966,7252,149360,869,36,47,6,Web Attack - XSS
33053,76,3,0,42,32,226,79,152.5,72,1100,85,592.5,93,204,60,4837,4156,39080,77,53110,8517,3626,2552,32,4097,3919,3575,19769,63,0,1,0,0,0,1,0,4,9,0,0,0,20,24,93,70,84,1230,657,104,10816,7,331,847,712,9624,75,6587,9129,81,7138,23,603,25,3387,25787,11043,77810,1400,181558,458,78672,7130,158422,219,31,69,6,PortScan
80,3889,272,8,29489,603,1097,59,578,95,559,76,317.5,20,305100,1774,9052,2414,6894,38,71506,858,1813,1974,22,49394,8300,4029,12464,75,1,1,0,0,1,82,0,0,8,0,0,0,59,42,97,49,70,1076,573,155,24025,3,390,619,339,6992,65,3468,3980,2,1158,24,3328,15,684,33902,9585,98096,4254,100382,993,46454,7558,486903,318,20,84,6,DoS Hulk
21,37838,96,99,3843,2306,1462,75,768.5,18,1456,82,769,87,5051,109,8252,1534,33324,11,89871,3260,4087,9876,87,30737,6759,276,1884,58,0,0,0,0,1,0,0,14,22,0,0,0,52,41,87,30,61,1370,715.5,68,4624,4,337,556,779,2187,30,2181,2314,24,5533,36,4169,45,2169,48956,28010,83666,5261,392674,741,91680,7728,68902,802,17,30,6,FTP-Patator
58102,63,1,1,190,32,933,92,512.5,51,1072,89,580.5,96,616,176,3896,1806,37102,63,7816,9571,518,41329,69,74238,8013,1659,19498,98,1,1,0,0,1,1,1,2,2,0,0,0,38,22,34,83,78,1461,769.5,121,14641,1,671,267,675,7948,22,5022,85,88,6559,2,3771,20,2003,34613,13874,62293,4402,182957,402,80320,7736,212263,842,7,20,6,PortScan
80,4222,508,0,94462,32,1484,71,777.5,42,726,52,389,61,370660,725,836,4184,21347,23,49609,6973,3960,2506,64,35416,3618,2176,24840,53,0,0,0,0,1,187,1,1,8,0,0,0,28,44,72,83,83,1042,562.5,157,24649,2,635,560,952,3804,13,884,909,20,3302,15,501,2,4852,16441,29081,36465,5214,266556,210,6101,8123,405929,729,29,68,6,DoS Hulk
80,1868,645,6,84066,316,823,63,443,85,459,52,255.5,60,73242,1730,5103,2764,35360,14,99523,2572,3882,45295,57,38555,8352,2657,1765,35,0,1,0,0,1,109,1,3,3,0,0,0,36,56,36,98,41,1127,584,166,27556,0,703,246,643,4918,67,3095,2093,70,1316,43,675,30,3625,21196,12116,36425,9873,65873,333,8393,4624,27795,318,49,83,6,DoS Hulk
21,47311,65,35,9883,11142,581,73,327,12,297,66,181.5,63,14888,184,7085,2880,2811,99,70063,6450,1989,11918,11,76379,2934,3219,4797,32,0,0,0,0,1,1,0,21,14,0,0,0,33,55,60,81,78,1169,623.5,169,28561,8,453,560,336,2733,88,7398,8010,64,529,17,2275,2,4682,47914,27352,16061,7183,475519,676,55908,3463,54714,676,11,26,6,FTP-Patator
80,3651,835,9,62607,580,938,48,493,66,1487,83,785,93,72694,2394,3956,689,42048,18,17937,9226,2981,10505,5,76716,133,969,8063,65,1,0,0,0,1,176,1,3,2,0,0,0,23,59,77,97,91,1124,607.5,104,10816,9,932,991,219,7592,4,2555,3792,48,6940,17,4052,37,4903,25430,21059,22101,9117,143369,48,64271,5355,388846,137,29,52,6,DDoS
9427,336482,28,74,4150,4763,329,60,194.5,88,1182,96,639,97,1385,24,3245,1500,23533,36,64127,3950,1845,7592,48,63993,8691,2077,48417,18,1,1,0,0,0,1,0,1,9,0,0,0,57,21,43,81,42,1439,740.5,101,10201,4,548,227,442,4231,71,3843,9632,74,4212,43,4210,18,2068,25868,37813,48325,8980,356981,479,6633,9957,98970,573,42,95,6,Bot
81,39899,22,7,3957,630,1321,65,693,60,305,50,177.5,88,1487,60,4465,816,10772,85,97143,4818,1414,19048,46,62450,1243,4370,21131,90,1,1,0,0,0,1,1,3,7,0,0,0,42,34,60,12,79,1417,748,194,37636,6,810,526,697,8042,81,8923,8844,14,856,28,878,41,2849,8323,47709,73989,9980,339092,460,65431,6398,467705,771,47,91,6,Infiltration
80,2963,445,2,43587,63,1365,92,728.5,67,1028,49,538.5,55,480501,705,1469,4205,36764,83,17842,9084,1074,37476,88,64634,3345,4158,48652,45,1,1,0,0,1,177,1,3,7,0,0,0,26,29,41,56,48,1327,687.5,191,36481,9,565,887,340,7081,99,8510,7683,24,1225,43,564,28,3460,22129,40018,5658,7136,456505,146,95567,8415,254489,582,3,38,6,DDoS
144,6585,24,27,3930,3992,501,52,276.5,65,349,66,207.5,77,3096,33,8009,2855,2745,77,83129,5203,2417,1349,25,9612,5697,2019,44521,38,1,0,0,0,1,0,0,4,4,0,0,0,56,22,52,34,62,1064,563,181,32761,8,628,759,180,7367,80,8123,9721,69,3997,4,2551,15,1245,60906,13004,59352,1120,302376,653,65434,1799,405212,344,46,49,6,BENIGN
335,50588,18,43,585,793,740,90,415,52,476,71,273.5,30,1870,68,9366,2847,14857,18,41045,3725,4597,47844,63,47665,5744,2959,10800,45,1,1,0,0,1,0,0,3,5,0,0,0,28,28,86,95,42,1446,744,60,3600,8,615,955,234,3246,86,2738,2334,39,5084,37,2848,47,470,60539,34085,43249,8577,152891,665,11502,7496,437528,838,14,54,6,BENIGN
80,5527,71,60,10395,37248,1177,86,631.5,27,942,64,503,52,5420,333,2110,1459,2157,67,89040,146,3154,40219,15,72241,1849,1882,49670,80,1,0,0,0,0,0,0,6,12,0,0,0,25,50,75,13,46,1499,772.5,163,26569,6,615,479,271,2706,80,7407,1171,66,4646,30,4883,39,2513,12278,37353,67837,6533,483959,530,47438,8850,208747,400,27,71,6,Web Attack - XSS
227,9420,16,27,1117,3590,902,70,486,75,965,44,504.5,50,2086,28,422,1212,6082,54,78673,3588,2950,31622,17,42338,7136,3266,39325,41,0,1,0,0,1,0,1,0,6,0,0,0,25,58,27,96,66,1029,547.5,197,38809,9,795,319,893,7466,71,2795,3395,7,1369,30,3961,47,1236,17235,43612,73258,5119,121883,173,32691,7831,460128,846,39,59,6,Infiltration
106,24985,29,6,4209,4651,451,70,260.5,30,1416,89,752.5,83,7361,59,4585,2368,48215,42,17582,2631,4090,28803,27,46229,928,4615,8521,63,0,0,0,0,0,1,0,4,6,0,0,0,21,20,23,89,79,1294,686.5,157,24649,7,246,189,170,220,87,7841,3543,46,5548,20,652,42,4134,57012,50833,19487,5461,486922,536,25875,5103,486071,96,47,92,6,BENIGN
30901,51,1,1,50,97,494,89,291.5,20,962,50,506,92,171,99,5984,620,7532,94,12806,1126,3589,41652,22,70063,7529,4451,9538,12,0,0,0,0,0,1,0,3,7,0,0,0,39,40,26,3,46,1072,559,151,22801,9,157,812,459,9748,82,4390,2885,24,4229,37,209,3,3804,14907,23618,10994,1396,146327,191,76177,6340,445421,19,16,26,6,PortScan
187,66799,24,31,4076,4799,685,99,392,28,671,98,384.5,87,7552,85,4927,1593,8884,51,24519,7122,4470,45937,22,98133,4758,3601,38790,9,1,1,0,0,1,1,1,0,7,0,0,0,57,45,34,5,95,1209,652,199,39601,1,246,983,573,938,6,5897,2395,48,2232,5,1883,36,615,33966,54713,95965,6878,310330,397,8583,3855,227396,443,6,26,6,Infiltration
80,685,687,4,99796,880,990,47,518.5,70,432,88,260,63,97910,4945,948,3051,5051,89,92828,236,4405,47404,33,70780,1587,1627,47571,90,0,1,0,0,0,149,0,0,2,0,0,0,28,39,95,45,90,1421,755.5,90,8100,1,494,349,481,5616,0,922,5180,0,7971,6,4195,49,4097,50246,24342,87983,850,102925,403,30310,1807,170426,725,42,65,6,DDoS
60154,92,2,1,124,59,344,96,220,64,1173,79,626,87,382,99,1506,614,5743,23,60245,9926,4282,1597,8,86077,5268,1430,43471,61,0,0,0,0,1,1,1,0,3,0,0,0,39,22,24,80,77,1120,598.5,161,25921,4,344,533,941,1260,53,2402,213,90,5056,27,2592,9,608,21113,20551,56906,4336,28773,339,7361,9102,150948,81,1,46,6,PortScan
103,75477,42,9,3053,1945,1168,63,615.5,35,809,52,430.5,28,1120,18,4110,1116,29024,65,16021,7958,4013,5184,53,38820,8052,1055,9346,49,1,1,0,0,1,0,0,1,9,0,0,0,52,48,23,80,41,1171,606,90,8100,1,396,975,628,7202,75,9923,2377,68,3231,18,3017,6,904,43584,18121,81399,5633,363177,503,30711,9801,120426,450,15,49,6,BENIGN
52725,284858,46,28,1202,2870,1316,77,696.5,91,743,77,410,78,884,5,386,4965,18707,78,50463,3545,3081,23794,95,64485,9521,2171,18429,24,0,0,0,0,1,0,0,2,8,0,0,0,57,51,58,3,51,1021,536,144,20736,8,395,731,765,4277,9,2868,1447,65,6597,7,4567,16,2430,56525,21822,46247,2018,142027,579,78613,3428,309491,759,13,67,6,Bot
4969,237163,82,36,5549,1359,652,81,366.5,40,105,86,95.5,14,987,44,5489,1892,7270,82,77179,8297,1291,22514,8,59199,2368,1429,5088,3,0,1,0,0,0,0,1,4,2,0,0,0,36,42,53,32,89,1058,573.5,175,30625,9,878,566,388,2540,21,4914,9720,45,3768,36,2191,5,3904,51165,48119,17021,5980,289438,526,16950,6258,201826,219,3,38,6,Bot
80,17496,34,98,36287,43672,1104,63,583.5,30,865,58,461.5,73,41106,131,8972,4651,16187,26,2958,2631,2078,25771,61,50993,5089,1387,9942,25,0,1,0,0,0,1,1,9,9,0,0,0,41,54,69,36,61,1014,537.5,51,2601,9,270,901,672,2583,5,6494,8163,74,4505,32,3419,42,1101,44737,25117,53139,5507,277493,302,93353,7678,193788,191,18,63,6,Web Attack - XSS
80,96619,32,31,3903,1222,677,98,387.5,64,422,59,240.5,82,8767,84,4875,3586,13561,13,26823,5108,121,36221,6,58938,797,4469,21307,44,1,0,0,0,0,1,1,2,2,0,0,0,25,49,69,35,63,1188,625.5,59,3481,7,618,589,622,93,21,3271,5289,12,197,23,2626,26,1212,49434,55358,86968,6925,499747,727,94627,2904,455773,22,26,89,6,Infiltration
144,48073,31,6,1069,2996,1109,59,584,87,1081,62,571.5,40,4304,26,6344,1377,33845,67,83022,1533,2395,45311,84,44509,4376,1227,18049,77,0,1,0,0,1,0,1,2,8,0,0,0,58,52,69,87,88,1478,783,136,18496,2,957,593,523,8945,96,4973,5587,70,3619,41,4445,42,4176,15401,8430,23973,3487,50385,970,58212,2816,318470,153,30,91,6,BENIGN
80,3272,918,2,53557,609,999,97,548,62,749,92,420.5,64,295318,2205,3815,1440,42194,54,27622,9980,3800,45009,34,79967,8488,4661,38249,43,0,1,0,0,1,127,0,3,5,0,0,0,21,58,8,15,66,1217,641.5,134,17956,7,294,390,701,5433,5,5174,6909,95,2670,16,347,2,2661,11006,37668,32662,400,268752,781,12006,7518,292193,405,32,74,6,DoS Hulk
156,48571,7,47,800,2652,432,62,247,57,1003,64,533.5,91,8170,91,7831,613,29104,10,67040,5137,4339,14441,56,22720,2868,3744,9313,15,0,0,0,0,1,1,1,0,2,0,0,0,34,29,5,80,60,1156,608,143,20449,3,131,386,370,5092,92,8400,7716,54,5747,47,255,6,1289,15103,39969,71032,6184,271972,187,13907,9359,458536,845,33,45,6,Infiltration
21,9209,78,99,7006,6462,848,83,465.5,79,713,94,403.5,44,13249,186,3918,1089,8174,19,62178,2004,1230,28043,54,72602,210,3770,33051,64,1,0,0,0,0,0,1,11,42,0,0,0,39,57,57,41,41,1397,719,127,16129,2,133,287,932,6979,38,6190,7296,46,3080,22,2953,23,1106,13596,57273,62290,4029,70046,477,86421,1831,231118,555,12,90,6,FTP-Patator
21,15634,65,60,3632,6161,864,78,471,39,988,80,534,13,7093,97,1822,264,24210,2,18517,8239,633,12326,42,86998,6157,2337,33402,60,1,0,0,0,1,0,1,21,27,0,0,0,21,45,9,22,53,1443,748,186,34596,7,897,912,425,2719,80,5921,8241,84,6747,14,402,16,4412,47962,16274,98719,6272,282319,666,13625,3487,52355,222,31,86,6,FTP-Patator
48490,43,1,0,102,73,1193,94,643.5,90,1005,75,540,39,639,132,2501,3817,28488,28,86348,6047,2283,2978,90,41233,9294,1350,41833,34,0,1,0,0,0,1,1,0,0,0,0,0,41,49,84,95,92,1095,593.5,160,25600,7,895,268,492,3466,62,690,6814,98,7817,26,1405,41,618,35903,9721,58099,5414,52819,653,30129,3353,168699,878,23,58,6,PortScan
166,53644,39,7,1059,4453,1118,91,604.5,54,331,60,195.5,19,6960,48,898,2987,43048,12,96507,4968,4323,43018,85,7271,9479,3818,41640,35,1,0,0,0,0,0,1,0,3,0,0,0,24,58,53,28,80,1055,567.5,195,38025,0,647,863,208,1994,99,7985,520,3,3618,6,4379,34,3012,55917,15318,29290,6972,476014,117,7611,3876,341807,701,6,49,6,Infiltration
331,81176,41,27,4753,833,829,99,464,70,1475,49,762,86,1725,31,5458,2387,22749,83,17627,8356,4757,24992,73,27958,1942,3672,34134,94,0,1,0,0,0,1,1,4,9,0,0,0,33,54,56,19,43,1351,697,167,27889,3,987,481,331,7557,3,2848,8141,78,3390,5,1046,12,1792,19383,53420,52061,2377,213644,79,2438,2115,49919,547,16,37,6,Infiltration
80,2790,222,7,45040,182,1145,72,608.5,42,1268,57,662.5,73,496819,2749,9717,1177,9597,2,87890,5443,3210,8156,91,14782,4252,666,49605,6,0,0,0,0,0,99,0,4,6,0,0,0,56,56,50,69,93,1128,610.5,73,5329,0,352,576,890,3644,31,7159,670,39,3462,15,514,34,2542,19797,20148,11783,8912,197086,534,50555,4090,117095,563,48,25,6,DDoS
21,42069,65,80,12287,17256,1092,88,590,99,1324,77,700.5,80,8025,97,1352,3331,47010,72,30447,3196,1429,33018,56,68327,1991,2090,34366,33,1,1,0,0,0,1,0,29,44,0,0,0,24,39,65,71,77,1119,598,172,29584,7,738,939,684,6351,63,5075,5917,70,339,33,1207,3,1210,10862,33066,78133,7634,182903,251,55695,9151,106801,891,33,94,6,FTP-Patator
80,526,692,8,71160,948,591,67,329,35,1045,82,563.5,87,285058,533,8881,2877,8718,2,45712,7580,387,35630,89,34607,8493,2484,43028,91,0,0,0,0,0,194,1,1,0,0,0,0,26,25,45,87,62,1284,673,113,12769,6,599,706,724,9658,67,8840,6915,57,2931,44,436,25,1627,57892,36277,75774,8300,22580,257,17363,3865,386147,466,41,56,6,DDoS
361,87283,21,10,3190,2526,864,43,453.5,71,642,73,357.5,58,8013,98,1726,2010,15391,92,98026,508,2569,1517,79,89720,3759,1171,9803,81,1,1,0,0,1,1,0,1,3,0,0,0,34,24,80,25,80,1184,632,120,14400,2,798,324,446,1696,1,524,4820,11,363,6,4120,26,913,13340,52120,89783,2738,79020,244,55318,7682,47288,471,38,50,6,BENIGN
438,3178,45,39,4012,2970,1114,75,594.5,30,670,53,361.5,30,7262,11,2346,2468,16156,33,49687,7924,3750,5299,85,69695,6613,4043,45286,74,1,1,0,0,1,0,0,2,3,0,0,0,54,32,87,32,50,1427,738.5,126,15876,6,258,329,574,6903,21,6834,2569,23,438,10,4858,5,3478,39673,54696,47480,2715,279830,966,22733,9020,92657,198,5,98,6,Infiltration
7007,53,4,1,118,68,184,90,137,91,525,72,298.5,96,749,82,3600,1854,34119,22,71745,5693,3700,6630,82,63700,8319,461,2529,71,0,0,0,0,0,1,0,4,3,0,0,0,53,28,36,70,68,1313,690.5,90,8100,6,873,758,147,4143,25,4308,7507,8,5723,25,425,18,564,43695,27818,93415,7786,462025,716,37847,3794,20663,176,33,69,6,PortScan
80,2357,220,9,13019,253,1410,45,727.5,55,475,82,278.5,73,109854,3936,5572,2487,18556,4,19125,507,4026,28594,93,40748,2300,1119,11647,4,0,1,0,0,1,157,0,0,7,0,0,0,46,54,39,34,59,1171,615,194,37636,9,977,515,624,7680,4,8995,8930,75,4001,42,2995,33,2934,35811,19475,86840,2762,409683,930,1018,8986,108475,582,40,23,6,DoS Hulk
9173,22,4,1,125,55,870,68,469,10,169,71,120,12,668,131,9748,2864,19683,80,53305,7252,724,9222,84,69051,6251,3430,14961,93,0,1,0,0,1,1,0,0,3,0,0,0,33,40,9,67,45,1424,734.5,50,2500,3,708,809,182,237,17,5008,2768,18,5768,4,3672,32,1444,51277,47116,59333,3002,250263,541,2242,9740,41986,122,45,90,6,PortScan
80,1807,299,8,98775,266,114,51,82.5,69,1390,88,739,42,330291,4515,4701,3349,40936,3,96764,7587,809,41846,89,97371,1507,1087,45615,68,0,0,0,0,0,56,0,4,3,0,0,0,51,21,17,98,92,1101,596.5,181,32761,7,559,227,387,7990,49,192,8343,33,4211,32,674,28,4000,41417,19026,43364,8576,258918,957,64095,5196,170742,877,42,25,6,DoS Hulk
80,2396,763,3,54803,472,260,46,153,63,944,40,492,72,197042,611,9196,4381,31731,99,29199,1517,3698,39525,81,57700,3629,608,10479,8,1,1,0,0,1,144,0,2,6,0,0,0,31,43,33,2,66,1343,704.5,140,19600,1,665,135,297,8556,55,8193,4340,59,1022,33,1941,15,3812,15483,32258,59303,1628,116010,684,49823,6856,463495,737,7,49,6,DDoS
80,3698,391,3,26961,709,710,96,403,87,1487,56,771.5,52,457371,4913,9165,764,18481,30,59326,8769,2486,21436,86,8993,724,2210,38293,37,1,1,0,0,1,169,1,1,5,0,0,0,56,24,20,49,65,1436,750.5,196,38416,1,116,533,424,2161,83,1605,5700,69,94,25,2764,20,2231,13207,22420,30646,4105,479295,734,65205,3242,234493,220,7,42,6,DDoS
354,71803,46,37,4352,3132,556,57,306.5,70,1222,41,631.5,92,5672,13,2517,1914,9059,90,97365,3749,4693,34725,55,69587,3697,2518,26029,53,0,1,0,0,1,1,1,3,3,0,0,0,25,37,73,60,71,1152,611.5,115,13225,0,393,280,117,6019,63,6062,2399,81,3230,10,2707,25,442,52234,59241,82679,6560,484930,494,14941,777,89808,224,18,49,6,BENIGN
49963,72,4,0,118,83,437,77,257,89,570,96,333,26,101,116,1412,4296,25865,24,24690,5645,3131,17302,93,57464,8377,917,39953,36,1,1,0,0,0,1,0,4,3,0,0,0,41,30,93,73,55,1175,615,144,20736,2,758,498,278,5249,36,6333,2240,66,2602,43,254,21,2608,41532,29314,13996,3316,40026,778,15233,3711,467108,659,32,73,6,PortScan
21,46709,51,73,14187,14554,344,47,195.5,94,506,91,298.5,62,16482,153,877,1400,14462,9,86205,1635,2786,1181,67,89935,3515,1695,11374,77,1,1,0,0,1,0,1,21,40,0,0,0,45,37,26,96,61,1304,682.5,77,5929,5,866,774,728,8481,92,9231,3107,4,8694,21,1261,42,3152,46244,46556,65159,6927,429478,723,38490,3969,495217,778,18,58,6,FTP-Patator
15363,94,1,0,193,80,924,46,485,98,1216,80,648,77,523,66,4659,2418,18554,71,48228,6129,1908,19996,41,19154,3229,630,6038,13,1,1,0,0,1,1,1,4,8,0,0,0,54,51,14,43,56,1329,692.5,100,10000,3,509,923,541,1832,30,2445,77,94,4073,8,4666,5,2909,45282,38379,48569,6757,270917,704,86660,5573,412853,55,32,75,6,PortScan
80,9248,42,42,24978,5110,776,59,417.5,37,954,47,500.5,66,6532,222,5940,1877,33769,9,79262,4897,4713,14053,39,14783,5885,4170,23991,87,1,0,0,0,0,1,1,5,12,0,0,0,49,47,11,82,51,1277,664,72,5184,9,427,405,553,200,25,6819,8378,49,2881,25,1140,10,4178,43995,35359,30782,2523,76178,40,23452,1071,485351,305,21,36,6,Web Attack - XSS
80,428,579,8,19336,771,994,78,536,32,468,62,265,95,96434,3373,4256,628,7730,24,53840,8060,2067,41020,34,54724,549,3477,8557,75,1,1,0,0,1,105,1,1,0,0,0,0,49,37,24,13,72,1269,670.5,82,6724,9,506,259,642,3268,86,6662,459,56,2780,44,2693,22,1002,27056,28543,62923,583,280644,450,45300,2578,102905,260,3,26,6,DoS Hulk
322,14649,21,16,792,3453,1457,65,761,45,1224,69,646.5,98,5645,33,7725,120,46438,41,97768,740,1300,45980,78,42907,3600,995,9412,49,0,1,0,0,0,1,1,4,9,0,0,0,40,36,10,99,70,1242,656,141,19881,4,220,896,380,1246,60,5421,8219,97,4636,12,2095,30,3670,23847,60968,84614,4104,447576,949,67328,7513,185501,932,45,90,6,Infiltration
34248,48,4,0,71,94,918,74,496,19,927,79,503,51,622,116,1452,4772,8814,10,24997,1278,2607,4267,42,55673,3247,1154,12941,63,0,0,0,0,1,1,0,2,6,0,0,0,52,20,5,73,94,1058,576,127,16129,3,484,322,828,9528,30,416,8173,17,9899,40,1661,26,4484,63459,37136,75544,8326,32461,255,2064,3627,263679,764,43,78,6,PortScan
80,4707,169,6,90624,431,588,79,333.5,37,456,45,250.5,16,386601,4996,2717,2139,44641,29,28542,8612,1187,48309,23,42488,5984,1752,40857,25,1,0,0,0,1,152,0,3,0,0,0,0,31,47,32,46,78,1296,687,99,9801,9,716,194,259,863,1,8780,461,98,1502,5,1675,28,4609,54517,55115,33310,443,320364,562,92458,9751,426676,276,15,27,6,DDoS
80,1385,983,1,98008,76,1350,66,708,52,591,76,333.5,96,198777,1727,7704,3831,7398,33,5051,1674,4961,4982,13,66064,3233,701,19217,40,1,0,0,0,1,165,1,4,7,0,0,0,26,58,75,99,83,1359,721,184,33856,9,845,433,622,7735,94,286,3257,4,3140,45,1666,21,3808,17149,44736,83603,7621,38929,271,22153,1892,429637,519,33,96,6,DDoS
80,5711,21,69,6787,41507,437,71,254,20,1445,79,762,66,38565,498,6190,1030,36493,23,34229,8213,4931,8501,73,11291,6004,845,43359,65,1,0,0,0,0,0,0,15,14,0,0,0,26,58,14,5,77,1350,713.5,80,6400,1,966,226,592,7726,66,2563,3439,63,656,41,3806,5,4167,17268,31057,46836,7860,400987,734,11912,9774,470085,935,11,67,6,Web Attack - XSS
21,35200,65,71,11334,13910,790,86,438,55,1276,94,685,52,7173,171,8541,901,30811,21,83197,1870,2707,11310,89,36875,1652,2041,1072,40,1,0,0,0,1,1,0,12,11,0,0,0,33,23,46,28,61,1391,726,99,9801,8,214,253,521,6483,37,5417,979,55,6772,38,437,26,1485,56575,26585,46486,8445,425981,278,14753,3592,374894,157,25,91,6,FTP-Patator
36519,50,3,0,145,22,1106,73,589.5,12,983,70,526.5,94,636,63,585,4940,41080,72,30948,7746,3810,27281,89,41537,1581,1363,3165,56,1,0,0,0,1,1,0,3,1,0,0,0,49,59,70,69,67,1307,687,69,4761,5,357,454,676,5246,56,4168,121,11,888,33,3882,45,3957,34795,53387,48876,6642,207142,559,80200,9198,374544,25,25,96,6,PortScan
80,3737,420,7,47501,804,459,45,252,95,796,87,441.5,29,385722,2199,5738,2480,24248,89,68318,1948,2856,1401,88,87585,3881,4943,13458,27,1,0,0,0,0,101,1,0,0,0,0,0,47,29,6,50,43,1252,647.5,104,10816,4,515,693,282,9396,27,1305,6162,29,4402,10,1277,15,1058,61699,50373,7616,5160,305565,936,64001,7368,240739,870,2,85,6,DDoS
225,6559,47,37,2499,3605,182,60,121,95,350,72,211,91,2275,71,4299,4145,46359,73,19264,4729,706,39557,3,96166,2911,2080,37074,11,1,0,0,0,0,1,0,3,6,0,0,0,58,45,69,3,74,1152,613,64,4096,9,598,281,892,264,18,8930,1294,43,7721,35,4175,25,2777,49062,37502,63168,6377,130700,504,83527,6182,26636,985,22,23,6,Infiltration
288,99435,20,16,1676,2534,646,67,356.5,11,1405,43,724,63,9214,27,7230,2978,42464,70,59590,9863,1208,42880,41,2622,126,341,37624,50,1,0,0,0,0,0,0,0,2,0,0,0,53,26,26,78,62,1361,711.5,189,35721,7,317,936,855,7235,97,1275,7641,64,2672,20,4199,30,2521,23713,14637,70083,4359,163309,719,78012,7226,297233,338,13,36,6,BENIGN
80,43073,51,28,11340,32611,1127,68,597.5,95,674,52,363,51,12469,255,2180,1340,46240,54,51632,2794,3604,21622,43,19697,1209,4177,39006,83,0,0,0,0,0,1,1,8,8,0,0,0,35,51,45,72,78,1224,651,154,23716,6,874,384,561,813,75,4514,1824,60,7510,7,4413,40,1825,34007,44190,40950,5305,240373,343,15197,508,392709,952,25,46,6,Web Attack - XSS
80,2330,781,8,57947,811,150,65,107.5,44,1166,62,614,19,353696,751,9787,1841,36163,28,73454,4983,1189,37632,8,4172,3490,3336,45864,63,0,0,0,0,0,84,0,2,2,0,0,0,26,37,52,61,52,1376,714,172,29584,7,283,163,742,2295,10,8961,2696,29,2582,2,482,28,3656,37903,28664,63360,8752,483023,315,97745,7104,345060,788,10,32,6,DDoS
307,60119,47,25,4166,4983,365,47,206,82,1245,59,652,80,3380,18,5103,1211,18791,3,73600,4261,484,17997,48,21377,7125,288,20850,14,1,0,0,0,0,1,1,4,2,0,0,0,35,47,3,26,55,1261,658,128,16384,5,846,405,745,8690,79,9258,570,56,3016,13,3869,44,4230,33230,62735,67918,2431,59016,686,96677,2860,69174,747,37,82,6,BENIGN
259,3113,39,12,4787,4731,1079,66,572.5,10,124,65,94.5,85,2334,60,8640,398,30234,28,52183,1018,1086,40066,35,7558,4421,4831,24212,39,1,1,0,0,1,0,0,3,4,0,0,0,35,45,50,94,84,1285,684.5,61,3721,4,243,272,950,7938,80,6280,290,42,2681,25,4253,43,2350,44769,30391,19950,9250,298430,68,74228,7003,338184,711,37,98,6,Infiltration
21,12748,49,26,12329,12598,740,89,414.5,98,110,65,87.5,54,3836,22,2825,3971,11175,80,34013,8706,4324,19545,58,6142,9062,3035,40931,72,1,0,0,0,0,0,1,40,10,0,0,0,53,41,14,15,66,1435,750.5,140,19600,1,610,396,627,8851,45,69,1590,59,8635,23,4681,42,832,45021,52308,44856,6805,197879,595,31700,9896,256797,522,34,60,6,FTP-Patator
414,88251,43,36,4032,3722,1155,79,617,17,181,45,113,78,6338,97,4934,136,13611,34,9181,6193,2383,19733,26,97575,9789,3417,24474,35,1,0,0,0,0,0,1,3,1,0,0,0,41,59,73,61,99,1476,787.5,67,4489,2,446,780,551,2046,78,9287,7133,74,5342,47,697,41,3146,43838,30950,59860,8276,307126,38,59625,5437,318079,886,36,28,6,BENIGN
45004,77,3,1,43,85,287,63,175,24,585,44,314.5,81,872,178,2245,4379,42462,88,10579,5548,3453,14418,98,85443,8303,983,6179,61,1,0,0,0,0,1,0,0,4,0,0,0,45,24,91,86,96,1345,720.5,96,9216,7,415,855,915,8675,24,3797,5171,30,3621,26,3911,43,4609,53505,14662,43397,7699,28736,745,1227,4840,326286,865,10,74,6,PortScan
387,17891,12,48,3316,1984,359,89,224,57,1071,50,560.5,68,1456,38,5706,1806,18674,26,5451,6746,1035,25337,14,43111,3013,4548,3734,74,1,1,0,0,0,0,0,1,3,0,0,0,25,58,83,51,68,1074,571,117,13689,2,777,271,616,196,53,1426,3587,56,4183,28,1654,14,4091,35103,30004,59650,604,459835,310,82595,3571,26503,742,34,77,6,BENIGN
80,26908,84,93,37337,43528,1154,62,608,48,424,48,236,93,48966,333,8418,2748,5562,83,30864,2688,4187,9562,35,8227,2044,442,42821,35,0,1,0,0,1,1,1,8,9,0,0,0,39,54,32,88,84,1405,744.5,111,12321,7,803,992,479,6969,8,328,355,43,8435,45,790,6,2530,43832,34087,42596,233,470027,248,69769,6609,294359,645,33,92,6,Web Attack - XSS
80,784,292,2,81865,744,1443,61,752,75,135,66,100.5,75,277471,1201,8728,886,5245,34,84256,6727,1207,39699,31,15308,2474,2767,11345,30,1,0,0,0,1,58,1,1,7,0,0,0,32,50,2,89,73,1101,587,83,6889,2,291,886,752,9133,7,4897,6043,94,4191,8,3873,22,4527,50976,46190,27625,6058,293195,556,98164,3564,452085,84,28,35,6,DDoS
50448,98068,65,85,9031,9887,530,73,301.5,68,780,97,438.5,66,2613,9,6734,1233,26668,82,93605,3440,3596,39243,63,86791,7457,3145,31788,97,0,1,0,0,0,1,0,4,1,0,0,0,28,21,36,51,75,1260,667.5,61,3721,3,262,830,438,98,9,890,947,98,3031,5,3621,42,4529,15609,8356,33792,3302,110804,853,71032,9858,277740,755,5,41,6,Bot
80,1317,656,7,39719,783,1277,52,664.5,74,486,58,272,30,61078,4018,4786,4148,41662,60,41490,7416,3713,29915,20,73041,3559,4750,16242,7,1,0,0,0,1,158,1,0,0,0,0,0,23,53,20,22,47,1157,602,126,15876,7,430,644,179,9711,7,4889,6348,65,6976,27,3419,41,992,25612,64773,46937,2739,307424,74,11048,6617,217771,66,49,86,6,DoS Hulk
21,16256,28,94,10950,5345,246,62,154,87,1091,66,578.5,33,14094,43,9468,3355,7172,24,14493,3670,3869,1086,65,63047,1484,4567,43571,56,1,0,0,0,1,1,1,15,40,0,0,0,56,34,92,88,91,1316,703.5,90,8100,2,841,999,753,3088,70,5845,9609,52,6344,11,3499,17,3449,46865,49501,51312,3844,253739,974,48596,1097,147635,870,3,80,6,FTP-Patator
80,4640,489,7,82759,473,915,51,483,89,377,90,233.5,52,57771,2392,1441,1561,17812,89,45039,656,4187,27887,44,2679,1300,3905,6550,97,0,0,0,0,0,116,0,4,7,0,0,0,30,48,20,67,65,1226,645.5,197,38809,9,336,506,158,6275,26,4498,5999,17,773,34,3241,45,340,13719,16097,27673,3744,390119,681,41755,3841,496064,759,34,75,6,DDoS
11877,64,1,0,98,33,1328,47,687.5,50,168,80,124,37,532,180,8522,461,4557,44,98529,9318,1862,1168,41,31865,3162,1313,21841,33,0,1,0,0,1,1,0,4,0,0,0,0,21,21,1,63,42,1299,670.5,64,4096,0,635,167,259,4228,20,8273,8397,56,685,21,3622,37,4581,50121,62480,99831,6648,345955,340,82338,6069,413101,60,3,27,6,PortScan
362,11269,28,24,2043,4519,814,75,444.5,17,138,62,100,92,6314,54,7602,3887,24136,36,94790,5784,1737,8465,29,80592,7190,4932,28922,76,1,0,0,0,1,1,1,2,2,0,0,0,46,47,30,17,43,1439,741,133,17689,3,680,916,312,4796,16,4636,5961,54,9489,47,4143,35,4684,19314,26004,75634,3252,68623,870,68492,6294,411687,716,36,48,6,BENIGN
80,641,764,6,40152,850,902,61,481.5,94,1135,85,610,71,450976,1761,9641,1481,21387,58,45500,1316,4228,32373,77,72477,4182,3784,18254,97,1,0,0,0,0,145,1,4,5,0,0,0,57,46,2,48,90,1224,657,116,13456,5,404,783,949,8659,82,763,6892,25,4601,44,4005,22,3965,52170,49683,11482,8866,428746,752,93924,4755,481826,886,46,27,6,DoS Hulk
21,7094,32,51,7668,17022,389,73,231,95,933,81,507,45,13075,75,2963,4905,7425,56,77013,2957,3879,49271,35,93931,4084,2554,1993,86,1,1,0,0,1,0,1,32,18,0,0,0,49,38,65,6,50,1082,566,84,7056,2,735,806,172,3073,78,9757,967,49,3350,28,4459,30,207,44634,10442,14201,3755,476478,334,28249,1766,30015,376,22,29,6,FTP-Patator
172,97977,19,35,2694,563,1354,99,726.5,30,1090,59,574.5,82,4340,56,2215,4506,22093,62,4900,2790,3135,10459,50,28389,6389,3774,47228,78,0,1,0,0,1,1,0,2,8,0,0,0,41,44,3,60,64,1213,638.5,155,24025,0,148,203,975,6806,2,50,9192,21,2913,24,3793,21,2972,41141,34761,55929,9976,93081,62,46527,710,245651,37,2,79,6,BENIGN
176,70328,48,14,4128,4466,386,43,214.5,15,673,55,364,68,3953,42,5980,358,25083,98,56586,9434,4784,21246,93,94289,7035,3374,37874,15,1,1,0,0,0,0,1,2,3,0,0,0,55,33,9,28,75,1362,718.5,59,3481,1,241,814,783,2299,15,4095,7134,38,9220,11,986,27,1843,47058,44781,75223,8956,141462,993,6609,8549,385696,33,25,31,6,BENIGN
35427,128844,12,11,7580,5675,761,55,408,62,1066,67,566.5,16,1054,22,1092,4710,49650,6,76909,1010,240,12340,25,52071,4484,4369,41794,45,0,0,0,0,1,1,1,2,0,0,0,0,40,53,82,75,80,1265,672.5,71,5041,6,878,514,832,3011,98,147,7323,70,2045,15,3966,44,1473,65531,60376,84315,9118,231066,662,38137,3088,495528,510,28,88,6,Bot
80,478,366,5,14244,228,722,75,398.5,10,1166,44,605,53,344172,4947,4944,875,41339,32,19459,4469,1571,17481,84,8638,6233,1255,12730,29,1,0,0,0,1,132,1,3,7,0,0,0,46,48,77,94,87,1301,694,73,5329,4,704,626,170,2819,91,8715,1348,23,2967,31,4135,48,451,14093,33986,46820,7981,35104,312,48437,7435,233209,448,21,99,6,DoS Hulk
178,57404,12,9,2948,2525,334,51,192.5,30,451,40,245.5,59,8164,33,8466,1043,42354,62,33481,5209,1519,25532,18,26247,5072,2542,12226,22,0,1,0,0,1,1,1,2,1,0,0,0,42,27,32,64,81,1034,557.5,137,18769,2,784,801,768,9114,99,6315,7275,24,5095,33,2452,40,4241,51716,20603,5864,7893,36305,364,74830,7730,203835,910,30,23,6,BENIGN
57973,60,2,1,135,2,584,47,315.5,91,120,53,86.5,11,730,107,188,1799,20757,4,86719,7794,368,2227,26,2390,5077,4080,28333,8,1,0,0,0,0,1,1,0,2,0,0,0,46,33,73,31,90,1037,563.5,158,24964,1,530,265,565,5784,34,8371,1162,35,8596,29,786,22,1202,51996,51522,48087,1769,424528,553,83148,5416,498295,650,5,36,6,PortScan
34626,470621,94,70,4580,4813,565,58,311.5,91,1306,80,693,30,2131,21,1793,3280,32689,52,8960,2254,1906,10905,53,31923,3551,2909,38268,85,1,1,0,0,1,1,1,0,7,0,0,0,48,35,89,87,56,1069,562.5,107,11449,6,738,392,651,5986,22,7324,8453,81,29,45,816,30,3041,15044,13472,19260,9722,272418,873,9936,3255,213034,626,16,85,6,Bot
80,2477,570,3,57043,409,1122,76,599,28,519,76,297.5,56,141120,4827,6233,131,10717,27,55366,7765,2862,11750,19,87229,9665,795,33795,65,0,0,0,0,0,74,0,0,2,0,0,0,47,42,92,89,60,1203,631.5,57,3249,5,713,448,610,2169,11,8628,5029,78,431,36,3711,8,4827,27984,59683,36649,4977,122126,148,29692,2731,174499,521,28,41,6,DoS Hulk
236,91231,7,24,1149,1136,1086,58,572,81,381,90,235.5,25,3062,98,9040,2021,6976,23,41139,3418,4753,29611,55,4834,6179,3837,46409,49,1,0,0,0,1,1,1,0,9,0,0,0,29,53,23,83,57,1409,733,58,3364,2,500,817,312,1913,37,3273,2822,82,125,33,4842,22,3163,28047,38581,1244,8230,340421,971,10740,8496,187925,23,41,50,6,BENIGN
82,67083,38,29,2176,3407,297,82,189.5,85,759,48,403.5,17,3917,37,3527,4748,43765,21,1694,8116,908,29702,53,96461,132,3462,41199,5,1,1,0,0,0,0,0,1,1,0,0,0,29,47,10,82,62,1354,708,167,27889,8,683,967,487,6494,17,574,9132,60,452,2,2735,41,421,11110,32977,79649,9566,149929,230,86201,4278,76358,791,27,74,6,BENIGN
80,3786,326,9,53816,937,1487,88,787.5,89,674,65,369.5,59,259405,4325,7901,2753,15477,30,30193,9633,1817,38967,85,14640,7100,4503,42539,34,0,0,0,0,1,163,1,4,2,0,0,0,57,25,44,65,74,1374,724,109,11881,6,509,530,647,8533,6,8363,709,29,2448,29,4644,35,781,48744,41261,62363,5585,377756,594,48536,9777,203889,848,39,23,6,DoS Hulk
15715,72074,35,53,6501,6040,1092,78,585,43,822,41,431.5,99,4008,13,8062,4875,25517,22,59267,8701,4089,23027,33,27090,4423,144,22664,91,0,1,0,0,1,0,1,0,8,0,0,0,49,22,20,49,71,1235,653,195,38025,1,195,570,521,7844,28,1,8441,90,8755,22,1762,11,771,20090,65237,57709,9665,263124,778,63790,7804,401807,17,3,68,6,Bot
56932,97,3,0,172,9,1135,69,602,60,1436,51,743.5,52,816,95,7471,3374,10037,45,19046,1782,767,19778,27,77216,5422,4003,15533,66,1,1,0,0,1,1,1,2,9,0,0,0,54,28,35,19,74,1268,671,82,6724,4,918,697,313,9490,80,8128,1556,72,1495,27,4726,18,2282,50116,46517,59381,5621,130715,131,73512,5909,144401,681,15,44,6,PortScan
25276,184963,98,69,2050,3033,1291,95,693,28,983,40,511.5,36,3170,25,941,966,4788,96,66983,9010,3276,16051,17,32516,2109,1194,26468,21,0,0,0,0,0,0,0,3,8,0,0,0,22,45,75,92,53,1174,613.5,139,19321,7,152,883,796,1575,45,6957,8520,64,7134,32,4449,45,3691,45701,14431,73257,5482,330241,96,85237,780,102089,662,23,91,6,Bot
80,1100,816,6,51009,683,871,97,484,91,1052,81,566.5,54,191894,1879,2156,4028,29705,9,47186,2715,3773,16061,47,44061,172,3923,42710,96,1,0,0,0,0,168,0,1,2,0,0,0,32,33,41,73,81,1288,684.5,160,25600,4,498,901,149,9786,14,5868,9193,83,4330,15,225,8,2731,50798,43694,72815,3422,345938,542,46655,8979,172051,225,22,92,6,DDoS
197,68055,42,26,645,1086,539,53,296,72,964,60,512,90,9834,65,2043,4909,49702,72,19346,2911,468,34283,25,45043,6332,900,48731,9,0,0,0,0,1,1,0,3,4,0,0,0,56,57,63,43,75,1113,594,180,32400,1,302,426,877,2982,9,4666,2826,14,1170,39,2993,46,2248,50978,23694,61855,4348,111317,569,4528,6474,221059,385,42,89,6,BENIGN
376,79464,28,10,3485,675,571,78,324.5,38,325,41,183,37,3177,58,1971,3620,22241,25,59082,4349,4695,28840,57,76623,4889,1644,42399,80,1,1,0,0,0,1,1,3,2,0,0,0,56,36,12,30,95,1023,559,50,2500,1,203,777,318,7218,80,6270,6204,56,758,4,2414,22,2272,61772,54712,89962,1140,490288,996,16204,2566,119298,765,32,47,6,BENIGN
80,4031,385,0,54429,691,1309,45,677,56,1240,44,642,10,55136,4412,9622,2564,1980,35,65892,3798,3075,9969,99,64203,3646,4051,16437,54,1,0,0,0,0,110,1,4,8,0,0,0,55,59,25,73,52,1383,717.5,137,18769,6,275,274,852,739,63,4788,7925,58,5296,20,4524,10,836,62268,10887,92674,2625,243642,151,18626,6230,168699,368,7,90,6,DoS Hulk
1389,90,4,1,114,23,937,90,513.5,15,1433,57,745,48,509,141,266,2916,26107,87,59805,1970,4695,8368,29,70804,6431,3326,33813,33,0,1,0,0,0,1,1,3,0,0,0,0,33,52,2,86,87,1317,702,197,38809,7,510,329,426,1374,68,2767,5315,73,6620,40,4695,23,4031,57276,21852,61700,3926,351342,86,9240,7469,269957,897,41,65,6,PortScan
21,46048,52,53,13199,18059,238,52,145,45,1414,93,753.5,43,14629,55,5160,4180,6828,4,56949,8956,4969,35485,95,60618,3920,4833,31663,63,1,1,0,0,0,0,0,44,28,0,0,0,28,47,90,1,97,1324,710.5,167,27889,5,256,709,392,1225,37,9182,8136,72,5761,33,2492,4,2361,46284,55256,44497,6201,94033,20,91925,7056,240226,20,25,78,6,FTP-Patator
411,19975,48,13,4887,2182,1343,49,696,96,634,54,344,41,9480,90,4835,3841,13512,97,85607,8894,2545,19961,80,68104,5512,1618,17299,91,0,1,0,0,0,1,1,1,4,0,0,0,33,34,5,74,85,1238,661.5,184,33856,0,393,732,981,7276,9,776,6085,84,4087,14,4437,9,4504,23776,30692,47042,7242,172723,37,61834,5311,201724,299,32,73,6,BENIGN
80,4072,901,5,45249,399,993,96,544.5,90,162,48,105,87,347684,1091,7142,964,29838,74,11379,718,367,3214,5,32313,201,3984,20589,27,1,1,0,0,1,115,0,4,2,0,0,0,30,50,98,99,80,1474,777,121,14641,2,616,302,751,8985,97,5338,6075,39,6256,32,1835,17,3163,19856,34864,91085,9765,211992,184,70697,7678,425231,224,19,68,6,DoS Hulk
80,751,575,4,68565,417,1184,43,613.5,81,1308,81,694.5,58,354878,3452,2980,4360,23535,87,76577,6220,1527,35799,66,43686,5344,1851,35034,78,0,1,0,0,1,117,1,3,8,0,0,0,50,59,26,12,52,1137,594.5,98,9604,9,217,351,689,4300,54,7253,1538,48,8073,19,107,29,2101,24160,48486,18322,1196,218883,970,55885,4284,432647,16,6,24,6,DoS Hulk
15058,447515,22,30,8729,1422,500,70,285,15,1241,46,643.5,86,2877,40,3567,2923,42973,79,24859,9937,1913,28583,85,47324,7056,4819,43508,46,0,0,0,0,0,1,0,4,9,0,0,0,20,26,42,20,78,1045,561.5,174,30276,1,697,287,170,37,96,5927,2751,69,3652,31,4848,37,3371,19201,64882,40586,8444,192017,352,8564,6580,29124,670,26,91,6,Bot
26278,18,4,0,175,73,127,85,106,81,1106,68,587,62,301,79,5585,290,37608,68,11704,7916,2665,25423,56,50684,6501,4919,15583,3,1,1,0,0,0,1,0,0,0,0,0,0,56,53,55,82,84,1026,555,64,4096,9,955,983,809,7868,67,9794,8019,75,3820,4,1353,25,4281,13141,21587,41811,9779,343627,483,87853,6006,158705,986,10,79,6,PortScan
238,81196,37,38,1312,2472,721,96,408.5,71,683,85,384,43,4517,52,6207,458,19854,49,56802,6265,281,37485,80,45979,5714,1926,16553,64,1,1,0,0,1,0,0,3,9,0,0,0,59,29,16,85,59,1372,715.5,123,15129,1,176,319,705,1228,54,8092,2732,48,2319,33,3888,12,1927,8329,34271,22939,2877,463124,302,85686,6953,11657,268,9,84,6,Infiltration
375,76601,16,30,4067,4072,987,71,529,12,156,89,122.5,26,2158,94,2376,2803,33783,88,68446,3218,2194,3685,77,29254,6157,3632,42363,56,0,0,0,0,1,1,1,4,3,0,0,0,29,22,43,43,72,1346,709,187,34969,9,918,539,182,4746,38,6791,1765,12,9732,9,2941,6,3737,33981,41289,28271,390,425571,48,59210,7611,494059,976,48,25,6,BENIGN
41672,32,4,1,58,3,1033,86,559.5,55,1281,92,686.5,38,640,65,7319,609,23221,47,40880,4361,662,24331,54,98628,8400,2345,11254,5,1,1,0,0,0,1,1,1,7,0,0,0,32,38,19,86,42,1307,674.5,132,17424,3,470,403,841,9309,47,8480,4496,3,7937,24,2496,13,2989,63784,10159,67145,7768,15240,870,52578,7768,201176,816,14,65,6,PortScan
80,46646,62,69,24915,38772,203,56,129.5,80,464,76,270,70,27814,207,8913,2856,22273,37,59177,3637,491,39711,65,82408,559,2976,10407,79,1,0,0,0,0,0,0,8,14,0,0,0,44,22,33,64,46,1038,542,85,7225,1,171,359,870,3094,92,3660,7716,98,5259,21,2485,15,3141,40861,32373,47604,5542,11424,178,85304,7944,19184,620,35,93,6,Web Attack - XSS
80,391,695,9,37753,806,520,74,297,29,357,75,216,60,104272,2293,839,405,12151,50,83863,7146,4684,20087,77,94945,7597,4872,18855,71,0,1,0,0,1,133,0,2,3,0,0,0,38,50,19,54,53,1267,660,78,6084,7,708,541,407,9860,89,2218,1445,61,5861,10,4170,21,3017,44614,63140,30542,8931,106778,519,86035,6731,447619,43,28,86,6,DoS Hulk
80,47004,54,81,39637,13212,210,70,140,51,576,60,318,70,38868,467,8191,4120,22957,15,99220,1622,795,27330,6,8988,2551,2602,42070,50,0,1,0,0,0,0,0,13,16,0,0,0,40,56,90,71,44,1307,675.5,107,11449,0,332,125,161,2896,62,2741,9872,60,5852,4,4989,18,1667,13940,22826,29251,7347,349202,356,79895,9531,372457,689,46,39,6,Web Attack - XSS
21,21548,90,32,18771,10388,657,55,356,65,590,95,342.5,12,2074,64,4670,472,17083,21,77794,572,2725,11504,74,43417,1677,1217,2933,27,1,1,0,0,1,1,0,16,30,0,0,0,47,34,3,28,60,1273,666.5,181,32761,2,392,528,678,6848,68,791,5702,66,9844,28,471,46,4668,43592,40754,42691,7121,481275,806,83356,6685,214040,503,16,82,6,FTP-Patator
271,9959,48,48,2987,3892,521,46,283.5,68,251,95,173,66,8809,17,5902,447,25138,81,23361,5224,4838,45527,48,19325,7307,3111,3679,49,1,0,0,0,0,0,1,3,8,0,0,0,44,33,83,86,62,1398,730,126,15876,6,429,264,884,1125,66,6356,2230,47,1031,12,3696,6,1589,35853,31210,11361,7408,300840,538,9669,6213,311611,783,12,95,6,BENIGN
80,44216,76,49,21732,47416,382,53,217.5,68,386,98,242,35,49732,273,5698,1353,3675,63,18259,9638,1375,37397,50,38508,3950,778,28156,86,0,1,0,0,1,0,0,16,5,0,0,0,50,26,25,84,68,1019,543.5,54,2916,9,690,409,265,2435,44,9484,3654,27,7469,4,3280,31,1492,58488,34515,18650,9976,266976,600,62546,111,465995,992,28,88,6,Web Attack - XSS
80,1987,759,0,90538,464,825,56,440.5,98,531,99,315,53,390325,1846,5198,2209,2661,34,26054,2582,1507,20011,50,6869,1318,1299,1020,47,1,1,0,0,1,160,0,1,9,0,0,0,39,32,58,72,60,1247,653.5,117,13689,7,968,651,812,5366,17,6937,8138,33,6728,45,4675,3,1402,13362,50830,29282,5969,73099,761,92717,9972,125109,955,38,37,6,DDoS
80,485,601,4,14562,825,1128,63,595.5,75,121,85,103,42,119468,1351,6888,286,31144,56,63274,9554,1653,21504,87,55364,1285,3783,21378,8,0,0,0,0,0,80,0,1,0,0,0,0,20,35,45,94,61,1448,754.5,196,38416,7,808,145,283,4095,80,5825,179,2,4404,27,1092,9,700,18276,64819,26056,1757,116195,352,49392,6636,347107,924,46,25,6,DoS Hulk
80,4155,435,2,45750,428,510,93,301.5,12,302,51,176.5,71,57179,4627,6302,1561,20097,52,53342,254,1745,4080,47,83547,6873,2170,35274,17,0,1,0,0,1,137,0,2,2,0,0,0,27,52,19,27,81,1201,641,137,18769,3,118,450,981,2593,90,136,4870,44,2205,8,1044,41,847,31701,46647,92747,9653,37644,653,81286,7671,454366,465,35,20,6,DDoS
40655,10,4,1,79,67,1158,71,614.5,89,1121,60,590.5,93,542,140,2175,3158,4567,72,55448,2608,3000,13859,10,95819,285,2679,32001,64,0,0,0,0,1,1,1,4,9,0,0,0,54,50,15,66,73,1400,736.5,156,24336,8,492,686,965,7855,22,4024,7696,99,8647,30,2414,14,3180,63740,46486,57824,3901,292580,4,3820,7421,378546,660,12,32,6,PortScan
199,85236,42,17,1543,2073,105,80,92.5,27,364,50,207,30,5918,32,7073,2097,45669,21,49218,4413,3198,18776,44,9248,122,4516,26911,45,1,0,0,0,0,1,1,4,0,0,0,0,34,33,21,47,83,1095,589,74,5476,8,500,323,237,5202,31,6797,9082,85,2910,25,4037,39,4293,26383,36999,37492,470,495157,975,31346,9659,211576,739,13,46,6,Infiltration
80,3803,751,5,23356,589,286,92,189,98,1057,52,554.5,26,139394,1021,1471,1485,37327,47,21519,1976,2497,29615,4,20708,3470,2508,39097,6,1,1,0,0,0,150,1,1,5,0,0,0,55,50,46,27,58,1464,761,102,10404,4,831,297,624,1491,6,2148,1480,96,38,34,1407,40,4207,42284,47892,81211,7366,123742,500,69061,1801,347671,309,40,27,6,DDoS
9238,97,2,1,44,52,740,51,395.5,95,893,81,487,86,166,153,1345,332,44768,15,46043,603,3261,8414,36,59864,4412,3164,46606,42,0,1,0,0,0,1,0,2,3,0,0,0,54,21,55,66,92,1165,628.5,112,12544,1,182,573,411,7857,73,4084,4819,60,6036,21,106,18,2495,23180,61001,66629,6798,21471,268,50084,8251,492849,28,30,91,6,PortScan
47219,67,1,1,160,18,314,96,205,43,366,58,212,23,490,90,5994,3540,18678,52,7179,8890,2999,7515,41,19440,2895,3964,42656,75,1,0,0,0,1,1,0,3,5,0,0,0,26,39,28,24,65,1213,639,97,9409,5,372,662,399,8448,16,6259,7008,12,1203,3,740,16,112,8797,43717,42467,9743,94697,475,13753,5143,377779,359,24,51,6,PortScan
21,16789,91,20,7260,4560,866,43,454.5,50,456,90,273,25,4728,105,1243,2951,46003,76,45675,5812,598,21872,45,59919,1052,1344,16175,48,1,1,0,0,0,1,0,43,39,0,0,0,49,27,46,22,57,1147,602,90,8100,1,291,314,549,3183,92,7365,7872,72,6083,4,3495,2,4174,31601,47227,51095,3707,121284,324,16870,4702,283990,697,3,91,6,FTP-Patator
21,28905,87,45,14575,17172,198,44,121,72,1397,44,720.5,95,11351,92,620,3887,47050,76,17928,4265,3805,19017,80,38111,8383,4616,35782,41,0,0,0,0,1,1,0,18,29,0,0,0,55,51,76,71,73,1402,737.5,187,34969,6,726,535,861,1775,64,6813,6855,29,9221,33,4239,5,275,41082,17541,67991,3688,269877,25,77726,4779,262985,324,1,67,6,FTP-Patator
80,2959,575,7,16360,69,1270,80,675,85,1125,46,585.5,27,444157,3701,2815,4487,46122,2,33633,4480,3579,29411,95,87800,1116,195,21196,78,0,0,0,0,1,198,0,0,1,0,0,0,53,48,29,70,74,1183,628.5,73,5329,4,507,800,102,4033,64,6122,141,76,192,48,4268,9,1645,43178,14620,45733,4580,439722,564,51835,137,293520,862,48,23,6,DDoS
80,34772,84,72,41830,46861,336,83,209.5,33,267,69,168,63,45962,163,9402,3897,21757,42,73895,3599,965,34310,86,64118,9180,2527,14453,50,0,1,0,0,0,0,1,17,6,0,0,0,55,33,19,65,70,1117,593.5,176,30976,9,268,760,835,9523,71,1940,3669,76,4294,43,4913,49,4922,49610,44928,84994,1966,245298,255,51745,1588,419805,181,1,53,6,Web Attack - XSS
80,2401,118,1,82869,916,819,57,438,80,462,69,265.5,38,243560,3985,7575,2993,34082,58,98145,143,3213,27334,74,84164,1782,4670,11078,83,1,0,0,0,1,190,0,4,1,0,0,0,48,47,10,70,47,1300,673.5,57,3249,2,165,746,513,2342,40,4063,781,90,6870,29,4695,17,4562,23690,47426,63078,2812,78977,585,14848,9329,148067,320,32,98,6,DoS Hulk
37687,63,3,1,48,26,894,41,467.5,14,1293,67,680,51,308,138,9339,3954,9727,77,7260,2583,990,24005,85,7488,5276,2036,36757,92,0,0,0,0,1,1,1,2,8,0,0,0,32,59,30,23,51,1327,689,188,35344,5,609,988,624,538,40,3916,9295,36,2036,39,1627,36,3738,35898,54502,12596,7229,455413,99,39937,1372,356003,571,26,89,6,PortScan
21,43665,40,27,13654,7079,812,91,451.5,52,1144,89,616.5,25,5799,141,8601,4395,36499,70,19177,9062,3650,47606,77,37496,3923,1981,41470,27,1,0,0,0,1,0,0,49,27,0,0,0,25,32,6,29,50,1499,774.5,88,7744,8,315,226,125,3175,19,5151,2254,46,7344,18,3291,5,3634,43727,35374,76880,2538,273648,750,14322,3080,168190,279,44,86,6,FTP-Patator
25797,494590,45,54,5336,1384,494,46,270,68,1021,73,547,93,509,38,4658,2565,6137,84,70865,7820,2025,25034,35,79412,9173,1457,3245,89,1,0,0,0,0,1,1,2,8,0,0,0,26,40,36,63,81,1394,737.5,148,21904,9,397,876,594,8192,28,2767,1610,54,7450,4,3286,32,3851,8735,64923,48676,1994,70969,38,5223,8945,325534,598,29,36,6,Bot
33483,123643,95,63,7421,3395,1342,50,696,13,798,79,438.5,65,3356,17,2953,4846,45352,76,6215,6183,1487,9390,58,78081,3373,1196,32749,42,0,0,0,0,0,1,1,1,0,0,0,0,48,23,94,5,90,1006,548,75,5625,6,728,581,829,8847,31,5699,7167,21,4066,36,4587,10,1983,61582,13461,1611,3872,214231,406,15089,3385,327049,167,14,59,6,Bot
21,30493,96,34,2830,9467,228,67,147.5,63,1170,73,621.5,28,2610,67,1720,3928,38961,40,70134,3643,793,22035,9,71348,5918,1195,15753,45,1,1,0,0,0,1,1,29,34,0,0,0,22,25,12,85,70,1340,705,104,10816,9,618,441,521,4558,35,7202,9620,69,8577,21,2861,21,4413,26186,21923,9553,4874,28528,687,43067,5283,56461,336,41,84,6,FTP-Patator
420,35032,33,13,3795,1515,1239,65,652,22,1264,43,653.5,11,3556,12,6464,3406,8391,85,38019,7873,233,32622,39,68520,4258,3775,44913,51,1,1,0,0,1,1,0,1,5,0,0,0,26,37,5,25,43,1309,676,136,18496,3,249,588,724,7913,86,515,8029,99,5417,45,3579,44,4706,23778,49942,83160,9689,167290,875,89398,3008,476357,955,38,98,6,Infiltration
80,36947,30,68,43262,40263,705,75,390,17,517,82,299.5,34,36946,437,2568,3737,5575,49,81108,5442,1469,47033,61,18547,3836,2341,49790,46,1,1,0,0,0,1,0,19,8,0,0,0,32,24,11,18,95,1452,773.5,172,29584,8,227,701,680,495,12,3734,5319,43,7856,14,1193,27,3134,21320,20033,53710,4254,134857,965,45964,2920,27951,673,20,40,6,Web Attack - XSS
238,69197,12,38,2788,4218,1371,62,716.5,30,263,74,168.5,55,9103,23,6533,4270,34690,38,61244,4341,3852,40054,26,88033,6187,593,6436,10,0,0,0,0,1,0,1,1,6,0,0,0,49,59,80,70,40,1312,676,134,17956,7,649,985,609,7764,21,7726,2517,34,4896,13,4022,38,933,38765,44353,87553,2288,497880,213,16393,6428,222988,287,7,52,6,Infiltration
43333,261919,50,78,6559,8328,884,46,465,20,1211,77,644,41,2031,47,4610,1786,7432,51,57832,3749,2525,48335,84,42954,1365,3301,13237,80,1,0,0,0,1,0,0,2,2,0,0,0,45,37,19,67,74,1446,760,142,20164,5,637,600,677,6693,31,674,7744,24,3021,40,2884,48,1067,37047,18346,95308,5448,209328,239,90429,6929,340927,29,32,97,6,Bot
19740,74,3,1,138,55,760,69,414.5,13,781,62,421.5,72,706,57,8680,4833,8736,4,70794,7563,2690,24630,14,77219,5919,2003,47423,40,1,1,0,0,1,1,1,2,0,0,0,0,47,20,14,41,69,1348,708.5,72,5184,7,943,264,972,770,29,5122,2402,82,6146,25,3692,40,1753,61529,56830,99963,4333,77341,502,77472,2457,296900,766,2,33,6,PortScan
230,24915,17,34,2839,1741,953,68,510.5,85,127,43,85,60,8692,62,6527,908,47290,39,37840,3902,4538,28602,86,63456,3748,3086,8535,40,0,1,0,0,0,0,1,2,8,0,0,0,34,53,48,58,41,1010,525.5,88,7744,1,523,750,334,656,49,1737,5873,11,1810,38,2217,47,3921,47545,23841,57084,5175,232991,361,6011,8530,196615,657,15,92,6,Infiltration
156,32536,25,35,4380,4713,1095,45,570,33,828,73,450.5,90,7013,43,4262,4368,44091,82,29045,1636,1907,36115,37,33993,7462,4749,33657,35,1,0,0,0,0,0,0,2,0,0,0,0,57,31,41,70,75,1099,587,79,6241,2,616,235,758,7953,35,2422,7481,74,1232,26,4592,13,4375,18072,63631,51445,8559,51622,164,51723,4987,474682,114,46,93,6,Infiltration
411,62454,48,16,4142,4220,346,98,222,80,1132,46,589,12,7254,81,708,3320,39403,29,76746,8830,525,46203,32,33853,6251,2365,29929,26,0,0,0,0,0,1,1,2,4,0,0,0,25,39,52,70,70,1165,617.5,173,29929,2,242,325,902,3037,10,2184,4760,14,4566,31,3845,47,1549,61554,13053,90561,1822,212452,150,84117,9905,159197,639,31,47,6,Infiltration
21,32487,82,88,14701,17424,910,59,484.5,92,1043,59,551,33,11256,73,5912,4431,4712,95,87391,7874,4082,23107,98,17805,8519,4967,26259,76,0,0,0,0,1,0,1,23,11,0,0,0,58,52,93,77,51,1378,714.5,122,14884,7,305,290,500,8327,94,1019,6175,11,1474,27,1274,32,2649,41608,22557,1654,412,393839,878,80008,3345,439903,536,1,61,6,FTP-Patator
8122,93,3,0,94,83,1493,50,771.5,72,1241,49,645,97,668,141,6114,2210,44293,57,40350,7645,1627,8970,53,52688,3625,130,19496,6,0,0,0,0,1,1,1,2,7,0,0,0,41,38,60,98,66,1149,607.5,154,23716,2,916,867,275,424,90,3957,1636,78,3925,20,4712,49,1016,41507,46009,17336,5790,281007,545,81398,7704,84458,673,49,86,6,PortScan
80,25155,42,23,22042,11248,758,93,425.5,37,1311,84,697.5,23,10694,236,1045,513,3098,93,1776,2216,3288,41975,35,26785,6585,4978,41430,74,1,1,0,0,0,0,0,5,7,0,0,0,22,26,39,2,89,1135,612,57,3249,5,154,260,697,5466,56,8095,634,8,9251,11,4371,32,4812,16854,10308,37627,8992,444092,311,84392,5348,400045,119,24,30,6,Web Attack - XSS
219,44631,23,31,3860,2421,579,91,335,63,140,87,113.5,94,1393,80,3915,3719,11669,65,86923,2784,2693,21373,97,53568,9394,3958,43652,18,1,1,0,0,1,1,0,4,8,0,0,0,22,58,90,26,99,1359,729,101,10201,5,406,563,500,7832,36,745,7005,78,7262,34,569,25,694,45469,12625,47434,3341,286192,424,50541,9675,237031,873,32,96,6,BENIGN
13706,416078,66,32,8576,8588,843,98,470.5,54,1021,49,535,92,1776,38,8414,2784,49110,4,61092,8255,4081,11398,97,41741,8500,4113,21029,5,0,0,0,0,0,0,1,3,9,0,0,0,48,48,34,22,54,1253,653.5,119,14161,4,158,304,704,313,80,6758,8073,33,7487,44,1175,35,3867,43637,58098,95874,7998,184209,42,68958,9845,429183,216,20,21,6,Bot
80,824,104,8,30208,532,698,89,393.5,77,727,49,388,47,333101,972,3845,1289,40994,13,81151,185,1916,22468,76,51462,256,4455,2144,62,1,1,0,0,0,145,1,4,1,0,0,0,23,37,11,63,79,1094,586.5,169,28561,6,598,904,713,6840,77,9177,7944,81,2133,4,1496,42,3898,49065,33887,35841,941,480421,993,43692,7126,129472,372,11,71,6,DoS Hulk
3354,54544,61,66,5930,4959,447,94,270.5,66,237,74,155.5,30,3788,7,8036,699,10001,44,73459,4280,299,9218,44,24014,8339,308,25840,63,1,0,0,0,0,1,0,4,3,0,0,0,29,29,85,9,40,1154,597,74,5476,9,681,931,912,6959,93,4778,5941,35,5716,46,4410,30,1737,56976,35429,35020,2667,209729,763,40464,8697,331018,344,39,60,6,Bot
80,4727,501,8,87768,300,1194,86,640,91,1159,94,626.5,46,478688,2519,2545,371,13138,51,29307,1987,4992,19602,78,36377,6804,3093,47465,66,1,0,0,0,1,75,0,4,5,0,0,0,21,58,6,79,52,1120,586,127,16129,0,646,836,956,434,84,566,7602,31,396,5,775,21,2686,47428,22482,65455,7585,409874,551,80391,5690,333027,453,10,75,6,DoS Hulk
29590,75642,31,15,7729,3351,688,98,393,80,521,67,294,48,2927,13,9671,4045,13445,29,60948,6081,1834,42099,27,62089,4915,2451,22238,90,1,0,0,0,1,0,0,2,5,0,0,0,25,57,56,50,63,1126,594.5,79,6241,8,359,435,475,9115,19,6474,4988,58,8077,18,2692,6,1261,23786,36207,33762,120,201917,852,12272,6080,433053,621,29,41,6,Bot
62744,429003,32,51,3287,9616,978,78,528,65,642,91,366.5,40,2173,13,1826,3869,28129,94,92536,6474,1881,1358,44,11515,2264,4189,21704,94,1,0,0,0,0,0,1,1,0,0,0,0,27,48,35,40,54,1289,671.5,143,20449,5,979,906,332,3670,61,8957,6315,1,4260,43,1088,33,3846,64899,24425,99612,3060,415698,737,6006,9499,215940,149,12,53,6,Bot
49025,75,4,0,78,1,1362,83,722.5,95,1150,93,621.5,93,249,148,9468,4208,10822,16,94797,936,2396,31372,11,4476,8338,2233,39473,32,1,1,0,0,0,1,1,0,8,0,0,0,22,54,41,90,90,1361,725.5,128,16384,3,990,386,959,2274,25,8769,4713,11,1789,22,1487,44,4783,36858,12617,22742,9969,317735,221,28665,1210,444393,973,21,66,6,PortScan
332,21546,49,27,4680,3164,1261,89,675,99,1000,90,545,18,5941,59,3089,3578,11111,7,44355,5048,3265,43700,54,59285,807,1548,11714,6,0,0,0,0,0,1,0,1,3,0,0,0,59,33,28,60,70,1325,697.5,189,35721,3,161,940,111,9575,38,8593,290,55,5210,44,2036,2,731,61273,18750,40808,9235,494599,792,29003,8248,338381,409,22,70,6,Infiltration
312,62072,19,5,3660,3543,281,88,184.5,95,920,79,499.5,22,3326,18,7873,640,17808,87,17232,3310,139,18920,47,7932,2191,2748,34277,26,0,1,0,0,1,0,0,0,1,0,0,0,58,45,50,65,85,1399,742,171,29241,9,939,236,699,7062,76,3747,2835,36,7584,27,3647,34,2947,65116,11154,94633,5587,225604,786,5784,2820,84048,250,40,32,6,BENIGN
62275,365006,10,73,5798,5385,473,94,283.5,72,382,61,221.5,12,4351,9,8853,4397,26227,26,85036,5491,3848,19402,16,87223,7127,2009,47545,95,1,1,0,0,1,0,0,2,4,0,0,0,43,54,28,44,66,1128,597,108,11664,5,134,853,391,7161,31,3057,8991,73,2079,40,4247,39,3769,56616,14267,60835,3587,421736,623,64034,5781,286357,131,49,31,6,Bot
80,12703,87,67,47864,8110,789,56,422.5,18,682,85,383.5,46,43856,320,2706,3823,7957,45,57694,7825,2087,20562,34,74048,3737,253,23984,56,0,1,0,0,1,1,1,8,6,0,0,0,31,40,61,7,71,1406,738.5,96,9216,1,445,793,937,1339,54,3364,7887,0,1240,19,188,3,4600,61207,54100,46753,6285,483155,750,83492,4720,158669,215,35,86,6,Web Attack - XSS
193,3966,24,32,2261,1469,1472,73,772.5,67,776,42,409,91,4244,41,8498,2836,27976,31,63130,4028,1864,15790,41,69964,9617,185,20028,10,1,0,0,0,0,0,0,1,0,0,0,0,56,46,31,22,57,1296,676.5,147,21609,8,443,381,942,752,8,8541,3524,85,5809,1,1785,47,4153,32880,39661,83173,3335,355331,751,72291,203,313283,747,33,49,6,BENIGN
80,27589,10,50,42351,36202,606,90,348,96,1342,94,718,69,32787,79,3089,1651,28415,56,70402,2682,3001,45782,54,32475,9592,2611,15358,23,1,1,0,0,0,0,0,13,15,0,0,0,40,31,79,6,69,1049,559,74,5476,7,288,741,604,380,30,2659,5941,7,4703,15,869,46,4979,25061,42365,69516,7755,268594,279,95108,1027,455549,512,36,28,6,Web Attack - XSS
80,26621,45,99,49905,42687,516,96,306,92,947,83,515,61,8181,57,8875,1365,31320,65,28405,3261,4672,27161,93,44967,215,717,22531,44,0,0,0,0,0,0,0,17,13,0,0,0,29,21,95,26,73,1034,553.5,77,5929,5,325,220,355,8385,49,9326,5228,47,3932,12,2352,31,1533,56124,33040,33728,1000,132970,186,59383,8609,38982,554,41,95,6,Web Attack - XSS
53232,80,2,0,49,54,305,75,190,82,1102,67,584.5,83,294,132,103,3337,14457,23,40491,4360,4480,46085,56,18788,2333,143,19341,5,0,0,0,0,1,1,0,1,3,0,0,0,25,54,18,80,54,1063,558.5,195,38025,8,350,523,819,5166,33,2739,4400,42,7683,27,2721,46,279,32178,54731,16975,3841,454314,932,91909,8617,412389,231,41,62,6,PortScan
21,12036,56,59,16347,13558,572,81,326.5,86,409,42,225.5,42,14432,35,6141,4893,47486,97,98316,5010,3839,5162,14,40891,8610,3956,37276,69,0,1,0,0,1,0,0,23,34,0,0,0,28,33,3,59,81,1334,707.5,176,30976,3,798,517,432,1411,44,5039,8880,1,5951,25,2339,35,4129,50421,20954,53723,5073,365261,565,39931,3752,182296,394,39,92,6,FTP-Patator
54333,58,4,1,50,54,1385,97,741,99,1216,51,633.5,95,903,110,2877,1974,5674,2,63364,8079,1263,6022,85,48788,198,2985,16897,9,1,1,0,0,0,1,1,4,4,0,0,0,38,57,52,30,69,1134,601.5,75,5625,5,705,270,615,8077,50,3798,8286,42,6943,21,1127,41,1279,13625,58495,80263,2304,168877,554,59560,4382,76585,392,3,96,6,PortScan
80,730,483,4,70759,161,217,99,158,61,275,56,165.5,94,82516,4101,6220,500,38111,44,13453,2512,4278,46702,6,21374,4412,1259,34513,58,1,0,0,0,0,165,0,2,5,0,0,0,32,39,19,75,63,1006,534.5,50,2500,3,111,275,215,9740,32,2574,1860,48,3339,3,4343,10,3933,8603,32933,99754,2776,371957,550,36401,2040,189928,203,12,94,6,DDoS
52998,493265,69,50,7524,2421,1362,74,718,88,783,47,415,34,3062,7,4616,3308,49975,76,97962,5228,339,46658,5,72651,8879,3697,24794,74,1,1,0,0,1,0,1,0,3,0,0,0,56,21,69,75,71,1266,668.5,199,39601,6,826,939,607,6422,4,6699,8730,48,6389,29,637,24,1511,46201,42937,75164,7321,460680,482,42007,8751,472973,942,28,99,6,Bot
387,18405,25,23,1114,3997,217,59,138,35,1202,76,639,56,3262,27,3991,389,31344,75,19515,6549,1926,42522,74,62264,5829,1297,31327,18,0,1,0,0,0,0,0,3,7,0,0,0,57,50,43,54,78,1248,663,141,19881,1,986,670,314,8062,78,7393,4749,73,8104,29,1435,36,4877,60749,24357,28006,2234,41549,467,56585,106,221235,826,41,91,6,Infiltration
59867,449954,19,94,1319,3755,459,79,269,54,697,66,381.5,22,2812,33,4297,3202,40558,60,72143,9148,3164,33395,23,43061,1433,4002,5699,11,1,1,0,0,0,1,0,0,3,0,0,0,23,50,89,50,79,1097,588,91,8281,2,695,599,697,7907,51,3782,5144,82,5851,40,1321,18,261,19833,22458,35386,375,185577,28,77994,2585,339916,684,40,39,6,Bot
80,2724,199,8,67545,609,1360,90,725,47,973,90,531.5,32,448475,2493,8846,1589,49524,21,70028,5561,1605,48413,96,33348,5758,2615,5716,58,1,0,0,0,1,59,1,2,3,0,0,0,37,37,41,4,70,1018,544,82,6724,7,241,543,699,748,91,7962,1473,51,7064,4,2010,23,4546,59153,24524,77242,5388,310483,260,89483,5723,82244,513,4,27,6,DDoS
80,3937,779,1,51149,257,364,81,222.5,24,1041,98,569.5,48,160940,1317,9563,1391,46290,52,89956,9663,4896,7116,93,53340,621,1910,35423,98,1,0,0,0,0,57,0,0,0,0,0,0,51,26,73,11,80,1196,638,172,29584,5,461,847,554,8902,26,8862,472,60,1688,23,3947,18,4774,34094,32092,83065,7006,497044,990,16215,6617,412171,631,20,91,6,DDoS
21,8588,94,61,15784,3249,614,59,336.5,97,657,89,373,32,6814,20,1799,3451,6029,70,1246,7250,3466,39358,56,15663,6952,4639,39831,36,1,0,0,0,0,1,0,39,31,0,0,0,20,55,6,56,40,1034,537,104,10816,2,919,299,220,1370,88,7955,6686,89,7096,3,1907,2,1684,32385,52186,43272,1160,316970,910,39877,1571,479885,618,19,47,6,FTP-Patator
80,28894,20,93,5827,44864,756,96,426,30,744,94,419,49,43515,95,4572,2637,4602,18,44291,1926,4000,33794,41,14718,4224,2059,7895,33,0,1,0,0,1,1,0,9,18,0,0,0,24,31,38,27,63,1069,566,182,33124,9,584,555,984,1030,51,539,4498,74,4493,15,198,20,2371,41724,30828,95277,8642,103945,357,77544,4564,264350,879,23,56,6,Web Attack - XSS
80,452,929,1,41163,925,1498,80,789,77,1119,60,589.5,56,481227,4288,9470,2695,38469,6,46948,4995,3988,32707,55,7220,6845,2905,44848,20,1,1,0,0,1,109,1,4,1,0,0,0,37,21,23,43,71,1058,564.5,87,7569,0,227,811,343,5256,56,380,728,45,2838,12,298,41,263,16715,10730,60973,8817,12197,649,2699,4305,189495,68,33,48,6,DoS Hulk
80,45262,51,74,13539,17202,174,64,119,48,1005,46,525.5,64,41860,338,1331,1894,45300,16,76443,1811,2537,20495,13,49467,1429,3101,28621,62,0,0,0,0,0,1,1,16,17,0,0,0,32,38,24,10,84,1134,609,102,10404,0,191,273,366,2485,2,6063,2018,58,5483,27,2561,26,4386,12739,29063,77424,1542,292099,357,41188,680,303100,700,7,36,6,Web Attack - XSS
80,4557,764,5,36598,810,230,81,155.5,58,1414,82,748,63,308371,4760,6953,4970,35065,14,70130,5394,4795,3052,94,48742,6469,132,44457,39,0,1,0,0,1,144,0,2,2,0,0,0,28,40,79,11,67,1125,596,84,7056,6,966,312,853,2478,2,7533,5049,11,3882,29,3135,44,427,34840,25522,32215,2824,73550,596,85213,8690,397737,85,32,84,6,DoS Hulk
324,78368,25,46,3013,4555,1248,95,671.5,91,371,51,211,20,1215,21,6399,650,19043,5,70895,4636,2275,17500,20,8835,5346,907,15173,91,1,1,0,0,0,1,0,1,8,0,0,0,25,48,40,94,76,1049,562.5,159,25281,6,450,509,833,2327,18,6282,6770,86,6403,26,2011,2,933,12209,44044,99058,8102,253874,127,44783,3441,298817,374,20,51,6,Infiltration
80,41669,79,52,29829,30079,823,83,453,82,941,76,508.5,95,11294,109,1266,1204,2127,54,84079,5753,2634,34925,75,33612,7192,4641,12363,50,0,0,0,0,1,1,1,6,17,0,0,0,29,56,4,81,73,1497,785,196,38416,8,366,707,881,2582,26,4928,2679,46,3945,25,1102,43,4286,39635,42362,69519,8881,487426,951,31956,837,360140,223,42,37,6,Web Attack - XSS
80,1487,619,0,32438,224,194,62,128,96,1013,53,533,70,212213,4190,302,211,49211,60,16182,8171,4882,3215,36,87884,6769,4318,12707,70,0,1,0,0,0,126,1,2,7,0,0,0,43,42,87,7,74,1149,611.5,111,12321,1,537,643,457,8498,35,4021,3291,14,5223,33,4713,20,2455,53283,42783,33017,6737,57327,373,23774,2456,115518,201,29,49,6,DDoS
80,4016,471,6,90970,839,1161,94,627.5,97,420,94,257,28,148087,3794,451,1354,18924,18,67638,4928,2481,12395,29,40195,6337,3666,1121,69,1,0,0,0,0,120,1,1,7,0,0,0,46,36,58,34,49,1227,638,110,12100,2,927,367,963,3756,98,8435,8917,36,2018,47,1505,44,2331,20188,35485,70816,4474,243238,433,27234,5710,73116,251,14,28,6,DoS Hulk
80,3483,679,5,88225,82,865,69,467,26,1086,83,584.5,98,247102,2044,9703,3306,36800,83,33884,780,1392,38588,81,8587,248,2298,22399,46,0,0,0,0,1,176,1,4,3,0,0,0,55,42,67,70,47,1401,724,151,22801,0,672,806,809,462,81,9264,2660,66,5476,32,3254,2,2760,57259,27618,18211,2530,176930,958,54673,9241,419630,518,42,70,6,DoS Hulk
80,2643,228,9,18883,260,1351,76,713.5,59,627,93,360,51,249107,2170,7218,559,43242,95,16143,8448,2120,40772,5,31593,6754,1046,13562,62,1,1,0,0,1,112,0,2,9,0,0,0,57,34,54,82,80,1177,628.5,71,5041,1,515,839,834,5754,7,4830,2174,10,2764,20,3133,23,4585,25838,65043,33724,2365,417071,190,37818,7104,57872,689,21,25,6,DoS Hulk
6038,186527,27,73,7912,9118,577,58,317.5,96,127,66,96.5,57,738,37,9514,537,6586,72,85705,4042,2589,44569,73,75050,5687,1791,11386,38,0,1,0,0,1,1,0,4,5,0,0,0,21,30,18,1,64,1221,642.5,93,8649,6,866,777,846,3296,78,3734,3410,84,4447,26,2664,24,3386,24552,27533,53168,1918,349926,639,87053,1966,319309,447,7,53,6,Bot
89,17525,6,17,1553,684,236,82,159,77,410,84,247,68,8734,58,9825,2865,10715,73,86511,9076,573,35456,65,78055,5451,101,40036,89,0,0,0,0,1,1,1,1,3,0,0,0,55,26,15,35,65,1208,636.5,169,28561,2,662,652,732,2128,9,5635,1487,57,9830,16,3444,38,456,43254,20050,92397,1906,130949,482,97259,3283,260838,266,37,38,6,BENIGN
80,1781,953,1,70472,459,492,81,286.5,31,439,50,244.5,38,436079,1557,6559,1534,10328,87,60721,9791,4286,30211,51,64257,7080,4942,13530,64,0,1,0,0,1,158,1,4,9,0,0,0,21,33,19,84,87,1035,561,149,22201,6,533,225,122,8067,88,9987,5204,68,9492,34,274,8,662,35204,51018,9878,5460,131554,538,91166,7496,226039,492,48,57,6,DoS Hulk
340,98035,20,45,3009,4756,297,50,173.5,35,438,54,246,84,7025,84,1360,2897,20209,58,70254,8744,1745,14892,41,83130,7402,312,26691,46,1,1,0,0,0,0,0,1,6,0,0,0,38,57,58,83,90,1322,706,160,25600,4,522,577,602,8832,54,2973,6441,46,4229,20,3566,33,1790,33978,14890,78316,539,207043,477,73861,4396,291665,504,9,61,6,BENIGN
80,2921,722,8,98417,425,112,61,86.5,24,1218,54,636,33,63563,2222,7362,573,49171,8,66932,3753,708,5228,29,26942,1044,3840,11048,88,0,1,0,0,0,76,0,0,2,0,0,0,22,55,61,59,47,1113,580,101,10201,8,323,911,139,792,14,1314,2421,20,9960,2,2690,20,1277,10607,19470,59047,9223,445274,332,3948,4946,206295,560,44,72,6,DDoS
270,24517,44,44,1827,1506,1450,90,770,86,511,52,281.5,40,6100,42,224,1170,21184,64,6101,7083,2146,16510,63,12332,829,3833,6113,8,1,0,0,0,0,1,0,2,1,0,0,0,36,55,15,60,61,1355,708,79,6241,1,935,427,184,1055,33,3202,2962,86,6552,14,4189,2,3019,33545,52708,94918,553,222318,685,57995,2157,305988,767,40,62,6,Infiltration
21,10460,56,98,17151,6301,1403,58,730.5,35,814,61,437.5,24,15119,111,4948,1964,39953,57,22519,8291,1737,38997,17,13825,7390,3824,31444,52,1,0,0,0,0,1,1,35,35,0,0,0,48,25,92,57,70,1359,714.5,95,9025,8,508,776,663,8043,61,8609,3351,15,1830,43,2980,46,4109,32794,47768,2142,9661,253802,558,78930,6838,408399,712,25,97,6,FTP-Patator
80,3862,646,9,99910,621,1275,88,681.5,18,121,47,84,58,491981,1692,2286,3737,33692,8,81459,2213,437,41944,72,75498,4198,1887,19803,31,0,0,0,0,1,72,1,4,3,0,0,0,35,20,59,79,64,1282,673,85,7225,5,809,278,901,590,83,4472,3540,12,843,1,4537,33,1361,27650,35026,23860,3401,35113,242,16315,9329,442887,214,29,40,6,DDoS
436,76850,37,36,3375,3822,276,97,186.5,91,1208,44,626,56,5574,73,9941,3203,14015,1,38346,2110,4031,12389,49,58727,3188,3506,24760,13,1,0,0,0,0,0,0,4,5,0,0,0,32,56,44,23,40,1158,599,102,10404,2,389,162,527,2444,47,767,5502,47,9953,43,226,16,175,53264,48865,8752,3294,389208,676,21747,7519,146887,132,20,95,6,BENIGN
125,25960,39,27,3747,1787,575,76,325.5,85,1061,72,566.5,70,4477,52,1208,1668,10592,31,83314,3076,1188,35004,16,26676,491,1416,29725,55,0,0,0,0,1,1,0,0,7,0,0,0,42,30,98,79,70,1019,544.5,133,17689,6,885,594,961,4099,10,5574,7839,4,7843,19,1418,3,3841,45283,15325,32998,8862,112060,462,68262,4380,55433,501,23,56,6,Infiltration
21,24720,72,50,17871,15866,1421,77,749,84,236,51,143.5,20,5939,168,8660,2492,17464,95,41421,7236,4438,48571,69,58514,1508,1957,32221,49,1,0,0,0,0,1,0,46,27,0,0,0,51,56,62,68,99,1242,670.5,157,24649,1,317,803,745,2341,87,9334,4518,12,4596,48,244,24,145,24812,56515,8113,9420,164309,23,55722,6830,343786,301,31,87,6,FTP-Patator
21,28895,82,54,17160,6215,383,97,240,85,163,50,106.5,72,13062,40,6915,599,2787,32,6283,4004,3489,26609,80,10915,8173,3143,32904,53,0,0,0,0,0,1,0,46,35,0,0,0,46,25,83,45,98,1208,653,82,6724,4,805,311,207,6862,51,9383,5575,20,7023,10,3034,9,3439,23287,21583,11946,5551,304548,328,84081,2721,321101,742,21,99,6,FTP-Patator
80,31975,58,51,11039,19143,1457,55,756,49,145,65,105,83,9339,461,8914,4729,48533,48,10455,379,3494,3633,56,60743,1572,3653,38183,77,1,1,0,0,0,1,1,8,11,0,0,0,51,28,70,95,81,1484,782.5,128,16384,1,926,156,885,5384,82,2020,5473,49,1123,26,234,28,3088,61874,33510,49688,942,92718,561,93997,4893,447503,531,9,49,6,Web Attack - XSS
423,27594,42,11,3027,2528,339,48,193.5,85,586,83,334.5,64,1806,20,8023,4803,48977,58,97960,1824,3946,9195,67,76018,8911,3737,27627,5,1,0,0,0,0,1,0,1,9,0,0,0,40,21,73,79,91,1459,775,80,6400,9,525,225,910,9226,44,4410,442,20,73,30,1619,2,4804,46651,39803,53019,1824,28980,66,24228,7807,303061,69,13,85,6,BENIGN
80,36923,76,97,34842,11731,1450,71,760.5,71,1331,48,689.5,31,31098,374,3672,1580,33662,54,11243,5393,2031,22521,8,71803,6931,906,38541,49,1,1,0,0,0,1,1,13,10,0,0,0,50,33,93,91,60,1258,659,125,15625,9,399,544,830,6754,9,3240,6748,64,5977,30,290,1,188,14422,42488,56267,6502,280870,3,34555,3084,445566,948,23,53,6,Web Attack - XSS
21,5217,36,77,16384,10650,634,50,342,79,1070,97,583.5,54,3900,137,9934,1043,46195,98,46472,2674,806,12333,8,1148,4198,2280,33384,21,0,1,0,0,1,0,1,16,39,0,0,0,30,42,50,41,53,1405,729,167,27889,9,593,812,657,8424,80,2599,2063,71,4291,43,2502,10,4408,54670,39798,63093,3864,151332,603,86202,9795,326561,797,4,72,6,FTP-Patator
80,8081,68,10,47204,28420,1194,63,628.5,75,1404,91,747.5,56,33985,108,1890,3467,40826,97,70760,3483,990,41080,31,73535,8891,2489,45724,58,1,1,0,0,0,0,1,18,8,0,0,0,51,26,92,46,66,1430,748,66,4356,2,312,673,642,19,66,1429,4151,20,5555,37,4465,5,2234,49983,50043,89487,4062,492908,173,96309,8347,348247,205,31,32,6,Web Attack - XSS
63676,13,1,1,137,75,768,91,429.5,14,490,42,266,88,984,199,9414,1437,40412,91,72039,8281,4243,22962,80,95254,6035,3028,44521,8,1,1,0,0,1,1,1,4,7,0,0,0,39,42,20,23,49,1482,765.5,130,16900,0,485,952,976,9360,22,6354,7594,74,4912,21,1718,46,4935,58529,27802,8953,6689,33026,528,13484,5939,205484,814,1,32,6,PortScan
259,19902,8,36,1888,2936,1361,51,706,22,758,69,413.5,92,3423,70,222,1582,18521,57,38769,2217,3918,7313,71,83993,8167,3971,16846,59,1,0,0,0,1,0,1,1,8,0,0,0,32,22,4,88,94,1132,613,124,15376,2,720,597,402,903,27,7404,4804,19,7303,39,2333,11,927,49856,25706,57474,3988,350743,367,20512,3721,245328,248,44,61,6,Infiltration
251,30588,47,49,729,2116,1310,40,675,53,824,74,449,21,6167,23,4971,1014,42961,79,99073,5762,369,4064,12,35646,4519,4601,24759,42,1,1,0,0,0,0,1,4,3,0,0,0,52,22,43,50,42,1047,544.5,186,34596,8,628,903,908,1967,53,9441,636,81,3546,18,3855,15,4205,25622,18480,82116,4755,247225,912,6282,4167,98726,586,27,30,6,BENIGN
41521,495806,32,78,9960,7120,262,77,169.5,30,901,76,488.5,99,3288,34,5383,2463,36140,84,96636,737,3327,39708,71,99932,3956,4812,8710,32,0,0,0,0,0,0,0,1,7,0,0,0,43,48,16,42,65,1231,648,181,32761,5,123,356,155,5906,85,5127,2271,3,7279,29,2022,39,3101,33941,51628,87788,9144,201286,531,80096,8394,146875,250,19,22,6,Bot
280,43721,38,49,2376,4987,1314,90,702,85,812,44,428,40,2626,59,2352,2288,39346,91,5382,5613,1722,11268,18,63607,5316,4087,35022,20,1,0,0,0,1,1,1,2,2,0,0,0,56,59,9,30,66,1288,677,149,22201,3,350,981,430,8330,37,8530,9778,43,2087,29,3491,35,1836,28693,23407,69226,4151,134937,696,78319,3486,134239,120,23,68,6,BENIGN
21,20897,81,97,3081,17025,503,41,272,39,1451,69,760,67,4120,81,1227,4836,42056,23,8282,8696,1734,27752,80,32302,8455,4518,49514,50,0,0,0,0,0,1,0,43,35,0,0,0,56,28,6,62,59,1293,676,198,39204,3,484,611,355,4853,96,1462,90,60,3763,46,4426,15,3661,50984,30779,65302,8500,301197,835,2943,2353,90511,744,49,37,6,FTP-Patator
80,3748,199,7,39216,944,946,55,500.5,77,815,73,444,53,242857,2221,9929,865,20996,34,12878,3221,3195,14189,61,80710,2857,2625,34310,20,0,1,0,0,0,194,0,1,6,0,0,0,56,29,12,69,79,1458,768.5,122,14884,7,490,193,535,2834,73,3614,297,61,866,29,1176,27,1149,50766,55033,66477,7308,357700,592,58770,4806,253913,917,3,54,6,DDoS
219,95439,32,34,2868,1468,751,67,409,18,892,95,493.5,28,1529,98,8953,4268,31797,98,20459,6523,4288,49362,18,97878,2424,2458,38016,20,0,1,0,0,1,1,1,1,3,0,0,0,36,53,98,81,53,1387,720,192,36864,4,703,392,674,9715,70,9872,4474,28,7282,47,4071,34,3174,15648,23528,75236,5282,424665,65,21055,4032,390562,623,21,23,6,BENIGN
43704,209567,73,50,1183,4817,191,48,119.5,17,1093,95,594,89,4125,10,4735,4647,43214,36,40118,9272,1285,7063,88,65695,5103,3232,10437,42,1,0,0,0,0,0,0,3,1,0,0,0,49,54,69,33,63,1469,766,126,15876,2,416,462,815,6031,99,2393,3317,79,4165,27,2614,20,3696,53531,62876,40068,5161,213599,88,26045,5424,267247,51,47,50,6,Bot
45352,455947,39,51,1988,9931,976,87,531.5,53,1341,71,706,47,1616,25,1074,4337,14245,64,39010,2297,3857,42676,94,61076,6695,2044,16318,81,1,1,0,0,0,0,1,0,6,0,0,0,30,24,22,6,83,1430,756.5,163,26569,6,117,460,408,9405,95,1331,7729,76,5903,35,4330,31,3916,35602,43551,40859,5955,83496,533,63336,8382,480720,718,40,77,6,Bot
6755,497059,17,42,9051,8225,571,78,324.5,74,278,82,180,30,3982,29,3953,2863,19729,49,26710,2353,1430,35290,57,26188,5221,558,36904,12,1,1,0,0,1,1,1,3,5,0,0,0,50,48,75,60,97,1095,596,183,33489,0,745,499,672,8240,99,9390,1460,9,5702,39,4732,45,4544,14818,34394,37953,1671,476158,475,16951,3951,219323,833,42,84,6,Bot
18912,21,3,1,113,57,521,60,290.5,82,436,64,250,60,267,173,644,1121,45858,76,3275,9273,1489,19153,48,89955,2769,3562,45808,13,1,0,0,0,1,1,1,3,7,0,0,0,34,45,43,37,75,1244,659.5,153,23409,2,267,132,807,2699,61,2444,6528,47,2650,43,1488,41,2242,49740,39450,90065,308,326880,337,1500,7574,69254,98,10,89,6,PortScan
27330,344259,66,90,2955,1290,768,64,416,83,1139,74,606.5,85,4938,44,3583,989,14752,66,33926,1887,2082,17849,55,2191,8169,2590,27943,73,1,1,0,0,0,0,1,4,0,0,0,0,43,56,38,86,67,1383,725,103,10609,4,578,315,688,9036,6,2052,9839,79,2952,41,4594,10,2422,19660,10816,24747,6082,228175,363,9423,732,76623,619,4,76,6,Bot
63920,47,3,0,70,89,873,80,476.5,86,550,99,324.5,50,390,61,1832,2639,38027,78,20265,5874,4756,35325,24,35426,7765,2703,8107,87,1,1,0,0,0,1,0,1,8,0,0,0,40,29,88,43,89,1421,755,76,5776,1,448,697,562,1828,38,4065,7234,73,8838,5,3665,20,3010,32760,18475,6090,6471,287661,683,3480,7229,165023,903,21,49,6,PortScan
80,40625,25,30,48617,20729,718,59,388.5,26,344,56,200,54,16306,71,3687,4726,10689,98,2651,8180,1118,10860,69,42354,350,533,29616,78,1,1,0,0,0,1,1,7,13,0,0,0,52,50,75,96,72,1363,717.5,57,3249,4,782,556,818,6518,36,2276,6268,76,7060,7,3451,36,3278,22172,56222,46853,6548,161145,779,60478,9758,270884,552,16,33,6,Web Attack - XSS
80,1717,684,5,62290,438,599,96,347.5,58,1464,58,761,90,494763,1811,4236,1419,8702,53,27315,2073,3248,24965,90,87606,8889,534,46526,66,1,1,0,0,1,101,1,0,2,0,0,0,42,28,19,2,79,1339,709,146,21316,0,309,389,693,5375,54,2600,9829,80,5273,40,3846,19,4422,10667,57329,36762,4624,156172,994,59245,8425,375047,714,34,47,6,DDoS
341,93982,34,35,2197,789,165,77,121,73,1292,52,672,44,2108,74,6536,3255,24539,91,48199,3332,1021,24755,63,20736,6657,1337,47442,44,1,1,0,0,1,0,1,1,9,0,0,0,31,32,92,16,57,1389,723,83,6889,1,517,618,149,3678,64,5700,6309,1,41,5,1529,4,2458,47188,32746,10210,8464,305021,811,80746,2445,159614,460,2,29,6,Infiltration
80,3806,601,4,66676,116,1156,92,624,29,715,50,382.5,47,216799,1316,6612,1764,37726,47,14563,2508,2711,44183,21,28133,6697,883,33513,33,0,0,0,0,1,119,1,3,1,0,0,0,47,23,76,67,82,1385,733.5,94,8836,7,797,148,323,3436,65,9431,6500,93,5504,26,4501,37,1154,12916,34868,84735,2543,100949,303,30154,8764,179800,199,48,96,6,DoS Hulk
256,30708,44,47,3470,3881,727,54,390.5,29,434,67,250.5,62,7912,47,9959,2453,9777,90,57034,7151,1996,47206,10,86146,2722,2028,4785,76,1,0,0,0,0,0,1,2,3,0,0,0,33,54,41,92,80,1445,762.5,165,27225,6,209,728,102,6864,44,1953,5434,25,6018,29,2210,34,4316,16489,61006,18770,5125,14490,362,74033,5484,111591,23,34,41,6,BENIGN
267,84519,35,27,1766,4253,958,65,511.5,70,331,92,211.5,46,7326,29,3905,858,39976,39,25389,4256,3885,10069,48,67021,358,1361,48216,35,0,0,0,0,0,0,0,2,7,0,0,0,58,26,86,71,91,1464,777.5,93,8649,8,901,860,904,7413,84,5636,4574,39,6432,45,2110,22,378,63228,50122,20575,6828,12164,795,35304,3384,190278,18,23,21,6,BENIGN
56263,164409,80,84,7768,6542,641,54,347.5,95,341,95,218,54,4176,45,5481,2613,26782,84,25909,7201,4888,11157,22,93633,804,916,27326,45,1,1,0,0,0,0,1,4,8,0,0,0,39,38,54,54,66,1059,562.5,54,2916,0,645,945,128,2653,84,2069,9638,96,9992,25,2056,41,1944,33840,11195,96445,4584,415439,930,42717,6524,59030,852,38,66,6,Bot
33948,16547,31,29,4851,7047,103,66,84.5,55,1476,57,766.5,19,2041,12,1926,1522,46635,69,77636,6830,3875,42138,55,6168,2001,3395,13671,51,1,1,0,0,1,0,0,1,5,0,0,0,52,57,41,88,44,1486,765,181,32761,4,482,477,467,4242,8,2428,9176,36,9762,21,4138,27,289,15876,23509,58501,2846,116152,897,63582,6741,237794,186,2,80,6,Bot
21,43376,57,65,13525,8623,596,88,342,78,1470,87,778.5,77,4317,59,9437,1205,43166,67,67921,4117,2921,15600,62,88102,7199,3419,18464,36,0,1,0,0,0,0,1,24,32,0,0,0,35,41,54,65,40,1265,652.5,118,13924,8,801,276,903,6265,19,4655,7899,71,5499,38,727,4,4672,55974,45665,19465,6026,14305,32,28421,1846,476314,760,32,56,6,FTP-Patator
80,307,534,9,80732,585,945,65,505,57,1128,60,594,47,81770,970,5278,2200,25614,2,94164,7869,123,9583,33,45710,6297,4472,37942,55,1,1,0,0,1,138,1,2,0,0,0,0,44,22,10,49,62,1391,726.5,195,38025,3,983,600,573,5913,88,6560,619,84,4403,24,2203,24,1985,48432,13365,51587,5373,63595,895,20792,8684,84815,489,8,75,6,DDoS
4894,73073,94,39,9005,9658,616,90,353,56,869,90,479.5,70,1384,23,867,3930,34767,37,60634,3378,4502,28654,11,9121,3116,2049,37659,67,0,1,0,0,1,0,1,0,7,0,0,0,24,41,26,54,82,1376,729,124,15376,2,193,144,790,2631,52,9632,2738,94,7052,23,4968,10,433,47403,41662,17417,6270,370335,680,53475,5006,23062,861,2,59,6,Bot
213,62842,32,22,3294,1899,1477,71,774,42,214,41,127.5,83,2829,71,5783,2813,37270,40,52194,7737,1632,22299,96,11693,5657,3503,47247,45,1,1,0,0,1,0,1,2,3,0,0,0,37,34,87,63,43,1008,525.5,126,15876,3,693,381,914,2398,71,2884,5337,54,7870,24,405,37,1227,17928,12223,57476,1375,319800,339,76537,9338,334379,509,41,94,6,BENIGN
80,2466,801,8,25806,632,493,62,277.5,82,1402,63,732.5,25,274582,4753,8976,1957,12925,37,79639,3201,1787,27259,30,93394,3285,727,25190,39,0,1,0,0,1,157,1,3,9,0,0,0,48,40,5,49,63,1230,646.5,195,38025,0,844,870,985,8764,33,9814,6536,47,8626,40,2722,48,2033,34618,15551,43104,3122,164869,843,46665,9476,245979,957,42,60,6,DoS Hulk
30565,172619,72,15,4913,2123,238,95,166.5,63,206,45,125.5,22,4039,12,1383,1890,45535,50,9500,6362,1922,17219,43,66615,6948,4432,23828,58,1,1,0,0,0,1,0,1,8,0,0,0,36,23,77,88,72,1396,734,150,22500,6,830,872,559,467,83,672,3395,90,6222,20,3549,44,1072,55658,19207,41505,4161,132631,125,13013,1356,452829,28,19,64,6,Bot
37047,12,2,1,82,98,399,80,239.5,22,858,72,465,72,996,90,7338,3075,37394,51,50125,1815,4306,29435,88,24695,5981,1552,30910,91,1,0,0,0,0,1,1,3,2,0,0,0,28,43,10,76,62,1477,769.5,199,39601,3,603,179,732,3846,55,3915,4588,54,3550,13,1375,43,2978,39999,8842,85355,5206,480092,81,70981,4576,274996,567,33,75,6,PortScan
80,4713,803,3,13126,528,132,61,96.5,27,1143,92,617.5,99,497462,2002,9171,4276,32194,16,53590,982,3497,9299,4,91877,9299,446,4028,71,1,1,0,0,1,114,1,0,8,0,0,0,55,59,31,42,71,1250,660.5,180,32400,9,451,116,368,119,57,3384,2585,36,9966,17,4368,21,1020,44263,15783,96545,8688,489357,892,43802,7743,374957,482,6,56,6,DDoS
80,4799,775,4,82624,40,1323,45,684,77,128,79,103.5,57,308670,761,9789,4792,13046,55,82742,3188,2813,32343,72,70769,3320,905,32713,99,1,1,0,0,0,148,1,3,0,0,0,0,57,28,99,96,40,1293,666.5,161,25921,9,746,117,227,7045,90,472,8045,5,5328,40,180,9,944,59554,37980,73425,731,362455,907,59966,3261,25196,730,24,90,6,DDoS
80,4602,338,7,62297,186,764,46,405,47,770,96,433,88,453920,1889,8404,699,35298,11,27480,4886,4161,48980,98,9998,4010,2345,32747,74,0,0,0,0,1,198,1,4,0,0,0,0,29,46,84,74,43,1279,661,117,13689,2,293,820,678,8441,83,1728,8853,45,9604,15,1005,7,1526,33186,55083,80627,7296,349424,797,3022,9402,146683,658,10,78,6,DoS Hulk
28509,37,4,1,44,79,528,64,296,87,563,91,327,68,289,99,2022,4317,18809,19,55665,1243,2955,30689,13,64942,9186,2217,8679,40,0,0,0,0,1,1,0,0,8,0,0,0,28,29,41,26,72,1421,746.5,119,14161,0,331,537,169,8607,97,3973,8929,26,3404,47,3584,49,1934,39088,20058,83464,971,210678,151,85373,7076,409168,880,6,49,6,PortScan
37777,74,3,0,166,70,1297,40,668.5,46,735,65,400,37,285,115,4113,3931,13855,53,15475,5003,4618,23544,76,20260,4713,4617,42185,39,1,0,0,0,0,1,1,2,2,0,0,0,28,36,36,3,85,1361,723,164,26896,3,849,489,246,1778,90,9278,2712,8,1168,33,2161,29,2847,19859,30275,85627,9158,482161,832,65774,2655,465806,151,16,82,6,PortScan
16085,61,3,0,142,53,355,89,222,61,1282,85,683.5,93,140,100,1870,954,12378,21,70692,4030,2719,43916,69,65197,8610,4885,36661,98,1,0,0,0,0,1,1,1,8,0,0,0,47,58,88,29,97,1309,703,134,17956,3,746,338,103,6157,27,4469,862,86,7528,43,2122,46,3844,32340,48512,2068,2204,270740,957,71370,6947,477832,729,39,64,6,PortScan
80,21919,95,50,5270,47450,893,98,495.5,95,1150,45,597.5,64,40175,251,172,2907,3381,15,50925,673,4801,5961,49,65165,8947,4601,7296,88,1,1,0,0,0,1,0,5,19,0,0,0,24,29,68,2,64,1032,548,142,20164,3,194,107,336,9478,33,5049,3540,77,6168,14,632,43,3440,10146,13420,13559,1523,225842,536,47274,8502,479845,358,3,89,6,Web Attack - XSS
153,17646,29,32,1951,4427,180,66,123,86,112,47,79.5,33,4385,80,6292,506,32250,16,31054,3344,4812,5161,2,34098,4957,2340,3239,39,0,0,0,0,1,1,0,1,5,0,0,0,59,55,98,86,45,1144,594.5,80,6400,8,180,947,345,5261,8,9817,2647,80,8717,16,4286,10,1599,22997,10976,35022,4411,226238,560,8468,1264,83726,219,6,89,6,BENIGN
80,1795,727,2,23132,11,282,95,188.5,58,1012,90,551,67,336321,1646,241,4135,6972,76,74960,6642,1370,49702,46,63217,5171,3840,3413,18,0,1,0,0,0,160,1,1,9,0,0,0,59,56,84,1,96,1283,689.5,170,28900,5,301,292,440,2066,47,6106,873,85,8792,32,3568,35,888,9044,36879,23896,3427,24099,972,95858,3585,127622,651,32,39,6,DDoS
80,14156,14,25,11130,30994,322,68,195,70,957,72,514.5,84,49441,412,2730,4321,7781,19,37723,9583,4468,26941,33,63625,9000,3394,43079,9,1,1,0,0,1,0,1,5,18,0,0,0,49,35,22,66,70,1056,563,166,27556,9,784,929,807,6631,82,1966,6986,92,2753,28,1903,22,190,28734,40815,50240,7994,375730,599,38317,5255,422522,504,34,45,6,Web Attack - XSS
34857,275506,78,27,6461,1491,439,90,264.5,75,326,92,209,74,865,28,3738,977,19783,40,94496,7150,4920,18047,88,23943,5453,800,16120,99,0,0,0,0,0,1,1,3,8,0,0,0,41,46,83,19,46,1439,742.5,188,35344,7,119,345,284,9139,78,4224,1475,7,1054,12,4982,44,1320,19216,45721,40146,5126,272172,933,49732,1847,332662,530,32,57,6,Bot
80,1519,852,2,80015,995,1218,92,655,32,942,60,501,99,294922,1603,5338,572,27756,31,53665,4555,301,17303,15,48565,3810,1990,38148,4,0,1,0,0,0,58,0,3,5,0,0,0,52,21,90,88,58,1098,578,53,2809,7,440,679,690,5337,10,2186,6865,29,1168,17,730,25,1319,27185,28166,62080,420,336969,37,12478,9574,345865,795,20,68,6,DDoS
80,2178,308,3,13807,34,812,82,447,51,677,56,366.5,57,114692,1607,9837,1383,34661,97,11512,4825,4625,16763,2,43703,5251,2796,14598,55,0,0,0,0,1,181,0,3,2,0,0,0,41,56,76,91,67,1076,571.5,192,36864,8,331,318,825,6514,65,1570,7308,27,5012,40,1853,14,2698,42478,48555,66190,9035,53647,188,85271,1114,117950,923,26,58,6,DoS Hulk
29818,38,1,0,121,63,1428,90,759,32,877,43,460,78,246,89,4122,789,29680,83,39885,1761,3946,23443,39,67449,2605,2531,44950,26,1,1,0,0,0,1,1,2,6,0,0,0,29,36,6,71,52,1443,747.5,137,18769,2,670,881,692,2911,35,2185,1190,74,5019,18,3494,12,3517,43587,16508,59667,6660,195945,152,67334,8636,402263,374,13,30,6,PortScan
80,2641,95,69,36873,45063,1002,45,523.5,84,856,70,463,48,18970,302,9644,126,43038,68,45918,1637,558,11542,62,22828,8697,109,36306,81,0,0,0,0,0,0,1,8,7,0,0,0,52,54,16,91,43,1358,700.5,67,4489,8,411,281,103,631,69,8785,661,35,4031,35,555,42,2745,34905,59230,89100,4048,216341,392,94049,7368,34268,488,2,44,6,Web Attack - XSS
305,75978,17,6,4353,1459,310,50,180,40,1376,98,737,69,5667,79,3037,3649,20898,47,95504,6695,4452,37978,85,43587,6719,2960,18914,59,1,1,0,0,1,0,0,4,8,0,0,0,46,47,12,91,58,1252,655,55,3025,8,947,800,697,8778,83,9691,2464,15,6593,6,2480,39,1934,54809,48341,75713,7646,12609,186,6876,8677,451422,846,18,41,6,Infiltration
333,64544,31,13,1962,1322,1190,98,644,94,866,70,468,86,8094,99,8840,4566,38381,27,55808,6093,4943,3095,14,70268,7907,1412,31010,76,0,1,0,0,0,1,1,4,6,0,0,0,39,27,27,70,45,1130,587.5,75,5625,5,898,539,475,5216,17,4842,8564,14,1387,26,1683,17,197,17048,64033,87134,3483,470603,984,13849,6577,256177,896,21,24,6,BENIGN
8841,74729,90,10,2597,5189,945,70,507.5,37,1148,59,603.5,26,4690,31,7596,4186,45839,37,30221,4698,3067,23259,36,55239,2683,4248,47449,72,1,0,0,0,0,1,1,0,4,0,0,0,46,47,76,50,59,1405,732,139,19321,5,606,876,997,7190,94,1257,9779,42,9869,15,733,18,1017,57304,38650,55476,2750,384371,282,77441,6702,391131,348,37,46,6,Bot
22197,66,1,0,81,13,273,48,160.5,15,165,58,111.5,81,543,164,2044,1177,21130,76,39444,4311,4595,2969,51,80614,7922,4882,30190,86,1,1,0,0,1,1,1,3,0,0,0,0,23,38,41,9,48,1306,677,111,12321,8,948,230,674,6079,83,7569,3418,81,7758,6,2316,42,4845,15539,39134,66787,6548,140456,926,42703,5915,263205,563,23,32,6,PortScan
80,2794,701,5,30354,735,978,84,531,60,1207,69,638,41,358821,2020,4902,2657,28297,13,84882,6245,2315,47153,86,57661,1547,3892,33645,81,1,0,0,0,1,70,1,1,1,0,0,0,38,32,84,36,74,1365,719.5,101,10201,0,547,744,332,7812,87,1306,196,26,1633,11,4395,26,613,16787,56833,9772,4413,481433,701,70483,6118,406669,4,4,96,6,DDoS
63595,54,2,1,151,36,1034,77,555.5,31,288,86,187,67,342,88,7974,631,22986,84,28846,8215,4298,30894,35,96526,9991,1986,21980,53,0,1,0,0,1,1,0,3,4,0,0,0,38,56,93,12,50,1446,748,64,4096,8,992,289,342,6430,81,7038,4586,85,451,4,243,3,4051,19253,38132,78035,8355,458130,521,12242,8812,48880,707,35,98,6,PortScan
80,2407,204,3,78127,308,970,60,515,95,302,60,181,98,452611,4864,5780,4402,17209,19,23547,4231,3372,48479,97,37778,1176,3019,36711,98,1,0,0,0,1,98,0,1,6,0,0,0,31,35,71,13,80,1174,627,116,13456,1,671,499,464,7713,81,7266,6494,21,3945,7,3037,6,1879,34919,59699,10933,3427,473164,917,53627,5069,79353,27,32,76,6,DDoS
27782,348455,11,77,6217,3128,611,71,341,44,484,59,271.5,46,2791,26,5305,604,47145,27,69171,4800,389,32707,74,61029,9734,3658,27065,89,0,1,0,0,1,0,1,1,6,0,0,0,36,53,51,75,57,1367,712,183,33489,7,925,577,304,5617,79,1389,2278,80,4571,33,4860,17,1075,18274,42625,59689,9057,242361,733,36600,7700,472818,412,39,88,6,Bot
201,83287,43,18,4764,507,1110,88,599,31,649,55,352,24,4498,39,5622,3837,14829,11,97678,7111,519,26848,15,27058,2390,146,29867,92,0,1,0,0,0,0,1,3,8,0,0,0,33,55,92,65,40,1201,620.5,80,6400,4,618,457,575,4641,77,4648,3717,88,2690,15,4181,20,1191,57247,14541,2663,4934,114154,993,81468,8102,343106,584,3,95,6,Infiltration
80,1292,742,6,89405,961,196,52,124,87,831,51,441,28,229239,3297,7653,2984,42582,34,60180,5307,1872,1021,37,5372,4777,2398,32519,70,0,1,0,0,1,104,1,1,9,0,0,0,38,53,17,79,56,1195,625.5,177,31329,7,109,775,189,6216,65,3164,461,39,7922,49,1443,32,4904,61087,18161,18898,5095,24203,112,84196,2505,181122,594,21,59,6,DDoS
21,14427,45,68,12302,3060,500,78,289,78,605,84,344.5,25,5570,169,5122,3773,29238,39,13757,9052,2046,7857,16,84771,5201,3053,23546,52,1,1,0,0,0,1,1,36,41,0,0,0,30,50,77,53,47,1394,720.5,63,3969,3,911,572,674,2114,66,924,1393,61,5974,9,633,46,152,62764,60618,84377,6667,297501,35,81419,1839,231432,726,27,67,6,FTP-Patator
143,46969,41,16,2840,2999,1040,66,553,61,581,94,337.5,51,6979,46,2102,376,5377,35,19441,601,4958,31181,30,95188,6215,535,5012,21,0,1,0,0,0,1,1,0,4,0,0,0,53,23,22,55,61,1041,551,191,36481,4,820,538,210,6556,89,618,1371,92,9187,28,969,31,341,52515,20460,75150,3033,344582,922,5928,5647,92290,860,32,54,6,BENIGN
64804,86,3,0,100,44,974,60,517,16,659,41,350,77,524,54,9274,4776,18722,91,23236,4286,3059,28889,35,83644,928,3895,25770,7,1,0,0,0,1,1,1,1,1,0,0,0,47,35,79,48,52,1301,676.5,108,11664,9,940,275,881,1997,95,4408,241,94,2346,1,529,19,1869,11204,15383,47791,6243,239691,867,39096,2922,179861,543,15,73,6,PortScan
21,49189,66,70,3992,16760,894,94,494,63,287,71,179,59,19930,90,9112,2656,13123,19,53860,9942,2442,14896,70,11372,5529,495,15590,80,1,1,0,0,0,0,1,15,10,0,0,0,59,58,24,72,75,1453,764,80,6400,0,896,824,693,3004,27,8212,9453,17,3378,27,1727,24,2732,45194,38971,91760,7009,98513,271,50881,3033,464217,6,14,93,6,FTP-Patator
80,44270,33,25,28975,9982,1164,49,606.5,51,162,93,127.5,75,21237,305,9340,1967,25924,73,23771,4567,1987,9896,48,92283,5707,207,42596,40,0,1,0,0,1,1,1,8,14,0,0,0,53,51,97,19,63,1125,594,108,11664,7,833,929,187,5661,43,552,3152,33,1789,28,2853,21,4814,65347,23102,24257,5232,37290,74,50293,868,348489,611,27,47,6,Web Attack - XSS
10901,81,2,0,175,30,1341,64,702.5,62,882,92,487,27,420,50,3256,1653,42349,41,36670,6448,1213,36185,24,55919,3723,2124,18621,91,1,1,0,0,0,1,0,3,2,0,0,0,33,26,43,23,49,1424,736.5,186,34596,9,416,336,709,3875,25,5398,7395,83,4090,9,2098,44,153,27312,51849,96041,4346,34366,682,93964,836,86002,515,24,91,6,PortScan
118,11039,26,44,4243,2182,588,74,331,62,377,83,230,82,9622,57,2375,2124,10252,52,91366,7486,2537,13648,45,48977,1130,907,23114,76,1,1,0,0,0,0,0,4,7,0,0,0,34,23,45,19,81,1436,758.5,101,10201,9,468,949,622,3232,14,5246,3667,64,5184,33,2698,26,4653,32110,14539,74584,1281,488326,869,52650,8490,331602,4,39,73,6,BENIGN
80,1184,217,6,93392,812,581,55,318,40,901,93,497,52,308182,3436,8890,572,46283,45,41361,6596,1172,17048,21,38427,6378,4809,34178,19,1,0,0,0,0,128,0,2,1,0,0,0,22,50,24,73,48,1371,709.5,188,35344,8,284,682,451,1903,20,144,4004,85,9016,46,1627,40,1948,33106,51756,72800,5185,300151,543,55703,8949,461323,232,15,88,6,DoS Hulk
13116,67,4,0,89,44,1157,58,607.5,13,989,49,519,43,390,72,6556,3793,24025,1,44294,3454,1623,28034,95,28439,7971,1776,33312,13,0,1,0,0,0,1,1,4,4,0,0,0,41,57,42,61,94,1265,679.5,88,7744,6,452,910,760,7883,96,7048,5967,70,1354,27,2409,22,1445,10443,12474,3675,8556,380974,918,89031,991,434715,197,26,28,6,PortScan
80,2389,670,7,85986,816,638,45,341.5,52,1374,42,708,79,384562,1956,3436,2563,40734,86,23037,1091,3464,16043,68,84738,8907,3640,2083,10,0,0,0,0,0,185,0,2,9,0,0,0,47,51,18,25,47,1370,708.5,75,5625,7,673,360,356,506,45,1891,2004,27,9398,14,4545,18,3715,10613,22900,66914,600,64614,756,53469,1687,476859,868,47,27,6,DDoS
80,3868,919,4,12595,741,498,42,270,48,284,44,164,66,306088,4920,4193,626,7344,33,31371,2981,4789,36879,95,98095,6943,4888,27616,17,0,1,0,0,1,103,0,0,0,0,0,0,58,30,5,14,99,1464,781.5,65,4225,0,310,408,861,2114,29,9722,7375,43,1817,39,2328,44,611,26938,25466,36097,7228,20259,274,86105,464,477176,505,17,81,6,DoS Hulk
82,32568,14,18,3990,1337,714,90,402,69,1359,56,707.5,91,3128,17,8283,1933,15976,89,54301,7959,2292,14392,16,34602,4125,697,15620,42,1,1,0,0,1,0,1,0,4,0,0,0,22,52,64,74,85,1118,601.5,103,10609,8,639,112,959,1776,31,1011,6785,58,9755,37,742,39,2983,19939,34725,98127,6785,267404,204,67658,7369,89464,880,44,72,6,BENIGN
80,3494,791,6,26300,597,405,75,240,85,217,82,149.5,23,173941,1995,9267,1467,39857,76,85450,5287,2214,15111,65,96631,8959,1680,29829,12,1,0,0,0,0,156,0,4,8,0,0,0,47,33,5,98,83,1208,645.5,194,37636,6,375,560,914,2822,61,3213,1778,59,4382,39,4984,35,2013,50901,43479,8762,9743,358383,191,78965,4107,69195,720,15,42,6,DDoS
16498,109292,32,72,2887,2632,377,62,219.5,17,457,85,271,73,4541,32,7723,2641,6223,78,33455,6978,133,46378,11,17024,7125,2915,18886,87,1,1,0,0,0,0,0,3,6,0,0,0,32,49,53,71,83,1192,637.5,89,7921,8,546,523,989,9110,53,3881,6597,48,8393,46,3186,6,3595,28447,59072,53908,2454,452565,118,47611,3206,56434,92,49,70,6,Bot
80,1602,412,4,34163,224,828,64,446,29,779,68,423.5,23,85837,2595,353,870,44770,44,73045,2831,3639,18816,35,5015,1967,1291,32429,85,0,1,0,0,1,147,0,4,5,0,0,0,39,42,87,82,94,1069,581.5,104,10816,4,202,829,211,8673,90,1695,1648,50,9012,12,910,11,4212,21521,12643,88981,5475,337036,597,7596,9436,11014,397,4,98,6,DoS Hulk
80,41359,19,60,43672,24971,965,64,514.5,71,603,68,335.5,79,41313,60,570,4350,6961,48,74895,8871,2382,28195,99,55960,3961,873,3208,84,1,0,0,0,0,0,0,5,17,0,0,0,40,33,9,56,87,1410,748.5,195,38025,9,859,541,558,5894,5,9513,6360,99,7722,14,843,30,1823,26510,35230,78240,8021,167076,688,36424,5558,287299,304,3,71,6,Web Attack - XSS
80,44657,72,94,42339,30156,1070,71,570.5,12,870,99,484.5,55,14873,179,2871,2481,47010,94,78165,5094,4707,4837,76,34093,7109,925,20876,76,0,1,0,0,0,1,1,8,13,0,0,0,59,22,53,99,86,1343,714.5,82,6724,8,918,667,778,3465,1,8154,949,28,6573,14,3714,30,1862,14552,16344,34575,5994,12070,59,95108,6154,91969,495,42,24,6,Web Attack - XSS
296,76623,36,43,4070,995,886,42,464,68,1266,84,675,26,1552,97,6867,873,47969,2,59067,422,792,15486,14,34454,5214,3359,45670,93,0,1,0,0,0,1,0,2,0,0,0,0,36,40,37,11,69,1292,680.5,77,5929,1,453,998,316,8181,5,4341,8806,48,8370,41,3749,44,2844,45889,18263,13797,8527,470415,925,80731,3079,319343,351,17,30,6,Infiltration
80,30322,33,82,18296,27964,419,63,241,67,1003,55,529,62,39735,401,7008,3084,1911,77,69312,8602,1593,16405,45,28760,7648,567,27618,37,1,0,0,0,1,0,1,10,9,0,0,0,28,35,34,84,56,1325,690.5,111,12321,2,394,590,544,5568,34,8468,8549,33,6533,46,2158,20,3798,36227,56028,77183,861,260378,670,30077,9467,186650,16,37,74,6,Web Attack - XSS
80,1176,407,0,50481,976,1087,87,587,89,631,77,354,27,406748,2127,1479,3724,2625,60,14250,3275,555,44141,12,87004,7966,2534,27440,93,0,1,0,0,0,101,0,1,0,0,0,0,27,38,66,84,82,1142,612,134,17956,2,632,871,252,9696,56,6533,4054,97,4484,5,3434,11,4581,56839,36579,89996,4493,44127,952,9396,3458,123011,144,33,58,6,DDoS
21,35032,74,92,13930,15950,1066,73,569.5,34,402,76,239,55,4054,69,5228,4698,26254,19,49512,3214,1191,13164,72,37889,4996,4321,10641,57,0,0,0,0,0,0,0,34,13,0,0,0,55,36,57,37,82,1407,744.5,125,15625,0,356,457,486,5411,20,6282,3479,46,6878,40,1978,11,2644,55429,10018,57013,105,78059,252,45024,4448,100723,290,14,40,6,FTP-Patator
80,3273,355,6,88724,781,1011,80,545.5,77,1284,90,687,73,66307,3044,6791,1334,42177,95,25235,2848,529,15137,13,58045,1519,1034,42080,35,0,1,0,0,0,66,0,3,2,0,0,0,46,55,56,57,64,1367,715.5,149,22201,1,476,417,869,6580,14,7246,1690,60,3996,15,1855,21,787,52801,34582,48835,1599,423206,93,6892,3654,86401,110,36,67,6,DDoS
6284,59,4,1,156,27,905,52,478.5,46,461,93,277,61,806,164,3654,4970,35231,46,84027,769,4760,26104,73,83858,1404,1518,9492,99,0,0,0,0,1,1,1,3,4,0,0,0,51,58,67,43,86,1106,596,177,31329,6,772,586,226,8367,94,8279,4998,63,2295,18,147,6,3122,12234,28958,13159,2393,221545,233,15337,501,103101,850,30,98,6,PortScan
80,44728,31,50,44387,27463,1399,65,732,85,858,86,472,65,26425,104,6065,2547,47589,82,83188,8543,1739,4145,59,2813,7942,933,30545,97,0,1,0,0,0,1,0,7,13,0,0,0,43,54,17,69,42,1425,733.5,142,20164,5,585,993,724,3740,47,8154,552,83,4916,39,4488,21,3961,39297,38501,27473,5052,226216,765,56234,1836,433933,857,35,44,6,Web Attack - XSS
29339,41,1,0,76,9,1240,66,653,15,918,72,495,46,309,184,8495,4908,41055,83,31526,9839,433,47837,62,9657,7619,637,40334,96,0,0,0,0,1,1,1,3,8,0,0,0,26,26,28,94,78,1097,587.5,51,2601,4,147,177,755,7707,62,8106,5457,70,7588,45,2506,42,2903,12799,23123,81036,897,22687,276,38588,4053,213062,192,23,98,6,PortScan
328,18139,28,16,4389,1309,422,93,257.5,91,595,73,334,25,3415,34,7338,3397,34644,32,9601,4827,3951,10466,88,95383,606,4797,3049,91,1,1,0,0,0,1,1,4,3,0,0,0,34,29,85,15,97,1278,687.5,190,36100,1,120,407,192,5501,1,2008,7171,19,421,34,1566,13,3517,56721,54883,64110,8084,311751,393,27880,4965,152919,569,10,92,6,BENIGN
180,7824,49,42,1708,3883,194,72,133,64,315,96,205.5,59,7404,40,7538,4264,40761,29,94754,6482,4382,42458,80,22529,1243,1741,44284,71,1,0,0,0,1,0,1,2,5,0,0,0,54,28,50,45,99,1049,574,56,3136,8,586,204,282,3003,44,1938,7935,28,3717,19,3887,20,4369,52843,64237,81841,5317,300089,119,20882,4363,139495,776,36,94,6,BENIGN
30109,49446,60,48,8610,4083,1413,93,753,46,760,70,415,93,4671,5,3467,3460,46977,72,73136,3730,2942,10766,32,44388,8314,4312,33459,1,0,1,0,0,1,1,1,1,9,0,0,0,37,29,87,83,77,1228,652.5,130,16900,6,184,700,208,9301,38,67,8565,5,5813,22,444,1,1010,11678,50759,61437,6329,318893,621,91916,2590,382983,121,30,98,6,Bot
23589,75,1,1,198,75,1081,77,579,99,1257,95,676,25,868,121,4220,1859,37820,23,94481,7040,526,15099,35,32114,5082,773,30055,92,1,0,0,0,1,1,0,3,1,0,0,0,53,57,3,13,70,1418,744,92,8464,2,335,275,197,8437,13,2035,9735,86,890,14,673,1,1263,56399,57543,7183,8799,425491,646,28026,4413,399796,424,24,69,6,PortScan
53423,253749,20,47,3327,1393,597,45,321,98,1312,77,694.5,99,2238,10,6400,4943,38199,31,60362,6455,1187,43680,65,86955,1045,4868,6447,57,0,1,0,0,1,1,0,2,4,0,0,0,34,30,16,2,71,1262,666.5,116,13456,9,544,132,234,5369,37,1013,4998,90,4592,7,4541,25,934,60246,46456,22901,9949,370762,979,17085,9418,422301,245,16,42,6,Bot
80,2749,749,9,27708,743,1031,81,556,13,853,87,470,51,135080,2669,3385,562,16071,91,69476,2590,2292,15104,74,80901,9047,3379,24574,36,0,1,0,0,0,191,1,1,8,0,0,0,28,36,97,64,90,1238,664,82,6724,7,564,495,496,5018,13,8031,9916,14,699,4,185,33,4826,53987,57448,18808,9154,35266,524,77451,2603,492411,159,15,25,6,DDoS
36924,229728,51,22,7007,7700,823,73,448,42,436,95,265.5,48,4488,5,6976,3747,10127,46,81904,3582,2195,21933,68,27504,9047,1157,25729,70,1,0,0,0,0,1,1,3,6,0,0,0,35,57,32,12,94,1370,732,127,16129,2,551,545,168,3169,41,4065,719,19,5596,18,120,46,744,43997,38445,83701,4411,157758,311,98493,1379,385751,188,12,56,6,Bot
61999,184342,31,20,9115,9095,203,92,147.5,19,760,66,413,28,1784,21,5221,1892,16145,13,87912,8666,953,11711,47,62167,9058,3766,14761,51,1,0,0,0,1,0,0,3,3,0,0,0,28,20,89,64,45,1381,713,94,8836,6,908,429,666,2863,33,1661,8666,11,7394,23,996,9,2636,60043,40624,31649,3064,105489,274,23689,7293,446519,618,11,32,6,Bot
80,35259,37,19,37648,11832,988,81,534.5,82,894,41,467.5,70,37483,306,6429,3716,14503,43,14173,7202,2008,34979,5,97185,1298,138,32291,68,0,1,0,0,0,1,1,16,14,0,0,0,20,23,17,47,78,1228,653,147,21609,9,617,929,659,4952,58,8554,1721,53,3721,48,3908,8,4369,19687,16806,20470,2440,357404,824,31663,6178,38956,754,2,77,6,Web Attack - XSS
80,4669,594,8,29560,154,1297,86,691.5,52,1311,93,702,46,353041,517,7509,4160,13971,31,56716,4172,2232,39279,65,77226,5875,4987,16749,62,0,1,0,0,0,101,0,0,6,0,0,0,54,48,96,10,47,1091,569,136,18496,3,448,373,243,4591,38,7499,6870,85,1634,30,3642,32,3244,42280,13121,19182,4452,232802,162,38045,1598,448989,92,32,32,6,DoS Hulk
80,967,695,7,93036,489,1051,41,546,79,828,81,454.5,75,122804,4371,4218,163,8474,27,87162,4638,1578,2649,37,21383,7100,2648,16379,44,0,1,0,0,0,102,0,0,0,0,0,0,25,41,62,23,40,1109,574.5,51,2601,8,632,349,549,4061,93,7735,8045,67,3490,35,3192,47,2873,58205,36661,95301,3313,498028,714,55122,1520,152479,542,11,97,6,DoS Hulk
80,4706,716,4,42517,21,1146,73,609.5,67,917,80,498.5,30,275643,841,3044,318,7571,21,9269,230,2238,5034,35,59085,5341,1691,8225,13,0,0,0,0,1,134,1,3,6,0,0,0,54,24,5,78,97,1054,575.5,54,2916,3,520,150,126,2691,4,1396,4085,10,8629,29,2837,17,1733,20322,10977,32342,7098,158735,910,42710,8591,175104,910,41,75,6,DoS Hulk
95,87480,6,49,2682,534,1239,94,666.5,83,1218,54,636,82,9736,98,1268,322,10709,69,14740,9507,2903,34662,19,71640,4728,1356,3446,1,0,1,0,0,1,1,1,4,7,0,0,0,25,26,39,87,96,1026,561,194,37636,9,790,334,133,8519,90,8612,7151,53,430,44,4185,18,3644,33272,17898,96992,5806,429596,402,37414,3620,346927,315,26,38,6,Infiltration
80,536,871,1,22861,835,892,97,494.5,27,613,51,332,60,335176,4546,4050,4536,18125,8,36711,6271,4732,44798,86,89235,846,657,49984,87,0,1,0,0,0,98,0,1,4,0,0,0,27,34,21,54,71,1323,697,160,25600,6,658,381,559,4784,88,3293,6310,40,8944,23,3044,28,1428,12967,44863,73416,5772,481364,217,29746,2032,497755,256,4,77,6,DDoS
80,24505,36,38,27158,48521,1208,72,640,66,1421,81,751,56,24737,263,3368,675,26251,95,48245,7587,1310,15957,48,19998,4582,4527,48565,99,0,1,0,0,1,1,1,13,15,0,0,0,20,27,70,3,96,1463,779.5,195,38025,5,534,930,978,8172,59,1753,9055,23,6091,29,2537,43,641,22322,15807,37923,7468,170506,844,24040,9888,417378,301,26,62,6,Web Attack - XSS
9755,443274,62,40,1655,8864,155,91,123,76,1343,89,716,27,3232,47,6031,728,13226,93,15319,4082,2617,14832,9,62239,2060,3214,1627,88,0,1,0,0,1,0,0,1,8,0,0,0,41,46,27,89,70,1446,758,157,24649,8,897,648,498,9159,95,6931,5591,49,6434,40,4114,38,2050,13876,56555,95364,6666,112665,13,97346,8545,399538,962,8,54,6,Bot
80,3574,959,7,50118,805,1202,80,641,73,1290,80,685,73,220437,4374,9135,3804,32769,30,75050,4839,573,48638,13,12588,3036,4811,32816,84,0,1,0,0,0,142,1,4,7,0,0,0,52,57,7,35,98,1297,697.5,146,21316,7,120,372,116,1567,76,5761,2462,93,7470,33,2534,9,2374,9533,55978,51235,5685,309005,539,9956,7395,414243,670,8,87,6,DDoS
80,4918,912,8,13458,382,359,88,223.5,97,710,64,387,98,251122,4098,1151,4666,28753,20,40221,2080,1631,2722,55,44593,990,310,28289,29,0,0,0,0,1,168,0,0,6,0,0,0,40,22,24,70,47,1071,559,81,6561,8,478,664,672,4422,22,3494,515,54,2071,41,2098,15,729,13835,49953,83776,7037,153904,100,83320,9487,180900,410,47,47,6,DDoS
80,948,865,2,54176,346,699,51,375,80,415,65,240,86,324432,3569,1180,2984,34250,29,83188,7524,602,17314,84,76977,4266,2653,49928,18,1,1,0,0,1,162,0,3,5,0,0,0,31,50,57,46,77,1018,547.5,195,38025,6,954,208,323,21,80,2664,5866,46,3136,25,4499,13,4912,14984,31441,68257,1900,432208,118,65214,8418,14203,494,4,86,6,DoS Hulk
1971,53,3,1,124,26,186,93,139.5,18,725,50,387.5,86,570,89,3078,1473,12758,8,39350,1848,1025,38471,13,80548,7511,3824,32387,78,0,0,0,0,0,1,1,4,5,0,0,0,30,30,96,48,63,1229,646,184,33856,8,848,671,219,2299,54,5619,5949,43,5667,28,678,28,2095,18401,33944,62443,9417,418562,109,84284,7216,199356,68,39,60,6,PortScan
80,4217,653,5,39232,562,426,76,251,82,992,66,529,66,156484,3337,7893,4952,45868,74,90188,7036,3659,33570,8,83305,6395,412,46763,57,1,0,0,0,0,78,1,0,5,0,0,0,29,27,25,40,40,1068,554,179,32041,3,184,994,544,8237,83,1491,3125,64,8843,48,917,3,141,51970,28426,30703,4276,211152,60,12940,1838,273507,762,34,59,6,DoS Hulk
105,55591,23,5,1366,4421,1395,88,741.5,88,1348,75,711.5,75,5222,10,8038,4870,41076,95,49004,7080,1691,26901,9,35394,6110,1538,15396,39,0,0,0,0,0,0,1,1,2,0,0,0,48,35,70,16,68,1304,686,166,27556,5,549,406,556,3451,89,2197,4921,37,2589,5,837,1,4700,64066,29903,81486,3430,136441,816,60185,5455,237958,67,21,91,6,Infiltration
80,24784,84,23,42226,16485,556,73,314.5,22,592,97,344.5,91,25546,180,8019,307,32378,75,45169,3201,791,10304,83,92616,8308,283,45797,55,1,0,0,0,1,1,0,10,11,0,0,0,47,24,64,81,49,1362,705.5,149,22201,3,398,788,450,9520,60,2227,6624,97,9830,10,4564,8,1016,41816,22630,63008,9076,90939,281,35085,6462,167659,901,21,53,6,Web Attack - XSS
80,4016,854,0,53073,213,1340,83,711.5,96,699,69,384,32,430923,3766,5643,1978,49357,13,7726,7387,1987,27109,23,42615,9272,3834,29095,79,0,0,0,0,1,187,1,1,6,0,0,0,28,40,19,86,43,1088,565.5,177,31329,2,817,196,394,4290,47,1759,5080,53,6494,41,1607,36,891,56877,25643,64724,236,177710,668,44964,2736,307136,670,28,56,6,DoS Hulk
21,30209,90,99,12479,12515,1386,92,739,13,1267,50,658.5,41,13140,26,8428,3631,26482,32,97766,2101,1278,40855,17,97322,556,3660,2967,3,0,1,0,0,0,0,1,26,47,0,0,0,44,24,3,9,71,1160,615.5,162,26244,9,197,610,339,9331,41,8611,9939,77,4882,32,4785,20,1743,25362,37547,67648,8094,360879,391,32653,730,417595,609,27,91,6,FTP-Patator
25568,284092,40,32,1339,7116,554,82,318,74,246,66,156,74,2000,9,6081,1859,39631,50,44048,4208,2784,2999,43,47534,6719,4841,7548,92,0,0,0,0,0,0,1,0,9,0,0,0,54,33,5,8,72,1362,717,172,29584,5,315,484,241,259,15,2757,4480,56,2885,33,1182,19,3234,14650,49781,28962,2898,78462,282,88727,3462,75990,871,29,25,6,Bot
9130,18,2,0,168,44,305,42,173.5,33,919,72,495.5,41,637,124,965,207,9754,50,95633,6101,4337,12260,57,14165,6765,4665,9395,35,1,0,0,0,0,1,0,3,4,0,0,0,46,36,99,7,74,1402,738,178,31684,4,228,807,880,1300,47,519,6008,7,9445,44,2115,38,4244,19686,32585,13949,2278,265542,676,28171,8714,450222,4,7,61,6,PortScan
31685,59,2,0,140,24,311,54,182.5,35,586,57,321.5,26,335,76,8691,4588,48447,99,94427,6179,325,45576,46,34751,4683,2196,34476,37,0,1,0,0,1,1,0,0,8,0,0,0,31,59,71,27,64,1011,537.5,178,31684,5,134,210,109,7591,86,3394,1006,99,9050,22,758,9,2782,38223,45505,25984,378,90508,751,44299,6480,405919,817,9,85,6,PortScan
80,486,347,9,92693,550,290,90,190,66,1118,62,590,87,452835,1978,1127,3043,24409,21,89579,1104,4720,15017,53,6346,8211,428,9992,64,1,1,0,0,1,87,0,3,1,0,0,0,57,39,49,72,79,1223,651,132,17424,7,812,176,528,2570,92,8383,5658,44,9728,21,2276,23,2078,30470,45184,58482,6583,161590,598,30024,7947,376587,891,5,58,6,DDoS
433,27044,21,42,2991,3360,1191,55,623,35,1371,40,705.5,22,4376,64,9545,2544,15346,73,60448,6299,3888,11308,16,25477,7985,4016,12603,27,1,1,0,0,0,1,0,2,7,0,0,0,55,45,91,95,85,1268,676.5,174,30276,3,738,402,401,1944,25,7242,8810,93,4329,2,3716,8,317,20854,12940,48538,9000,259039,126,18060,7647,64481,130,3,80,6,Infiltration
59110,90,2,1,74,5,1219,49,634,87,139,82,110.5,58,673,78,5785,1198,39527,90,44563,8585,3129,8873,78,94107,2890,3325,43149,25,0,0,0,0,1,1,0,1,0,0,0,0,44,40,39,91,48,1182,615,74,5476,7,301,352,535,9881,11,2063,574,92,9985,31,3638,19,3847,21164,30817,79851,4453,55946,488,29080,7341,252887,778,46,52,6,PortScan
197,65425,30,15,4029,1895,233,41,137,28,1085,81,583,34,6038,35,6793,4707,27890,98,61757,9815,2981,17688,26,61504,6247,4927,7543,85,1,0,0,0,1,0,1,4,6,0,0,0,55,40,72,49,48,1281,664.5,188,35344,1,572,794,853,7113,46,3734,1190,68,9309,12,3020,16,1203,18992,39074,71104,1113,116938,890,33381,9822,202548,949,31,83,6,Infiltration
80,3078,522,6,39418,372,1036,61,548.5,81,146,60,103,13,61171,3510,2055,3966,22744,77,87346,9130,1529,33889,73,10312,585,3010,41050,15,1,0,0,0,1,186,0,1,0,0,0,0,48,33,32,7,59,1325,692,173,29929,2,165,354,872,5773,59,1301,2683,3,227,39,4257,15,3746,64114,48978,40170,4498,100774,365,85505,9373,368946,565,14,82,6,DDoS
80,1461,803,0,67436,713,202,50,126,11,1434,92,763,51,187901,1402,4663,1174,17936,13,76033,7903,4014,19956,60,9420,7156,4921,32286,64,1,1,0,0,1,93,0,0,5,0,0,0,21,59,83,30,78,1122,600,52,2704,6,323,916,624,188,25,772,4851,13,3578,9,1898,8,3450,51015,11184,41256,2217,357027,589,40304,8920,97116,938,46,78,6,DDoS
261,71389,19,16,1609,4619,1436,93,764.5,97,919,65,492,58,4111,83,4342,4271,1804,41,89291,3793,1516,29941,52,22867,623,4145,20654,43,1,1,0,0,1,0,1,0,3,0,0,0,41,25,9,64,92,1331,711.5,103,10609,5,196,287,890,9313,2,5796,9075,71,6659,15,2531,6,1234,37250,52748,54618,4790,253659,674,81939,9096,104878,93,10,53,6,BENIGN
80,3987,443,8,86627,933,1394,85,739.5,62,652,49,350.5,71,300535,3718,2967,1570,34554,99,44419,5153,2592,33618,62,88514,6439,4870,14250,79,1,1,0,0,1,75,0,4,7,0,0,0,56,58,4,34,40,1081,560.5,50,2500,2,665,892,492,1593,64,7057,3447,98,5321,13,3192,8,2746,9628,9788,86668,7797,470358,963,36662,1364,383662,993,11,96,6,DoS Hulk
80,3998,824,1,70895,86,1122,86,604,88,227,53,140,30,337496,542,469,1413,37891,67,4729,1398,1077,18477,78,8804,305,3944,41403,24,0,1,0,0,1,173,0,4,5,0,0,0,44,49,20,45,50,1379,714.5,128,16384,8,951,229,242,6757,35,2017,1342,55,1487,20,4397,26,1062,28658,23634,6148,1883,123352,212,63550,4444,18993,85,33,44,6,DoS Hulk
327,93017,7,41,3368,3598,979,92,535.5,40,1056,99,577.5,57,2293,34,3182,1641,35548,14,12016,7972,1930,27475,43,91998,5655,2792,14391,31,0,1,0,0,1,0,1,2,1,0,0,0,29,24,57,64,68,1098,583,162,26244,4,264,593,353,3808,39,5121,336,18,8926,43,1626,30,2988,22937,63843,38123,7416,480656,507,62776,1512,255161,146,12,27,6,Infiltration
21,20301,48,62,2815,6492,1138,84,611,31,441,73,257,46,18948,143,7837,2161,20546,29,98130,6802,4981,34059,49,73287,3847,4015,30899,23,0,1,0,0,1,0,0,12,20,0,0,0,28,32,10,98,98,1122,610,83,6889,0,355,809,967,1463,73,7837,7767,77,6631,45,3478,13,2910,22403,26944,67121,4716,369529,606,35033,6825,32415,315,43,31,6,FTP-Patator
10470,132346,90,29,9141,8448,868,42,455,98,1353,78,715.5,56,4205,36,5168,3125,47070,11,91894,7876,682,1194,66,96053,7414,1750,45301,91,0,1,0,0,1,0,1,0,5,0,0,0,46,59,71,13,97,1215,656,51,2601,9,332,387,535,7747,21,4916,1818,59,371,42,797,39,1302,35679,31282,34096,5125,450803,535,29735,1510,300061,933,24,65,6,Bot
21,47163,52,69,4094,12737,998,66,532,57,761,98,429.5,25,11789,138,8931,3920,32537,21,30173,5877,893,1999,95,30101,2609,2116,3538,45,1,0,0,0,1,1,0,27,20,0,0,0,39,40,81,88,50,1099,574.5,86,7396,6,417,758,974,239,26,4719,7533,93,6308,1,2140,21,179,15980,15361,18057,1362,208595,710,77730,3961,335086,822,17,30,6,FTP-Patator
80,997,126,1,46766,88,1497,42,769.5,38,622,60,341,14,196826,1735,7963,2699,29333,34,31482,9943,2751,44684,66,49246,9849,4062,18394,69,0,0,0,0,1,175,1,1,4,0,0,0,27,51,60,37,74,1107,590.5,74,5476,9,471,949,437,3012,33,5477,5060,13,5712,33,2038,39,1228,38959,48391,4664,1124,310291,968,22626,2986,192250,624,21,42,6,DoS Hulk
432,45204,6,39,890,4182,274,49,161.5,53,1164,68,616,64,6302,12,2014,1052,32987,1,97449,9434,203,18927,96,85549,9336,620,28852,19,1,0,0,0,0,0,1,0,7,0,0,0,53,25,19,53,47,1384,715.5,173,29929,2,156,677,569,2852,80,8345,2485,84,4343,9,2257,49,2541,9195,50565,45393,4212,479267,269,2935,6088,247637,181,41,98,6,BENIGN
80,630,795,5,57444,685,334,46,190,71,1083,88,585.5,60,271736,988,528,282,2823,1,71206,3117,2824,22076,7,85252,4061,2321,25738,59,0,1,0,0,1,60,1,4,3,0,0,0,41,33,9,95,83,1164,623.5,154,23716,9,810,244,322,4950,33,8717,1798,23,831,16,1726,45,1956,28904,61114,63765,183,210773,414,61614,6813,358805,668,7,38,6,DDoS
80,19481,48,43,13685,48990,424,76,250,74,1107,95,601,35,29125,80,1853,2463,27222,42,83250,2697,1786,18457,65,42197,7093,4822,17020,88,1,0,0,0,1,0,1,13,6,0,0,0,59,42,49,73,98,1277,687.5,125,15625,7,129,982,312,1321,5,6827,8618,28,9166,6,3319,22,3634,56638,60574,26847,5388,131805,245,4272,860,366798,777,14,65,6,Web Attack - XSS
80,1498,794,5,53399,72,845,76,460.5,13,197,58,127.5,49,379110,1883,3129,1353,49975,90,51288,7112,2369,28427,32,2416,7217,3120,14359,95,0,1,0,0,0,57,1,4,1,0,0,0,37,41,66,55,65,1451,758,187,34969,4,514,323,528,40,99,4694,2216,3,1355,31,459,18,1113,57030,63407,88881,4058,222198,289,34435,7283,232616,565,38,56,6,DoS Hulk
265,24649,15,28,1319,2220,192,45,118.5,52,1019,41,530,52,6809,32,6310,700,26642,3,10927,7896,2783,27366,12,61438,612,4744,25462,92,1,0,0,0,1,1,0,0,1,0,0,0,40,20,10,21,41,1186,613.5,115,13225,8,550,929,145,2722,18,1178,2030,39,2572,7,1725,9,3343,38349,49547,66827,8090,250112,661,35835,9733,71727,631,23,38,6,Infiltration
323,35116,11,43,2635,3740,652,87,369.5,41,401,92,246.5,80,8003,85,1569,4749,46279,47,74038,475,1568,20233,47,35229,1884,262,6599,65,0,0,0,0,0,1,0,0,0,0,0,0,24,57,82,27,81,1173,627,58,3364,6,615,992,106,1563,74,4560,458,33,9355,34,4322,11,2253,29369,42601,65668,5653,294091,712,62140,2844,438949,799,34,55,6,Infiltration
291,26141,7,29,3435,1933,495,70,282.5,36,287,86,186.5,41,8315,70,9555,3599,7460,3,59889,7175,796,17161,32,88646,8339,3467,35477,91,1,0,0,0,1,0,0,0,2,0,0,0,46,29,22,34,68,1499,783.5,87,7569,6,630,217,427,1471,35,6287,9310,84,2112,8,4848,12,4084,28539,12340,1923,1014,38884,594,84911,2595,466853,177,35,97,6,Infiltration
80,521,290,4,19935,735,877,74,475.5,29,641,96,368.5,69,438408,2518,7449,4403,22132,4,64404,1902,3736,36579,91,79135,1855,4286,5263,7,0,0,0,0,0,183,0,3,0,0,0,0,43,50,76,82,74,1109,591.5,81,6561,7,838,557,672,4411,83,5166,7244,34,4409,41,3270,18,1200,33148,27489,16857,4643,83317,699,50072,3662,157852,697,46,90,6,DDoS
80,40310,69,11,22052,26078,976,55,515.5,64,260,44,152,56,47912,288,3321,827,17401,7,89004,5648,404,7333,43,55958,4398,4196,24097,24,1,0,0,0,0,1,0,12,17,0,0,0,23,33,98,83,53,1275,664,179,32041,0,412,130,530,7432,40,3818,9136,76,298,10,4470,46,3353,53720,8247,77351,527,362981,38,74277,5408,296718,823,2,29,6,Web Attack - XSS
80,16963,53,26,11681,21548,1230,66,648,16,881,50,465.5,84,23121,214,8246,3075,25388,89,16554,8011,3166,17849,12,13496,4702,4961,7687,64,0,1,0,0,1,1,1,13,18,0,0,0,28,27,59,17,96,1416,756,90,8100,2,745,310,873,1824,45,4919,2114,25,8206,35,3718,42,1187,32930,14789,98030,9550,15079,702,70306,1508,39193,23,45,52,6,Web Attack - XSS
46555,72,2,0,54,29,1380,52,716,18,388,99,243.5,84,471,158,5718,184,5501,80,57375,2729,3882,12155,59,51782,6339,1692,24154,45,1,0,0,0,0,1,1,1,7,0,0,0,35,45,29,5,68,1049,558.5,147,21609,9,319,379,455,7611,60,1765,2749,31,6983,30,2134,25,2146,49517,33787,50940,1723,228566,64,93910,4772,362702,901,23,97,6,PortScan
428,9814,27,46,4500,4582,176,83,129.5,95,269,58,163.5,68,2935,83,5911,1598,42099,67,39054,5920,3960,33769,90,53697,358,4803,31022,86,1,1,0,0,0,0,0,0,2,0,0,0,50,56,44,56,72,1357,714.5,119,14161,2,213,537,977,8308,99,2469,1520,88,5462,40,923,22,1764,63710,33531,67687,5020,180124,454,25811,2985,102360,964,44,94,6,BENIGN
23015,321542,80,41,7625,8722,1348,58,703,30,171,62,116.5,10,2863,17,8762,1052,39524,48,67638,9027,3528,44701,9,73833,3712,2865,25966,26,0,1,0,0,0,0,1,3,8,0,0,0,26,34,51,83,74,1197,635.5,147,21609,3,961,201,653,2284,2,4039,213,46,7510,45,737,43,3284,25579,64000,82788,3934,307011,942,69348,4545,279025,48,49,33,6,Bot
21,35530,54,46,16714,6225,841,51,446,80,1093,55,574,69,14601,174,751,2356,42398,6,68305,1439,4608,46442,2,9017,7340,2322,37974,5,0,1,0,0,1,1,1,48,17,0,0,0,31,54,23,75,48,1480,764,116,13456,1,110,118,291,4717,48,3152,9024,0,5461,3,3476,8,1233,19337,21133,11604,1999,482799,363,76067,5060,167359,736,25,39,6,FTP-Patator
292,19896,41,5,4645,2607,533,71,302,86,185,86,135.5,95,1287,13,9965,503,13430,52,89326,4987,1330,12042,39,41099,9907,1818,25240,23,0,1,0,0,1,1,0,4,5,0,0,0,36,55,54,74,75,1170,622.5,199,39601,9,115,646,796,5799,85,7045,4610,93,5816,4,4267,44,611,55804,18651,1100,1329,480532,737,84064,3658,405344,415,2,65,6,BENIGN
366,79221,17,41,2045,1131,648,54,351,89,748,62,405,33,5161,45,1860,1313,48392,13,71625,195,4407,44845,84,52102,6496,2818,39433,14,0,0,0,0,0,1,1,2,4,0,0,0,50,44,8,1,78,1243,660.5,77,5929,3,928,952,144,714,88,1079,5833,41,3761,27,2412,7,4057,41011,13492,26271,4180,401908,929,16882,8953,474047,772,8,83,6,BENIGN
80,4518,366,4,52023,983,892,80,486,41,422,81,251.5,32,128374,2432,7627,361,5991,30,84974,2898,2701,39412,95,63734,7791,746,10466,66,0,1,0,0,1,196,0,0,7,0,0,0,39,37,42,48,94,1146,620,103,10609,9,975,125,878,7885,98,3592,3791,75,9540,22,1907,35,216,48356,22957,3677,8797,66111,773,30272,1265,175715,843,34,88,6,DoS Hulk
80,43442,93,23,6161,5153,1449,54,751.5,47,151,50,100.5,62,14096,233,6807,4560,26803,57,79216,9371,105,30108,90,63924,2057,1920,25218,99,1,1,0,0,0,0,0,11,7,0,0,0,51,52,10,34,77,1202,639.5,105,11025,9,323,865,229,6411,28,4326,8115,80,2407,35,3623,44,1531,10325,26346,37529,714,417538,573,86643,3360,133790,390,40,86,6,Web Attack - XSS
80,4670,557,5,27055,792,785,52,418.5,96,772,66,419,60,346249,4682,5778,3997,19779,52,89238,7047,2692,40717,37,2070,4446,3246,31526,69,0,0,0,0,0,121,0,2,6,0,0,0,22,58,7,67,73,1251,662,124,15376,0,259,216,391,5365,59,4607,3270,34,7117,23,4472,36,386,33280,58244,55094,2193,324733,117,66605,1309,78612,493,37,32,6,DDoS
187,24855,14,26,3453,2972,890,55,472.5,26,668,60,364,87,5919,92,3876,2621,1350,19,58052,9258,1990,28388,23,90033,8059,440,1219,91,1,0,0,0,1,0,1,0,0,0,0,0,38,45,46,65,51,1073,562,175,30625,5,304,410,888,4836,94,2038,2318,47,9768,13,742,15,3018,42629,50865,42865,757,83433,782,60240,7406,17147,303,33,66,6,Infiltration
21,11932,27,39,13691,14110,387,47,217,99,178,77,127.5,64,15964,93,8625,873,49382,89,40463,5718,3909,27195,90,22639,5683,945,4901,10,0,1,0,0,0,0,0,22,38,0,0,0,47,22,65,99,61,1258,659.5,59,3481,3,499,684,788,8109,13,3266,7338,73,9488,2,2604,25,4552,45157,59568,37330,8050,124691,154,38277,5580,177947,431,6,68,6,FTP-Patator
111,26992,15,6,4117,4810,1052,50,551,50,1212,82,647,60,2657,14,2902,4548,4322,10,42805,2300,4430,11175,80,12052,7067,3009,10519,55,0,1,0,0,1,1,0,1,9,0,0,0,40,32,91,33,97,1274,685.5,108,11664,7,434,745,974,7496,38,2467,559,92,1583,38,1255,22,1036,19462,13177,12551,8624,340177,283,12002,8794,233326,130,17,36,6,Infiltration
434,82950,17,34,2060,2606,601,65,333,27,226,92,159,19,2424,10,2683,4211,26271,78,99314,5439,3143,31244,52,55563,9393,4329,41798,11,1,0,0,0,0,1,0,1,8,0,0,0,33,55,59,80,45,1190,617.5,127,16129,6,672,376,355,7824,87,520,7605,27,1071,9,734,2,1541,12115,8609,79789,2194,373486,807,42213,3647,161121,733,35,58,6,BENIGN
256,86200,20,23,2166,4142,152,60,106,18,1332,78,705,73,8526,58,2278,4747,48771,86,10672,3058,1258,49991,11,80010,7719,1919,28126,79,1,1,0,0,0,0,1,2,0,0,0,0,39,23,2,89,85,1043,564,81,6561,2,658,388,600,3629,90,6473,970,1,3206,19,2340,9,4356,9237,57134,1268,3907,309237,702,88604,4926,381570,548,32,99,6,BENIGN
80,3291,225,9,80348,413,1178,78,628,17,628,68,348,55,190570,1408,7382,4179,40071,46,26099,3704,3258,30387,6,7711,7477,1974,39589,15,0,1,0,0,0,152,0,2,7,0,0,0,39,34,50,97,95,1461,778,183,33489,5,471,145,771,1338,33,7968,5708,27,4072,43,1069,26,890,24466,39987,86834,4768,414364,134,55725,611,53257,917,2,22,6,DDoS
60506,61,1,0,143,20,1312,95,703.5,53,724,45,384.5,77,592,178,8619,4995,33208,58,94078,1113,4046,37502,37,86214,6890,3503,35659,46,0,0,0,0,0,1,1,2,7,0,0,0,48,31,73,45,53,1023,538,71,5041,8,911,609,531,7083,48,1738,8985,18,2758,46,1450,4,3712,19828,34482,33941,7479,441460,229,12666,8240,355911,462,47,61,6,PortScan
243,92925,45,30,913,4689,1458,55,756.5,32,1445,68,756.5,24,4693,66,9134,3942,37457,77,27480,4917,1050,32814,77,97615,6171,2906,24968,97,1,1,0,0,0,1,0,2,0,0,0,0,54,42,21,27,89,1094,591.5,67,4489,4,882,486,369,6140,53,5475,8850,86,1377,34,3096,11,1446,30692,31854,44868,6122,11220,726,68561,8036,83951,931,47,61,6,Infiltration
21,18902,82,71,7372,2033,249,52,150.5,26,651,51,351,66,8274,58,1573,1472,16539,10,9783,1166,709,23030,70,62458,7726,3110,27389,78,1,1,0,0,1,1,0,33,28,0,0,0,53,58,63,94,66,1132,599,168,28224,6,436,119,559,1704,22,8615,3046,31,2238,43,2291,21,631,34799,25001,17221,735,327571,831,19264,3366,470155,677,12,78,6,FTP-Patator
60584,87,1,1,61,47,702,58,380,59,1217,63,640,65,775,98,9561,1026,34920,57,95531,7154,2237,28035,7,69127,1768,2354,47564,84,1,0,0,0,0,1,1,4,4,0,0,0,44,40,37,20,89,1322,705.5,168,28224,7,225,808,626,4622,92,9082,5433,24,4830,4,1797,19,1583,45532,43972,91424,751,349384,660,49335,3163,99793,132,48,21,6,PortScan
89,80629,45,18,3109,3281,1006,51,528.5,98,925,85,505,95,8398,17,1390,3292,24397,40,24071,2335,2282,7256,43,96328,3249,4969,9300,34,0,0,0,0,0,1,0,4,1,0,0,0,25,38,59,1,56,1399,727.5,112,12544,4,960,698,870,6033,51,1458,9356,15,2936,30,1756,36,4743,58488,42249,35960,9689,299722,273,66778,9006,195665,929,49,66,6,BENIGN
21,27935,98,30,8640,19641,266,58,162,28,298,57,177.5,78,6768,59,4824,3360,1751,2,7434,6661,4940,48873,39,41310,1717,4629,33336,60,0,1,0,0,1,0,0,28,31,0,0,0,41,55,56,1,50,1435,742.5,78,6084,5,239,931,322,3211,22,211,4083,5,5964,48,261,26,2658,53897,30588,46426,7834,330671,417,52661,9983,375843,961,41,47,6,FTP-Patator
332,83969,33,31,4643,4049,676,48,362,82,306,65,185.5,44,4858,21,2252,3901,32013,92,50551,6032,1036,49053,66,17045,4127,4099,23270,64,0,0,0,0,1,0,0,2,2,0,0,0,23,35,77,94,80,1283,681.5,92,8464,3,506,176,834,776,95,5329,6860,92,4240,3,4285,41,3790,15023,18112,50888,9160,367474,505,81809,7182,94734,480,9,28,6,BENIGN
80,4247,55,14,15851,9898,1375,92,733.5,78,1272,86,679,67,29863,498,3760,3252,15494,77,97338,6274,3755,32337,89,96751,8162,4965,42714,45,0,0,0,0,0,1,1,15,12,0,0,0,48,26,93,37,88,1033,560.5,78,6084,1,495,380,697,6201,10,6327,2641,13,1635,34,2066,4,1734,61744,51636,70753,9216,438877,918,32697,8669,87613,274,15,64,6,Web Attack - XSS
134,86613,49,26,2768,3784,1377,71,724,56,1444,68,756,90,3484,47,1996,1413,6820,45,51020,6612,474,3974,96,38699,4648,2045,6135,99,0,0,0,0,0,1,0,2,2,0,0,0,50,49,92,83,40,1113,576.5,56,3136,6,801,794,109,3615,42,9978,8813,64,6271,37,4236,14,914,37279,30122,23086,8796,108430,54,85020,979,451653,610,2,28,6,Infiltration
319,20305,23,20,3399,3268,779,62,420.5,56,283,41,162,99,2140,94,9315,3444,6347,32,81760,2621,4037,35990,22,47780,1277,2298,46557,58,0,0,0,0,1,1,0,1,5,0,0,0,21,33,67,56,42,1471,756.5,169,28561,6,211,454,688,9657,40,9801,6864,79,2938,33,1947,13,4619,51637,33345,8126,321,237754,829,28047,9464,488207,941,11,35,6,BENIGN
18734,67361,92,93,8323,7677,1253,76,664.5,32,127,68,97.5,96,1345,5,8524,2295,34209,73,35422,7724,3636,22330,79,64350,9681,521,2984,36,1,0,0,0,1,1,0,0,7,0,0,0,32,39,4,6,65,1263,664,150,22500,7,150,599,240,1277,47,78,6780,72,2871,45,1600,5,1919,11158,16810,60342,2814,106243,582,68999,8408,168853,276,47,78,6,Bot
80,3835,139,7,55512,735,529,50,289.5,89,319,59,189,17,347753,4959,3756,3606,41765,75,10241,4060,3892,9732,99,38302,1206,974,47870,67,0,1,0,0,0,150,1,4,4,0,0,0,58,34,13,82,83,1486,784.5,150,22500,7,391,837,678,5402,29,7367,322,52,5097,23,191,20,1379,11179,48046,86425,6656,271493,206,10731,5882,34036,338,20,64,6,DoS Hulk
80,4008,696,7,68951,484,1073,77,575,33,791,44,417.5,49,461331,919,4682,1206,12541,59,78865,4303,4919,29937,42,33053,5779,437,28149,53,1,1,0,0,1,167,0,3,2,0,0,0,35,59,36,92,59,1051,555,177,31329,3,502,762,588,5642,42,3008,7730,0,6957,22,2331,19,2402,9644,53005,4300,1406,404225,589,23907,2149,129433,418,4,53,6,DDoS
211,13251,14,31,3757,4464,217,70,143.5,64,1442,51,746.5,36,2063,72,2679,1158,26918,30,93914,8492,826,4129,74,38305,3134,2060,14766,81,1,0,0,0,0,1,0,2,6,0,0,0,49,50,3,62,46,1456,751,159,25281,6,191,497,518,5199,53,9631,7172,27,575,39,3746,5,4325,30213,31549,18203,6257,466070,459,88280,3057,198954,833,14,45,6,BENIGN
58085,221209,80,71,6279,6060,697,60,378.5,63,775,98,436.5,34,1843,23,2282,801,4896,19,35842,2042,4690,33139,76,95926,6606,572,26097,1,1,1,0,0,0,0,1,0,3,0,0,0,20,43,51,70,52,1135,593.5,176,30976,0,576,616,505,2471,71,252,1814,88,6119,36,4595,35,4823,58165,49156,71874,178,279881,582,47007,2363,336035,829,2,59,6,Bot
21,38991,82,32,6235,15316,1321,52,686.5,74,465,43,254,41,8914,118,7873,3439,34408,75,66529,7391,3861,3064,48,40717,2850,1374,14248,11,0,1,0,0,0,0,1,15,21,0,0,0,23,33,59,29,44,1455,749.5,111,12321,2,738,507,560,1059,50,1504,1233,96,9231,30,1956,20,1805,64654,62717,69569,1912,489236,434,98778,7360,337917,834,23,29,6,FTP-Patator
43018,88378,62,67,1689,6051,1321,95,708,20,283,78,180.5,89,4095,45,9334,4888,36362,72,84401,7621,4125,49110,23,12273,9157,2227,39558,79,0,0,0,0,0,0,1,2,4,0,0,0,41,21,84,34,67,1355,711,179,32041,7,364,578,836,6567,10,350,5629,25,3553,46,479,44,1331,58461,58186,63708,1811,221239,328,58100,6724,468514,472,36,71,6,Bot
21,16638,78,89,5496,17075,659,56,357.5,35,849,83,466,87,11933,116,8835,1942,31076,2,34014,383,1049,21214,88,51858,8113,2686,45025,76,0,1,0,0,0,1,0,46,36,0,0,0,49,30,28,89,46,1348,697,140,19600,6,386,945,160,904,23,903,7113,44,1845,7,3689,32,2500,21517,51368,76694,579,206516,696,7426,3241,490432,680,2,21,6,FTP-Patator
21,9258,95,58,19503,14668,841,99,470,54,186,57,121.5,91,8981,33,2607,3147,5234,60,86533,757,3048,46877,79,30287,219,2757,40213,24,1,0,0,0,1,1,0,45,26,0,0,0,42,36,35,28,79,1021,550,68,4624,2,375,782,624,2927,95,1331,2285,62,9251,33,643,15,224,16572,25494,73171,5056,430332,857,49792,119,346207,676,34,87,6,FTP-Patator
80,1593,921,9,43591,311,456,86,271,18,470,81,275.5,23,442000,3388,1931,1407,40865,75,89740,6716,2966,22917,67,48518,3923,2608,29915,21,1,0,0,0,0,185,1,4,8,0,0,0,26,31,92,12,92,1237,664.5,53,2809,2,927,276,950,6902,81,345,7905,59,5017,28,2931,21,986,23254,46620,18373,3990,389434,609,23261,8588,126877,453,49,83,6,DoS Hulk
109,63740,40,43,1277,4632,672,96,384,55,272,68,170,73,8276,17,4218,3502,17589,70,47628,1412,4463,27167,60,7252,6389,3054,47333,34,0,0,0,0,0,0,0,4,1,0,0,0,46,28,43,1,41,1163,602,122,14884,9,394,723,977,658,53,1785,7123,87,4922,11,4178,21,4583,55430,12456,62345,5383,437110,561,18350,5518,27102,731,11,65,6,BENIGN
426,18634,34,9,4277,4113,819,74,446.5,64,784,67,425.5,92,2689,12,1604,813,47061,70,78218,5012,2855,35693,28,68822,5755,333,10330,26,0,0,0,0,1,0,0,3,3,0,0,0,56,35,88,92,88,1141,614.5,183,33489,6,942,646,997,8917,41,3819,9421,95,8498,29,2216,36,3636,8425,57641,50604,5689,283184,145,38000,2535,449613,977,27,83,6,Infiltration
7491,65,4,0,56,13,162,92,127,32,1114,84,599,60,394,120,3676,589,45480,39,10890,8073,2322,41111,82,8802,2702,4197,10803,41,1,1,0,0,0,1,0,2,3,0,0,0,53,44,47,87,69,1378,723.5,79,6241,1,127,778,544,3961,46,1438,6731,7,2498,26,3021,42,4795,62763,11339,35939,6226,356717,556,66418,8034,464136,352,42,44,6,PortScan
310,66493,40,38,3087,2991,438,67,252.5,81,448,92,270,14,6999,99,6426,1909,47653,57,12269,468,556,17533,9,27449,6395,4301,2784,7,1,0,0,0,1,1,0,1,3,0,0,0,25,26,88,7,45,1210,627.5,98,9604,5,659,165,905,3517,79,1719,3137,88,6028,30,1051,26,2252,59226,28240,85759,3063,264818,994,90466,3048,293030,513,6,77,6,Infiltration
56707,80,2,0,144,44,1189,57,623,80,1361,59,710,74,401,139,7766,1655,18998,95,63778,2886,2905,23174,79,23817,2460,1405,14405,46,1,1,0,0,0,1,0,4,3,0,0,0,25,54,10,85,97,1041,569,80,6400,0,216,211,861,6620,38,9200,4223,8,7978,29,2414,30,2696,19822,32662,13020,9328,295023,34,29990,3335,332577,251,21,34,6,PortScan
16518,42,1,0,199,64,462,83,272.5,76,147,70,108.5,25,789,149,8382,4007,10190,84,44622,4919,1668,39454,39,17350,4751,4436,39031,41,0,1,0,0,0,1,1,4,5,0,0,0,57,30,95,66,52,1305,678.5,145,21025,9,396,705,228,6070,65,5101,3183,87,3121,9,1542,10,2672,28853,53867,74358,3812,43803,809,93257,5808,381944,205,26,80,6,PortScan
80,3969,978,0,91787,78,451,42,246.5,22,846,89,467.5,58,494178,1289,8286,2048,5688,38,75484,1451,4256,33389,25,51553,8922,4014,3470,89,0,1,0,0,0,152,1,1,3,0,0,0,21,21,93,67,79,1478,778.5,82,6724,9,222,351,849,6801,21,3504,739,73,2161,33,2312,34,2965,40910,52601,40902,3171,53178,389,39664,1373,366179,491,1,42,6,DDoS
21,40375,81,93,2603,17162,454,77,265.5,42,1315,89,702,77,9911,40,1591,617,22505,65,40599,2881,451,21436,51,84000,4900,758,49392,32,0,0,0,0,0,1,1,28,23,0,0,0,43,32,69,65,98,1303,700.5,133,17689,1,642,654,285,5780,16,4711,9524,40,6015,2,1645,25,4751,14664,59149,3847,7797,158729,254,71720,3637,209950,195,18,44,6,FTP-Patator
80,453,312,8,20743,13,1002,42,522,28,1062,56,559,27,460663,4175,3101,1567,44512,26,80047,5032,1527,14369,4,33363,2103,2337,47720,27,0,0,0,0,1,75,0,1,2,0,0,0,20,30,44,59,89,1084,586.5,121,14641,9,314,734,160,3436,49,3783,1880,66,904,46,405,33,2306,33786,9057,34373,8718,81361,914,50371,8013,108748,483,45,64,6,DoS Hulk
189,12863,9,32,4749,2260,804,89,446.5,98,1398,96,747,12,2259,80,5665,3725,45390,86,96146,6812,3954,27282,83,2924,2882,4372,44905,85,1,0,0,0,0,0,1,3,8,0,0,0,45,58,40,19,52,1079,565.5,56,3136,4,959,858,814,2571,9,7770,7689,45,7190,9,2315,14,181,45418,25357,59065,3766,448256,615,13724,7689,150256,84,17,25,6,Infiltration
80,4514,115,0,20312,836,382,59,220.5,43,1276,55,665.5,48,423060,3211,8285,472,25896,31,85777,1928,3023,24917,61,91138,1126,1847,28856,28,1,1,0,0,0,181,0,1,3,0,0,0,53,55,68,17,97,1433,765,164,26896,2,122,742,199,2472,50,4700,6156,8,8287,9,3899,28,2327,17768,14182,26711,429,432517,424,28002,4187,209719,170,1,58,6,DoS Hulk
208,71756,49,23,4016,3813,259,46,152.5,75,970,95,532.5,10,3954,81,3446,3786,15755,70,52097,1691,3858,12830,15,57652,7688,2322,33864,70,1,0,0,0,1,0,0,3,0,0,0,0,32,49,29,2,67,1357,712,188,35344,0,972,557,738,6262,43,6826,6845,14,2183,16,3524,23,2539,50635,36165,41975,227,438145,176,30405,1218,290101,409,32,46,6,BENIGN
253,9177,9,46,1671,804,1439,89,764,39,713,90,401.5,77,9996,25,6753,2035,7733,88,38339,3053,1902,3520,21,77425,5651,1544,1021,50,0,0,0,0,0,0,1,4,2,0,0,0,20,24,2,65,41,1062,551.5,190,36100,0,812,727,292,1482,56,3282,8927,67,6416,3,1175,9,4759,24262,14087,49666,5815,456969,778,71749,4323,437663,323,18,97,6,BENIGN
80,4853,527,3,61130,723,409,93,251,65,730,52,391,24,203532,1033,858,1427,17740,69,29019,1908,2548,41675,72,83017,8376,4254,36156,13,0,1,0,0,1,57,0,1,1,0,0,0,56,52,5,31,83,1000,541.5,176,30976,6,191,827,315,5999,2,8470,176,27,2757,12,1842,49,1789,63986,52858,12484,6849,111652,552,31742,1486,380105,549,36,90,6,DoS Hulk
174,34229,26,29,2498,3210,621,49,335,20,1089,42,565.5,81,5324,87,2972,3977,33756,48,50567,5768,3651,20552,85,87020,8793,611,30777,75,0,1,0,0,1,1,0,0,5,0,0,0,55,59,83,59,48,1278,663,61,3721,9,627,952,294,3111,94,2516,158,25,8382,2,3491,7,4141,26402,26483,68349,3593,363233,464,37664,8626,245457,613,34,47,6,BENIGN
80,16726,73,23,5760,42895,882,58,470,80,1271,76,673.5,29,13373,489,950,3706,11548,91,97176,9524,2643,2707,87,82222,4675,415,33806,97,0,1,0,0,1,0,0,16,11,0,0,0,29,34,46,77,75,1089,582,75,5625,3,229,695,741,4890,36,2116,3022,42,609,12,3667,1,1282,51804,27542,75020,1784,108742,602,80385,6774,144051,197,19,29,6,Web Attack - XSS
28284,308463,76,29,6518,8321,172,65,118.5,29,1369,76,722.5,48,3135,38,9786,2865,17736,98,44529,2744,2016,19004,6,41311,1248,1170,17844,63,0,1,0,0,1,1,1,3,8,0,0,0,22,41,86,58,81,1193,637,59,3481,4,373,772,633,610,46,6108,6458,7,8796,29,1470,30,1514,44008,14234,13833,5720,467146,6,6256,645,281733,333,5,51,6,Bot
318,74784,18,12,4192,4263,110,97,103.5,47,266,67,166.5,15,6611,14,2578,3492,2854,53,48934,6696,4952,33195,97,56466,1464,3808,22467,29,1,1,0,0,0,0,1,2,0,0,0,0,44,29,76,38,64,1186,625,146,21316,3,958,414,377,5125,26,7711,4147,94,7228,5,3152,19,3931,11317,64869,35468,1817,143444,260,98933,9992,389874,737,2,25,6,Infiltration
80,4486,618,7,32245,462,429,77,253,90,421,46,233.5,44,281680,2218,9644,1813,27094,3,34914,4543,4345,22442,96,18623,1811,387,8144,87,0,1,0,0,1,148,1,0,5,0,0,0,22,24,29,53,43,1344,693.5,73,5329,3,147,428,472,2745,52,6818,7419,9,8274,44,1670,46,568,39012,28888,41591,9149,164666,567,35967,4630,307888,532,4,52,6,DDoS
21,39514,29,47,4523,7396,1094,82,588,22,624,75,349.5,72,17344,41,9078,4047,38064,45,87186,1616,949,8687,97,26899,6809,1314,44619,8,1,0,0,0,1,0,0,12,23,0,0,0,59,31,47,24,64,1083,573.5,124,15376,2,820,305,206,2217,28,3187,1726,87,4216,21,4148,24,1807,14510,50905,31149,5551,439010,667,59769,9678,188982,878,31,68,6,FTP-Patator
80,12368,62,85,5031,17695,858,98,478,31,1493,91,792,36,29871,425,8298,1114,13797,75,59321,6143,3124,3611,35,82550,4698,713,23274,94,1,0,0,0,1,0,1,17,16,0,0,0,47,55,59,68,59,1203,631,167,27889,3,386,359,849,8125,4,7705,8397,68,36,6,2132,22,3428,11111,41561,21750,458,376928,913,61863,5384,248871,177,41,54,6,Web Attack - XSS
80,47067,59,85,39988,21413,1185,93,639,20,1035,57,546,69,20445,372,8686,3548,37982,35,42182,8691,1987,33459,86,77134,343,1847,14312,20,0,0,0,0,1,1,0,5,15,0,0,0,56,47,83,17,43,1483,763,145,21025,4,186,282,166,1442,46,7680,7435,60,82,47,4979,18,967,28112,55921,25671,6535,107032,708,55941,8846,487185,9,17,98,6,Web Attack - XSS
80,10850,96,18,33871,7564,232,91,161.5,16,696,64,380,79,43604,414,9266,2751,16655,10,83049,8305,873,1725,91,96542,5103,921,40891,96,1,1,0,0,0,1,0,5,19,0,0,0,26,48,91,82,73,1482,777.5,149,22201,9,504,317,647,1159,19,3113,9916,35,9966,35,3402,22,1934,14404,45344,14428,6973,28534,757,5283,9417,98745,676,28,75,6,Web Attack - XSS
64478,319148,56,24,6977,9297,1125,66,595.5,86,834,75,454.5,87,1667,42,9286,4542,20880,30,43281,2445,1446,21857,20,25164,1780,4891,35173,60,1,1,0,0,1,1,0,2,0,0,0,0,56,39,24,87,90,1395,742.5,53,2809,2,678,739,466,2769,25,4170,7202,95,5568,11,1555,39,2256,18473,57278,55533,2346,446416,391,22605,5623,220473,274,49,74,6,Bot
80,4117,599,4,68011,30,686,43,364.5,93,967,93,530,66,442742,1361,4300,848,48891,96,88193,5946,269,38038,80,70678,9640,841,39815,84,0,1,0,0,0,88,1,3,8,0,0,0,31,46,9,78,51,1011,531,80,6400,0,750,613,697,2433,12,4950,9671,24,8645,16,4869,8,4389,37972,65294,54818,7043,327439,434,14198,733,379534,764,34,90,6,DDoS
21,9298,25,61,18844,8794,514,46,280,53,624,86,355,63,19825,197,5119,4556,16979,11,37111,526,817,1064,48,99797,4267,2826,49285,81,0,1,0,0,0,1,0,46,22,0,0,0,50,57,82,39,61,1489,775,183,33489,0,404,159,595,6905,88,1638,250,67,6460,19,2701,32,2980,39812,56993,73910,974,185295,714,94957,754,25972,937,47,54,6,FTP-Patator
230,48014,44,10,1990,4258,1372,63,717.5,33,1370,51,710.5,33,6569,90,6248,965,20055,99,52234,8816,2206,13579,88,7354,4657,1607,44248,87,1,0,0,0,1,1,1,1,6,0,0,0,21,28,83,82,43,1297,670,163,26569,9,817,707,894,7349,19,3190,665,52,6057,41,3319,9,2552,59084,25797,5211,5285,225282,211,51453,1652,298301,815,33,21,6,Infiltration
36792,42,3,0,76,80,1136,50,593,58,317,72,194.5,35,227,107,5227,1542,1978,17,71424,2524,2897,11968,83,27981,1714,2594,38527,91,0,0,0,0,0,1,1,3,6,0,0,0,25,58,31,58,68,1129,598.5,67,4489,3,684,231,482,8576,88,5705,7652,10,5194,39,2627,30,652,12217,33638,32856,4005,281196,76,99066,1481,451088,9,4,43,6,PortScan
54370,70,4,0,89,47,1279,82,680.5,67,221,82,151.5,13,682,186,6621,132,26709,30,52279,5679,2578,5944,93,33423,8290,2604,24512,70,1,0,0,0,0,1,1,4,2,0,0,0,58,59,2,59,67,1443,755,62,3844,1,751,460,266,5283,41,3837,7227,62,1282,7,3065,29,4960,22006,15895,57269,6905,459373,745,33066,5777,438343,794,24,97,6,PortScan
80,581,261,7,52615,803,783,67,425,85,672,86,379,97,138216,1499,3465,2059,41543,31,23210,1119,2841,13354,18,5078,7646,4410,19360,60,0,1,0,0,1,190,0,0,6,0,0,0,43,33,54,10,86,1072,579,144,20736,8,924,836,609,709,59,2628,339,67,7530,42,2335,24,3956,46124,41551,81759,1714,384410,834,21951,8477,13510,742,35,93,6,DoS Hulk
80,3170,856,5,61532,419,922,96,509,11,846,76,461,44,138627,1876,7997,3552,48653,56,80115,3948,821,39047,64,69654,5449,403,8488,68,0,1,0,0,1,110,1,4,0,0,0,0,45,45,68,28,93,1361,727,63,3969,0,930,223,994,5875,54,4052,5231,23,6760,17,3070,5,1617,64357,16711,18660,2234,39324,339,10159,8515,105803,832,2,48,6,DDoS
172,98369,33,29,4858,2146,1280,81,680.5,52,740,80,410,69,9407,97,7520,4170,15088,80,85540,2490,1226,25534,78,75109,2896,3142,2848,16,0,0,0,0,1,1,1,2,3,0,0,0,36,22,47,31,50,1064,557,121,14641,3,320,824,419,2269,46,979,3829,20,9271,15,2518,19,3172,48055,56939,95712,156,90677,458,74368,7560,110541,875,13,47,6,Infiltration
10276,425022,36,86,5062,8100,752,73,412.5,19,337,97,217,11,1569,23,5085,354,8350,59,5657,8806,777,16936,81,42890,4090,4754,26241,95,1,1,0,0,0,1,0,0,1,0,0,0,50,32,45,36,69,1488,778.5,115,13225,2,799,382,904,4242,47,1098,9173,30,123,33,1835,19,4785,61148,54379,25191,7718,467242,692,25687,8200,25961,876,22,60,6,Bot
80,38706,29,11,41093,38933,1449,43,746,74,160,84,122,57,7195,305,5008,4321,29281,90,92357,2055,4159,14545,14,94445,5414,3132,10492,25,1,0,0,0,0,1,1,13,5,0,0,0,32,28,23,13,66,1300,683,103,10609,3,930,125,819,3993,93,7149,2485,67,1090,18,535,49,3337,20357,51077,3072,8911,130398,378,94158,9449,440088,858,11,54,6,Web Attack - XSS
33708,494709,53,62,6397,1287,976,71,523.5,13,892,51,471.5,60,3171,25,3618,4898,49088,9,92249,3785,4536,48495,56,41043,5345,4607,25546,24,0,0,0,0,0,0,0,1,5,0,0,0,36,26,89,36,49,1257,653,67,4489,5,609,445,330,3447,84,2645,7692,80,8410,14,847,28,343,51871,48714,84028,4209,389594,259,55376,5419,220570,78,3,74,6,Bot
119,14474,12,37,1085,2197,760,81,420.5,40,1144,84,614,87,4144,50,269,4245,41511,81,31781,6682,1641,45299,72,35797,4747,3794,35455,95,1,0,0,0,0,1,1,0,1,0,0,0,54,46,37,71,77,1109,593,151,22801,6,728,235,471,9479,67,3305,797,88,3487,6,3163,39,2997,42769,27055,27936,2733,161622,75,76367,2116,211841,813,13,50,6,BENIGN
21,15570,21,50,6194,17197,647,61,354,91,941,96,518.5,95,19541,40,112,2838,23657,57,99868,9322,2565,4941,28,1248,5589,3711,44326,99,0,1,0,0,0,1,0,23,31,0,0,0,54,26,58,41,63,1335,699,161,25921,2,573,269,132,4016,56,515,307,41,7162,11,2399,6,3822,42752,60657,65650,3049,323326,403,73433,9352,58956,231,15,39,6,FTP-Patator
141,44206,44,26,3481,3016,984,47,515.5,45,1416,70,743,18,8158,17,415,1752,39941,26,93721,3565,662,9041,34,70615,3468,999,38029,96,1,1,0,0,1,0,1,0,7,0,0,0,44,47,52,26,40,1318,679,190,36100,8,635,215,282,2719,54,4350,2046,60,1031,47,3776,36,4324,19986,38234,62012,5097,23790,628,94356,158,59909,177,7,58,6,BENIGN
60049,455974,60,30,7760,6310,1169,45,607,16,794,76,435,37,2539,45,6557,697,5956,35,13569,7950,3711,30850,73,67071,9798,1048,37584,82,1,1,0,0,1,0,0,1,9,0,0,0,55,35,45,87,82,1040,561,128,16384,8,668,741,129,4256,54,258,9098,6,3927,43,3173,8,3505,22877,56852,73043,4739,210208,189,66221,3127,99427,891,13,64,6,Bot
80,38590,84,59,20069,41310,160,78,119,31,1041,60,550.5,97,20857,70,4133,4266,28248,62,86935,7018,2035,45479,67,2772,8649,3303,9375,10,1,0,0,0,1,1,1,5,13,0,0,0,45,26,84,9,69,1274,671.5,173,29929,8,479,848,782,8993,51,7918,648,95,7379,7,1691,32,120,18961,52293,12741,6158,35593,886,37851,9202,437344,317,47,75,6,Web Attack - XSS
47431,184175,91,39,9536,9434,119,50,84.5,92,1314,43,678.5,89,4477,29,5011,4695,3428,91,88761,5353,790,10836,64,84173,1441,542,29704,44,1,1,0,0,0,0,0,1,3,0,0,0,39,49,97,5,91,1269,680,164,26896,3,682,903,727,9710,93,4331,4044,68,7073,2,402,40,1408,19446,60403,86379,2374,383567,472,33749,5234,361325,67,10,88,6,Bot
115,73913,28,46,4101,831,443,73,258,87,985,86,535.5,36,3488,38,3228,1932,49009,91,84907,1216,2960,49564,34,40404,4089,3366,48065,41,1,0,0,0,1,0,1,3,0,0,0,0,30,35,1,78,97,1427,762,93,8649,1,829,437,634,2663,12,5816,325,19,4965,21,3391,30,4054,13494,43655,82138,560,88331,828,37408,1152,203282,119,26,30,6,Infiltration
21,29800,83,87,19583,15163,908,94,501,72,744,66,405,34,3262,47,2078,4431,13631,14,1768,7133,4943,18055,88,41680,3343,3191,44478,37,1,1,0,0,1,0,1,22,36,0,0,0,29,45,14,79,64,1216,640,94,8836,2,834,380,594,636,95,5585,3879,27,7090,16,4430,26,3291,38117,36149,93674,5181,362236,820,56702,4519,481967,566,20,55,6,FTP-Patator
5470,33595,23,64,1691,2559,251,54,152.5,86,1162,81,621.5,89,931,24,7172,2435,13445,86,58986,5797,2026,31595,69,62033,9787,1666,11019,6,0,1,0,0,0,1,0,2,9,0,0,0,48,55,67,96,81,1435,758,161,25921,9,527,499,703,3695,78,4701,9596,33,302,5,3285,13,3124,39588,47554,37881,1001,41948,168,7710,4500,183838,535,31,80,6,Bot
80,616,490,2,69679,523,807,42,424.5,57,945,88,516.5,61,197784,759,4132,4999,16480,14,34666,6162,4123,21948,24,12730,4943,664,32152,5,1,1,0,0,0,138,0,0,1,0,0,0,26,40,15,69,92,1040,566,139,19321,6,342,155,670,120,29,6996,3815,53,6889,34,4692,9,2239,54473,33604,73049,6776,476394,883,97507,6810,106534,175,9,52,6,DoS Hulk
96,91358,24,45,2964,2432,378,54,216,75,1186,52,619,21,5968,94,7146,1543,19815,44,97628,5226,3058,30447,69,96864,5396,2712,13064,92,1,1,0,0,1,0,0,1,1,0,0,0,45,56,53,78,42,1297,669.5,65,4225,1,597,914,973,6494,74,6218,4653,49,7694,34,1206,47,1638,25219,22060,14055,3424,437644,107,52241,4510,119277,471,18,21,6,BENIGN
80,4490,224,1,92820,286,984,63,523.5,81,1077,83,580,99,189143,3118,451,2353,37637,7,43732,6387,2854,49910,16,22309,5673,2773,28111,30,1,1,0,0,0,189,1,0,9,0,0,0,23,42,34,30,68,1267,667.5,132,17424,7,677,289,441,1850,4,4325,2510,99,9130,24,2590,21,3409,43496,51975,99338,6981,90919,153,67170,8988,490305,892,18,79,6,DDoS
219,21048,19,5,1603,3766,1328,81,704.5,39,887,87,487,43,1492,21,4012,4871,16321,40,45144,9461,2277,15232,15,41516,9173,108,12543,36,0,1,0,0,1,1,1,3,6,0,0,0,33,55,36,89,97,1320,708.5,132,17424,4,834,801,955,7350,16,3024,6100,87,5968,26,2613,7,4430,51488,14250,47911,2648,341207,499,44023,1038,35192,901,5,39,6,Infiltration
42143,85,2,1,183,40,421,64,242.5,73,1452,42,747,44,890,102,6882,4504,23311,80,49665,6793,3068,40935,89,87278,8312,2544,8467,30,1,0,0,0,0,1,0,3,3,0,0,0,32,39,50,1,43,1296,669.5,109,11881,7,870,640,714,6859,36,1385,937,56,5736,2,3625,48,2990,60088,39506,16960,6224,94426,603,4692,292,266269,683,4,92,6,PortScan
125,54216,28,16,1920,4316,887,63,475,78,559,66,312.5,47,1990,58,7949,4113,29453,16,81619,9431,3927,32367,8,80282,8260,1136,45838,15,1,0,0,0,1,1,1,2,6,0,0,0,50,52,52,77,94,1072,583,156,24336,9,552,141,159,2073,83,9547,3711,16,6691,26,2123,46,3466,52723,29622,20866,8446,297816,505,34168,4909,233914,711,21,28,6,BENIGN
438,41595,26,23,1723,2351,622,63,342.5,64,183,73,128,28,3551,30,1757,2846,30841,81,35049,1121,4518,49744,61,41514,1910,4555,40120,99,0,1,0,0,0,1,0,1,2,0,0,0,32,21,1,5,44,1194,619,183,33489,6,646,565,932,4392,1,8206,7050,58,3623,8,2191,4,2091,52026,54891,12667,4849,238936,849,8715,9930,402008,68,12,49,6,Infiltration
18519,27,2,0,82,75,796,95,445.5,64,1391,42,716.5,57,861,108,5292,712,47099,81,8577,4071,2712,39670,27,5318,9281,1366,6557,71,1,1,0,0,1,1,1,1,3,0,0,0,40,30,55,80,73,1052,562.5,70,4900,7,609,893,626,4725,51,2211,556,41,3918,36,1551,7,2155,17713,14925,61492,7488,156129,928,75183,4134,81285,204,17,59,6,PortScan
36724,26,2,0,179,32,869,64,466.5,68,1231,88,659.5,28,668,69,8188,2421,22524,35,47378,9753,3936,27719,35,19098,242,1194,26055,65,0,1,0,0,0,1,1,1,8,0,0,0,50,29,4,28,72,1237,654.5,110,12100,1,764,773,344,8789,70,3653,391,12,3050,29,2889,34,2921,45962,18214,50544,2320,337250,370,77959,6383,74473,189,42,28,6,PortScan
50293,308745,76,47,1368,6391,1409,99,754,63,1116,59,587.5,82,2502,29,420,4806,6572,14,84949,4239,3908,29656,88,12482,8043,2282,20938,17,0,1,0,0,0,1,1,4,8,0,0,0,44,24,4,22,46,1368,707,100,10000,1,779,913,783,906,58,4114,5669,18,4892,17,3028,27,1912,29631,14409,35333,4110,298848,746,69529,1871,365557,628,31,67,6,Bot
434,28,2,0,166,20,815,86,450.5,73,306,75,190.5,15,915,55,7279,267,20874,60,50009,4031,734,32937,37,61452,4736,1117,48698,47,1,1,0,0,1,1,1,1,3,0,0,0,24,27,33,84,66,1177,621.5,99,9801,9,766,533,800,4123,68,1552,4926,40,517,9,3583,40,2565,18370,21867,52617,3069,281695,861,87828,5628,27797,784,16,99,6,PortScan
80,4047,317,6,32295,312,758,57,407.5,87,1024,48,536,82,248145,3908,4744,4328,46257,74,55122,5232,2135,38081,58,80660,835,3685,41057,89,0,1,0,0,1,110,0,2,0,0,0,0,58,56,24,31,53,1267,660,193,37249,6,202,774,657,7239,34,5631,5904,46,2799,41,3381,9,2803,28144,64742,66041,2125,86729,49,77302,583,331619,832,9,66,6,DDoS
153,95575,42,18,1874,4907,472,72,272,96,471,41,256,44,4641,60,9075,1781,35305,96,41379,1459,803,36329,70,14443,9154,1182,25383,96,1,0,0,0,0,0,1,0,6,0,0,0,25,39,94,75,69,1181,625,56,3136,4,267,958,183,3508,85,7687,201,35,3177,24,1483,2,4750,53989,47847,35853,8870,115321,476,87593,4870,135345,689,19,26,6,BENIGN
80,19057,21,42,22178,34106,723,48,385.5,65,307,74,190.5,38,33453,134,4771,4201,13585,38,27371,3773,1709,30228,59,27779,8877,398,10462,52,0,1,0,0,0,0,0,13,7,0,0,0,59,31,87,5,64,1136,600,148,21904,9,196,776,206,7474,89,9331,2745,97,6187,22,2324,33,2686,62840,64196,14899,5753,179625,184,4961,5315,388855,112,38,65,6,Web Attack - XSS
80,3173,433,4,14859,618,670,79,374.5,61,111,49,80,85,487448,4261,9279,2431,4289,23,35124,7651,1481,9624,90,90954,1027,4155,44000,10,1,1,0,0,1,114,0,1,6,0,0,0,58,27,74,98,98,1299,698.5,52,2704,0,933,949,978,9087,80,2752,3275,16,3299,23,945,49,4538,31827,8917,40018,3425,14561,201,93329,4566,239755,529,48,83,6,DDoS
35627,53,4,0,131,45,1056,97,576.5,81,984,75,529.5,83,929,174,9932,2514,25852,22,3547,1271,3561,27190,86,94831,6360,2458,9716,77,0,0,0,0,0,1,1,1,6,0,0,0,20,38,44,89,56,1156,606,53,2809,7,519,741,980,740,3,9598,1227,5,5144,21,423,19,987,21667,31053,44945,5176,37135,198,83872,9534,56158,65,47,97,6,PortScan
80,4934,242,5,52905,345,1495,72,783.5,65,124,86,105,33,288292,3048,8244,3180,38225,88,38061,9591,591,15493,89,17368,8374,4238,46746,45,0,1,0,0,0,64,1,4,3,0,0,0,30,23,26,48,53,1172,612.5,175,30625,5,432,161,135,7484,53,3725,8748,74,5280,17,1103,45,1212,53427,36601,34759,1397,342980,651,5226,6939,137642,419,32,60,6,DDoS
80,4213,627,2,59422,370,1089,79,584,78,1135,45,590,69,420602,3339,1916,1703,19515,78,83655,8370,1311,47011,26,4394,8321,1149,4473,3,1,0,0,0,1,191,0,3,6,0,0,0,39,21,81,15,40,1060,550,58,3364,7,995,856,158,8904,59,97,5560,88,4465,4,965,12,3067,65499,12390,81292,152,274767,448,88935,9014,169613,191,36,32,6,DDoS
167,82732,36,7,4162,4804,751,41,396,48,417,99,258,62,6883,99,6133,625,47046,74,63002,4288,3699,42267,40,11919,2287,3951,22308,49,1,1,0,0,0,1,1,0,8,0,0,0,25,51,20,85,92,1281,686.5,136,18496,5,205,370,660,5118,23,649,1665,28,5866,1,2262,33,408,12346,64735,88650,3861,442920,813,16174,4038,218236,581,41,22,6,Infiltration
24126,288371,59,83,1815,8016,691,48,369.5,90,800,80,440,78,1064,21,9644,4522,10678,61,3186,4891,3591,45391,31,60677,4502,869,39669,78,0,0,0,0,0,1,0,0,0,0,0,0,51,23,84,61,44,1398,721,72,5184,9,542,509,626,4903,4,9024,1498,73,7122,39,3242,9,4462,60843,29814,79156,3012,42759,743,68247,4576,137043,951,19,94,6,Bot
291,56716,12,31,4160,4115,1304,64,684,36,1194,83,638.5,46,9769,90,8142,113,16968,89,24938,5612,387,28215,56,40579,6461,3484,15382,99,1,1,0,0,1,0,0,0,0,0,0,0,43,41,29,66,59,1101,580,75,5625,5,184,245,204,1385,56,9591,916,48,1822,3,1511,19,4696,29748,25623,6254,1765,178896,569,91505,358,10759,769,47,29,6,Infiltration
21,48520,25,50,8460,8380,780,48,414,87,939,50,494.5,22,7784,83,1237,2615,35722,2,6549,9794,3904,9128,10,94836,6780,3694,34816,68,0,0,0,0,1,1,0,34,21,0,0,0,43,35,41,60,64,1334,699,195,38025,6,952,961,660,8014,15,3613,355,83,9391,12,168,23,651,41505,20037,95505,7393,313732,618,19875,9036,149806,411,34,67,6,FTP-Patator
157,90259,32,38,1989,1195,488,74,281,18,628,66,347,71,7418,69,584,1828,38064,6,34388,9994,4607,11468,49,42859,3465,3718,11064,5,0,0,0,0,1,0,0,3,0,0,0,0,35,28,1,45,96,1044,570,65,4225,9,861,570,746,5716,13,6979,188,31,876,42,1658,33,368,16255,23984,48146,1319,85991,104,19724,107,212091,195,20,67,6,BENIGN
80,1577,910,9,46142,583,1366,46,706,77,1235,96,665.5,10,59850,848,6598,2655,15985,80,5837,9793,990,2473,74,26313,4499,4161,3177,8,0,0,0,0,0,72,0,0,1,0,0,0,55,52,10,2,95,1084,589.5,145,21025,9,953,821,359,6116,37,5149,7985,76,1648,16,4176,4,1438,61707,44602,3459,5513,136313,504,3440,2787,87136,648,47,80,6,DDoS
80,3382,517,3,34008,578,1179,48,613.5,33,1199,62,630.5,92,476764,3255,1445,4627,26988,13,45483,631,4300,20675,51,55082,6719,4890,36762,66,0,0,0,0,1,162,1,3,5,0,0,0,23,22,64,1,73,1105,589,159,25281,2,417,629,135,5786,69,3448,24,20,8681,49,1616,40,3361,10218,11681,67156,2453,487788,242,34310,2756,478160,837,30,68,6,DDoS
80,37741,73,86,13788,33826,975,41,508,46,558,54,306,53,30082,211,264,1666,5139,80,41250,9778,2456,20264,34,51455,3020,4686,13461,78,0,1,0,0,0,1,1,7,5,0,0,0,33,57,8,32,86,1071,578.5,152,23104,1,302,579,533,2795,23,4341,1543,32,6287,15,1305,41,2876,8570,8436,2142,4833,68381,574,27615,3225,261061,685,17,69,6,Web Attack - XSS
80,2672,250,5,39394,66,266,81,173.5,80,572,95,333.5,37,371167,1487,331,645,47864,22,96957,3935,4849,33254,14,6433,4377,3236,19415,3,0,0,0,0,0,57,0,1,0,0,0,0,44,52,4,94,76,1235,655.5,163,26569,3,317,957,956,2487,79,4662,2966,50,4171,30,1985,38,4768,21979,38594,6326,7418,287200,859,80240,8680,26365,489,44,54,6,DoS Hulk
141,92194,35,12,3726,2554,692,87,389.5,16,1154,92,623,91,1425,89,8995,2263,5235,91,54707,571,4128,23578,28,85362,1988,1766,15155,80,1,0,0,0,0,1,1,3,6,0,0,0,22,44,13,71,50,1224,637,55,3025,1,794,455,944,3163,3,8472,5447,91,4069,19,2836,11,2077,47265,22205,26800,1621,273497,966,15446,7127,327473,820,48,50,6,Infiltration
80,10819,34,59,43982,26690,1259,60,659.5,11,1377,44,710.5,66,33457,110,6884,1521,16060,74,94009,8655,3063,37029,10,79170,7482,4239,6179,89,0,1,0,0,1,0,1,18,6,0,0,0,48,57,78,34,93,1275,684,54,2916,0,789,881,247,3325,24,2823,1189,98,4723,30,3589,32,2426,55528,46630,1626,6332,334522,646,59957,5465,229810,77,37,83,6,Web Attack - XSS
230,69997,31,26,3892,3312,385,77,231,16,170,95,132.5,33,2684,13,8906,1966,9358,33,71808,7078,3050,27700,22,29678,7191,512,1603,14,1,0,0,0,0,0,1,4,7,0,0,0,53,33,7,11,83,1152,617.5,74,5476,6,133,294,968,7881,82,8894,7026,58,3976,46,1824,48,1101,41079,37103,14505,4358,405047,803,37304,8698,246694,292,38,73,6,Infiltration
376,90050,48,41,2139,2139,892,59,475.5,27,503,69,286,42,1999,82,6739,1803,24632,77,34657,1272,1132,42239,50,71583,4897,894,23696,9,0,0,0,0,0,1,1,0,1,0,0,0,26,45,90,67,51,1037,544,183,33489,9,923,989,520,9279,40,5586,8048,48,8833,33,3163,14,2699,20592,47860,44751,5486,363302,420,68417,9740,207559,249,17,36,6,Infiltration
283,41183,21,32,678,4367,1317,68,692.5,28,1001,61,531,52,9071,93,2411,170,4137,66,34180,7286,2569,27144,17,56990,7507,2803,12220,68,1,0,0,0,0,1,1,1,5,0,0,0,26,20,61,79,55,1313,684,154,23716,6,807,874,347,2088,47,3052,9684,15,1696,35,2507,38,4629,28251,28600,14805,7840,245370,119,43647,359,129523,794,43,59,6,Infiltration
80,2161,581,3,99307,856,565,88,326.5,88,757,48,402.5,62,165549,4029,3619,4186,2527,82,92622,7236,4224,5429,20,30530,9481,728,27823,20,1,0,0,0,1,95,1,4,8,0,0,0,32,35,65,25,97,1432,764.5,99,9801,7,655,728,905,9376,60,7036,3259,88,9680,49,3787,22,1877,20387,52778,92797,5839,180674,729,3106,3369,176333,80,3,78,6,DoS Hulk
195,2705,28,14,1526,1915,358,99,228.5,58,749,62,405.5,56,2755,72,6069,3020,19007,56,57227,2148,1126,45031,12,34102,9423,685,48824,61,1,0,0,0,1,1,1,1,9,0,0,0,56,39,51,13,85,1295,690,72,5184,3,727,127,740,1114,76,8496,346,52,5984,23,2435,24,2502,38838,61671,52081,9053,312855,573,67643,4247,450307,182,14,28,6,Infiltration
80,1851,257,3,56814,878,213,98,155.5,96,1287,98,692.5,61,259291,3411,337,3098,40844,33,85780,128,2191,14216,25,82111,3707,2610,8849,79,0,1,0,0,1,122,0,2,1,0,0,0,20,45,5,38,90,1135,612.5,118,13924,3,833,293,548,3031,80,4614,8528,49,8138,37,1991,48,3732,45752,58345,8734,7687,200461,442,38198,967,464436,555,8,49,6,DoS Hulk
100,54596,30,39,2450,847,686,48,367,21,891,44,467.5,89,9805,58,283,2254,7253,57,49549,2304,4692,25308,61,37727,709,3443,3435,99,0,1,0,0,1,1,0,0,8,0,0,0,52,35,80,32,47,1153,600,146,21316,0,770,399,910,4939,47,1773,8241,88,7151,18,4375,3,4069,29386,49373,23991,9550,47495,212,9287,5636,467396,203,35,80,6,BENIGN
96,12200,32,45,582,1350,979,45,512,23,344,53,198.5,48,6639,31,6651,3892,48366,60,61199,7453,2304,10645,10,85027,7090,2703,47593,72,1,1,0,0,1,1,0,0,7,0,0,0,30,30,94,5,44,1210,627,181,32761,2,157,250,973,1846,51,1245,7879,35,6349,44,4187,29,2502,46517,52624,16018,486,109217,334,56749,8499,18992,761,10,58,6,BENIGN
304,66529,43,25,4823,4423,180,69,124.5,18,157,53,105,58,9469,51,5053,1659,47658,19,85538,7007,1480,11958,81,97541,6246,886,27307,42,1,0,0,0,1,0,0,2,8,0,0,0,29,59,1,56,97,1112,604.5,143,20449,3,202,744,911,8005,31,5459,7776,84,4918,14,4867,25,3794,46456,62453,74158,6403,45325,716,80838,4007,427571,869,42,84,6,BENIGN
80,8434,55,44,19305,36394,491,54,272.5,38,315,94,204.5,37,34154,343,3280,340,7585,72,1026,9800,235,27598,76,95595,4096,2827,20772,92,0,0,0,0,1,1,1,16,16,0,0,0,22,45,53,18,60,1124,592,129,16641,2,608,372,113,1911,14,5520,7630,95,8419,11,3629,25,4005,37212,39739,18826,6774,199740,559,13292,9616,312227,363,15,27,6,Web Attack - XSS
271,85354,24,16,3143,4646,167,76,121.5,47,825,67,446,70,7593,71,8633,4871,22590,34,40376,1801,4401,5890,90,69882,851,1607,47504,16,0,1,0,0,1,1,1,4,2,0,0,0,23,26,14,86,87,1099,593,55,3025,9,295,231,581,3737,69,6298,6106,4,6420,22,929,10,1186,19785,45284,90386,6677,455408,343,9392,4343,476670,732,10,42,6,Infiltration
21,17024,24,40,6680,18320,466,47,256.5,36,1069,47,558,74,4010,150,5869,2057,33886,10,72595,653,231,8777,82,22246,6897,4812,35122,87,0,0,0,0,0,1,1,48,28,0,0,0,52,32,47,28,81,1103,592,170,28900,0,835,434,725,1681,24,6172,1308,62,6879,46,3971,5,4060,50858,33574,91067,8747,489764,486,24791,8993,221011,46,11,31,6,FTP-Patator
60741,244318,49,90,5826,2252,1304,93,698.5,21,606,64,335,84,1777,45,2353,1641,29285,47,27145,4323,403,1891,22,54071,4878,3445,13636,84,1,0,0,0,0,1,0,2,2,0,0,0,55,51,5,35,67,1428,747.5,127,16129,8,568,952,550,3620,29,7615,3233,28,1428,47,1502,26,3071,57281,41285,74052,8736,315730,501,33411,9084,139414,902,21,88,6,Bot
321,74110,37,8,3137,1384,1487,59,773,14,926,53,489.5,11,2397,68,2011,297,12603,15,93172,5133,2110,16922,33,22395,7203,3405,22521,63,1,1,0,0,1,1,1,0,5,0,0,0,49,25,18,20,58,1252,655,164,26896,7,686,852,630,3164,21,6983,2296,44,6772,2,4190,3,4181,48249,56111,49498,1310,157927,603,56665,3466,212608,512,18,92,6,Infiltration
21,13127,90,71,5435,17888,995,51,523,28,321,45,183,54,13366,129,1836,3368,42117,41,46479,1869,1612,29606,66,48690,154,2366,33094,10,1,0,0,0,1,1,0,47,45,0,0,0,58,37,32,47,57,1293,675,168,28224,9,443,514,789,2800,15,5823,262,22,8235,17,3387,25,3441,32782,19322,21276,4292,134910,631,87326,3026,491052,709,43,33,6,FTP-Patator
8187,37,3,0,97,84,1462,79,770.5,80,437,92,264.5,39,227,100,1697,2597,9086,78,61606,5978,643,10790,74,11500,383,4655,36522,31,0,0,0,0,0,1,0,1,6,0,0,0,51,45,59,93,41,1424,732.5,175,30625,4,368,951,131,1392,56,5426,1981,97,1773,7,4766,2,1485,19912,19531,87164,6294,369375,774,2376,1174,429941,177,17,93,6,PortScan
21,7303,93,37,12117,19394,921,86,503.5,45,261,43,152,35,3372,183,8397,971,21253,60,23416,1600,2614,1564,65,53571,2156,2785,23136,89,0,0,0,0,1,0,0,27,14,0,0,0,23,31,30,21,78,1490,784,153,23409,4,750,190,898,2566,0,9742,9285,60,5503,13,4102,17,1506,39613,62589,51163,6336,214969,892,54256,9023,289261,32,38,62,6,FTP-Patator
80,1787,297,1,62619,411,388,49,218.5,41,280,86,183,10,95623,1751,5670,4002,10075,20,32379,2712,2311,36692,55,43460,9066,1528,21257,84,1,0,0,0,0,108,1,1,0,0,0,0,35,20,71,95,46,1298,672,59,3481,6,372,356,278,4899,46,7529,3678,32,2897,10,4478,27,724,56917,44297,16242,9840,320777,619,75461,6198,337151,748,34,29,6,DDoS
21,27992,26,52,6723,6182,1165,90,627.5,20,1447,66,756.5,59,2217,155,6728,2701,48383,28,37640,7827,1645,19031,12,23623,4500,4167,4430,40,0,1,0,0,1,1,0,21,49,0,0,0,39,41,41,52,95,1137,616,167,27889,6,197,701,288,6668,36,4020,4467,23,3540,47,3968,31,4591,11307,55980,12273,9580,176416,68,20354,7183,150449,34,39,34,6,FTP-Patator
40211,11932,44,88,2164,7888,398,49,223.5,41,1012,66,539,96,1790,34,9351,3617,45711,95,92408,3776,3667,24758,68,52454,9420,227,21927,10,1,0,0,0,0,0,1,0,7,0,0,0,44,31,69,33,42,1297,669.5,156,24336,3,696,415,402,5860,52,7470,1330,96,5302,27,4280,39,4816,60423,34498,43209,9299,272763,754,72558,1313,167536,858,46,28,6,Bot
41299,301610,56,23,9880,1794,359,49,204,86,246,43,144.5,95,1617,25,9407,1215,1694,83,40543,4878,996,28266,10,4269,4168,3914,45532,1,1,1,0,0,0,0,1,3,0,0,0,0,33,32,61,17,65,1420,742.5,134,17956,1,220,216,214,8720,83,8550,8737,0,8879,5,170,35,4954,55893,30365,58883,2061,101280,884,22700,771,257034,483,37,36,6,Bot
80,31752,37,59,14136,47701,1446,83,764.5,30,1016,80,548,92,22846,87,714,3155,7031,43,66706,6630,3100,38113,14,17231,825,2410,38813,17,0,0,0,0,1,0,0,18,7,0,0,0,20,50,30,53,84,1119,601.5,143,20449,3,331,919,564,3445,12,2613,688,15,1461,25,1846,43,146,51864,19022,50315,4224,154419,900,2507,5562,215599,40,43,94,6,Web Attack - XSS
80,5098,58,45,29459,32118,1167,64,615.5,84,474,59,266.5,95,49353,352,7279,1284,18556,10,26943,6620,2155,40950,51,91531,9590,877,25492,33,1,0,0,0,0,0,1,15,14,0,0,0,37,20,47,94,52,1433,742.5,186,34596,1,399,781,552,4339,36,1588,3190,54,3455,16,4651,33,331,25583,18441,65015,4541,39573,930,66753,7251,445035,629,32,86,6,Web Attack - XSS
43792,448486,54,19,3402,2484,792,67,429.5,12,472,61,266.5,79,3157,6,8080,4898,33771,4,61855,8441,1595,30742,20,77236,1664,3973,8648,36,1,1,0,0,0,0,1,2,9,0,0,0,42,46,43,56,91,1040,565.5,111,12321,0,313,807,248,4554,72,384,6140,33,7194,18,4484,20,2167,17251,29906,32823,1618,307887,927,11304,654,352871,730,47,58,6,Bot
371,69411,17,26,2327,1684,382,51,216.5,41,1088,68,578,53,4514,76,1419,3675,23821,70,62518,9792,3599,40568,16,51702,1348,2157,2828,28,1,1,0,0,0,0,1,1,1,0,0,0,37,40,78,23,89,1108,598.5,136,18496,2,744,210,471,3237,67,859,2746,2,2668,23,4448,24,1943,64796,22654,18313,8500,246974,600,18587,9966,272627,762,18,98,6,Infiltration
404,44509,40,44,699,1573,509,51,280,40,1473,83,778,97,9536,69,5431,720,43977,2,87567,3442,2321,48771,98,35134,9053,1725,38044,71,1,1,0,0,0,1,0,4,4,0,0,0,20,30,22,65,58,1466,762,120,14400,4,587,736,764,7180,11,375,5648,81,1062,17,1968,20,870,20695,21459,84474,9294,189970,40,49394,9190,234887,434,49,76,6,Infiltration
80,1570,899,1,88688,2,795,87,441,48,625,73,349,48,285365,4678,620,3964,14680,78,66736,155,3180,40387,92,79505,2302,4670,43727,21,1,0,0,0,1,139,1,0,4,0,0,0,55,36,76,58,59,1306,682.5,144,20736,6,643,765,640,4306,46,7838,8838,73,8558,30,2590,42,475,16149,35629,52594,1322,286985,296,14339,5012,483582,364,32,25,6,DoS Hulk
13321,29,3,0,50,19,202,64,133,90,379,42,210.5,39,742,63,4745,1289,32056,40,93348,3668,4067,4294,18,66130,3981,3981,38251,88,0,0,0,0,0,1,0,1,9,0,0,0,35,47,43,90,67,1413,740,165,27225,9,425,166,451,1722,93,9808,8558,64,2970,9,1394,38,2140,36445,34038,82031,6322,383261,993,39961,1629,289078,409,34,51,6,PortScan
80,4976,441,9,48134,878,581,63,322,93,1315,89,702,15,263898,1075,7779,4845,46060,82,3022,2340,3889,49197,77,44928,2642,1751,6518,83,0,0,0,0,0,54,1,0,9,0,0,0,22,26,44,73,64,1318,691,62,3844,3,462,789,652,6914,93,5462,3680,61,8191,24,2641,7,125,45719,49371,34459,2661,398573,507,45829,214,307204,510,9,63,6,DDoS
80,525,712,4,43613,953,250,50,150,42,1249,49,649,85,483826,3821,5820,4752,37993,1,93018,5682,836,28975,25,41751,4308,4235,10043,73,0,1,0,0,0,80,0,2,6,0,0,0,48,48,5,64,69,1094,581.5,72,5184,7,216,735,844,6526,54,4286,3410,25,1141,30,1884,41,2308,19952,35208,54786,1626,303673,625,97890,5207,219491,993,47,28,6,DDoS
25124,22,4,0,62,81,842,54,448,24,573,75,324,57,154,53,1595,1032,20582,6,69285,5471,3856,21887,85,85597,4329,2220,34926,79,0,1,0,0,0,1,0,0,6,0,0,0,32,38,20,29,74,1213,643.5,169,28561,3,294,540,252,1819,88,866,457,47,2385,12,1806,29,823,58307,62537,35753,8496,219297,812,62059,7118,476484,461,35,50,6,PortScan
80,4031,510,7,95906,618,862,95,478.5,42,244,83,163.5,99,327817,855,9871,3036,39260,22,74155,5822,4034,26417,86,62849,4015,2856,25501,81,0,1,0,0,0,178,1,2,0,0,0,0,28,24,89,75,93,1478,785.5,86,7396,1,978,662,420,3332,84,6322,5232,82,3063,3,4867,47,3715,39860,52621,26102,7666,133121,532,7812,2908,302634,97,28,24,6,DoS Hulk
404,94633,17,36,2985,3059,1167,55,611,48,1303,47,675,73,4803,64,7110,4546,17710,76,80181,2034,1457,36597,36,87213,3983,1457,32779,11,0,0,0,0,0,0,0,1,3,0,0,0,28,34,79,59,95,1035,565,84,7056,9,892,420,627,447,52,1364,4487,35,130,11,2902,45,3535,17059,56200,4318,8729,452704,831,61098,1769,295865,409,15,42,6,Infiltration
3864,84,2,0,143,82,622,59,340.5,14,335,63,199,34,438,192,1956,115,19626,29,77172,6111,4137,3531,95,68106,8685,4702,33015,35,0,0,0,0,1,1,1,3,0,0,0,0,21,48,24,76,56,1078,567,144,20736,7,794,800,817,4820,89,9728,3570,2,691,14,1025,12,4876,17514,14972,74091,4712,472999,665,24265,7788,213392,671,39,90,6,PortScan
80,4362,670,4,12496,887,1050,51,550.5,92,1472,88,780,29,226644,3552,9662,2731,1105,38,56696,9828,3044,9673,38,44031,3758,201,20241,65,0,1,0,0,0,155,0,0,4,0,0,0,44,39,77,75,86,1174,630,68,4624,9,695,167,127,5279,27,1011,1781,4,4076,1,3401,12,3432,40937,13185,49728,179,111223,635,21115,6959,136342,33,33,89,6,DoS Hulk
80,1489,893,4,21987,968,1097,44,570.5,57,1483,85,784,22,242246,3630,4901,2347,19721,77,73842,998,3341,14674,8,9647,8470,4957,22640,81,0,1,0,0,1,168,1,0,4,0,0,0,23,41,78,56,78,1159,618.5,85,7225,9,238,930,778,2888,60,9624,788,28,9457,28,1129,32,2174,29704,48045,75781,1707,26267,163,20082,145,405393,336,15,98,6,DoS Hulk
9456,72845,62,99,2159,5695,125,66,95.5,44,1202,68,635,35,3359,20,856,4809,45999,94,45038,2793,1625,31355,8,37711,1264,2553,18571,46,0,0,0,0,0,0,1,3,3,0,0,0,21,28,61,2,78,1008,543,189,35721,1,710,912,130,6780,81,6522,6380,96,4434,16,1973,48,4618,46773,45432,30821,7864,124373,550,18089,5161,33418,212,43,70,6,Bot
21,35298,72,70,2850,15234,1363,91,727,80,635,70,352.5,45,11528,98,9866,2052,7799,5,65416,4830,1766,8479,65,95629,5326,963,27445,63,0,1,0,0,0,0,1,41,25,0,0,0,31,35,17,14,70,1301,685.5,189,35721,8,549,873,469,987,72,3863,9060,91,9349,29,2411,15,4956,11381,62811,76905,2266,490386,142,33992,5046,494199,92,11,48,6,FTP-Patator
425,92481,9,24,1582,3712,1341,72,706.5,61,584,77,330.5,36,4343,15,6257,3964,9137,36,42839,824,4664,37534,83,23665,8144,2086,29948,40,1,1,0,0,1,0,1,0,0,0,0,0,20,31,5,90,67,1239,653,157,24649,1,790,340,150,2590,27,7199,1510,46,3482,29,3762,44,332,40246,46236,84193,1812,85018,161,7769,2136,56175,862,31,86,6,Infiltration
80,1830,802,2,53340,646,1282,61,671.5,49,500,59,279.5,60,79310,2874,7014,402,48142,19,28495,4296,840,37840,12,86399,2659,2487,6880,2,1,0,0,0,1,131,1,4,4,0,0,0,20,59,92,61,95,1286,690.5,60,3600,9,104,826,359,2158,55,3076,5798,12,6804,8,4038,38,440,17584,63663,60753,5546,494658,676,99726,6053,336380,417,11,32,6,DDoS
341,12511,30,33,2452,3657,170,91,130.5,14,645,62,353.5,62,5092,74,4024,136,11095,62,51466,3957,376,30950,79,6426,2798,1323,15295,59,1,1,0,0,1,0,1,0,2,0,0,0,37,32,43,97,85,1415,750,88,7744,4,620,340,604,2320,71,7682,4406,89,6602,24,2360,3,1495,55027,26230,54904,7908,316558,959,91652,1190,167144,516,18,34,6,Infiltration
80,3144,654,7,22174,580,1183,47,615,79,1450,52,751,36,415086,1372,6656,872,12729,91,62143,572,1595,45307,17,17124,5661,1350,16957,26,1,0,0,0,1,51,0,3,3,0,0,0,58,59,39,19,83,1155,619,109,11881,4,847,404,369,9357,54,9904,4029,9,1407,47,756,1,4221,15927,17315,60096,6753,311459,342,49473,7199,229362,554,29,46,6,DoS Hulk
106,6671,45,41,622,1425,778,47,412.5,82,636,43,339.5,72,4850,31,665,1772,31439,85,84123,6158,3089,3874,6,37058,3036,3736,25230,57,1,1,0,0,1,1,1,1,4,0,0,0,45,55,59,90,86,1197,641.5,131,17161,7,728,587,356,4203,34,1456,830,0,8120,12,2108,17,3854,37342,10154,34148,5151,462999,442,36983,244,11199,538,26,42,6,Infiltration
31104,268307,15,31,2210,8980,184,76,130,59,467,68,267.5,19,2319,37,3416,2683,14830,5,39171,1437,3221,15036,48,40787,4664,4096,28901,97,0,1,0,0,0,0,0,1,9,0,0,0,44,49,95,76,56,1308,682,61,3721,3,489,978,852,4033,63,8809,9829,79,24,3,535,47,3723,9767,44160,49520,7070,172975,297,85577,1880,34256,655,39,45,6,Bot
80,1345,688,4,52767,352,1426,99,762.5,32,906,57,481.5,80,217512,4424,5829,3999,39553,30,97824,936,1636,23144,86,47999,6832,664,45345,90,1,0,0,0,1,174,0,2,9,0,0,0,44,41,69,57,43,1483,763,58,3364,4,620,138,280,3026,40,4467,4873,48,1318,4,3755,32,2070,34494,27082,71474,2758,276822,562,44687,8042,395945,13,39,39,6,DoS Hulk
286,64135,42,48,3806,2283,804,66,435,35,1243,87,665,48,9405,51,5012,768,12768,41,68284,7813,418,47167,48,27899,714,1101,40200,23,1,1,0,0,1,1,1,1,0,0,0,0,57,46,61,83,44,1112,578,124,15376,5,342,978,931,529,61,8612,7721,96,5184,46,3050,7,4291,9462,40861,50405,9664,217697,433,93468,6301,86869,554,45,62,6,Infiltration
413,29988,49,48,2033,2569,387,62,224.5,24,259,88,173.5,15,1590,95,3422,1812,38586,7,92358,5274,197,8592,25,13304,1596,4372,14942,62,1,1,0,0,0,1,1,1,0,0,0,0,36,37,65,20,42,1045,543.5,140,19600,1,424,563,677,2135,44,4646,6516,50,1485,34,1341,13,1332,18708,13784,80715,4659,248065,837,5289,7653,31039,853,40,57,6,BENIGN
4768,190462,68,19,5032,9079,710,58,384,68,922,76,499,79,3268,6,3240,3786,30315,79,38948,7472,1438,1922,12,74765,8250,3053,37550,81,1,1,0,0,1,0,1,4,4,0,0,0,48,39,11,94,63,1116,589.5,142,20164,1,110,800,707,4055,91,8537,1424,0,2256,6,3713,23,3715,15315,53965,10513,9070,102729,103,20888,488,133988,909,14,87,6,Bot
58503,74079,10,90,6707,1771,1067,94,580.5,45,786,42,414,55,1102,5,8127,3724,21678,20,66696,5646,3831,3642,81,7137,3183,3524,38396,87,1,1,0,0,0,0,0,3,9,0,0,0,49,39,3,36,49,1219,634,127,16129,3,747,290,163,2749,19,7114,1436,10,4294,28,2176,19,2370,53033,22600,22800,4495,496587,829,71120,8387,167025,947,29,94,6,Bot
55780,312786,95,44,5567,8988,231,69,150,33,1094,66,580,71,1986,18,209,1934,37733,9,78748,3464,4361,23228,88,90052,6846,3044,23048,5,1,0,0,0,0,0,0,4,1,0,0,0,26,21,89,94,72,1080,576,127,16129,4,569,982,181,4399,69,6048,227,16,7656,47,283,25,1503,26138,61239,99113,6311,143865,585,60552,4012,370416,46,35,92,6,Bot
346,84858,18,10,4784,3398,1124,54,589,14,1379,93,736,94,1845,24,9209,2967,18385,84,24787,5380,1338,16633,88,11973,8133,4251,42460,58,0,0,0,0,1,1,0,3,8,0,0,0,43,35,11,62,66,1090,578,197,38809,7,260,864,779,935,5,8125,2741,55,8970,1,296,11,1358,8450,15168,57025,6401,289173,109,84363,4217,480517,179,15,28,6,BENIGN
80,3632,980,7,99075,108,908,67,487.5,84,1228,76,652,88,397119,3359,3429,2226,39917,92,32038,9886,1361,15745,69,22266,1097,753,6438,50,0,0,0,0,0,138,0,3,8,0,0,0,26,53,65,97,78,1414,746,182,33124,6,446,449,877,708,53,4695,2086,93,1262,26,4952,13,360,29630,45498,37774,5584,217025,764,92815,4257,151397,550,44,97,6,DDoS
80,3920,567,0,43046,563,180,47,113.5,56,754,45,399.5,46,365798,996,1288,2341,48442,57,10999,907,570,43802,34,79383,2027,1618,26313,7,1,1,0,0,0,181,1,2,2,0,0,0,21,42,87,6,94,1433,763.5,132,17424,1,728,678,320,7246,84,7785,993,60,63,44,1431,36,2986,54177,52292,52437,8990,344119,742,76149,9070,99861,257,9,40,6,DoS Hulk
80,1338,372,9,34383,329,1398,55,726.5,33,164,40,102,26,453492,4653,8074,4704,37102,7,62528,8814,2406,33492,73,26269,1190,3920,12810,35,1,0,0,0,1,137,0,0,3,0,0,0,33,52,76,63,95,1095,595,140,19600,6,143,486,495,8541,36,2494,6726,25,7755,29,2288,11,2394,14733,33934,3744,8151,479083,36,38555,5937,287605,741,8,63,6,DoS Hulk
80,1379,667,7,46497,960,1181,54,617.5,90,1215,46,630.5,30,353104,3486,5732,3376,42137,87,3057,4796,1592,35535,68,43708,1629,2236,25967,1,1,0,0,0,1,133,0,0,4,0,0,0,30,48,58,19,84,1135,609.5,188,35344,1,645,726,463,6056,6,4971,9937,88,3328,18,1600,12,4212,58237,24614,91795,4988,86769,627,90394,5606,476576,367,13,61,6,DDoS
62442,97,2,1,95,8,284,98,191,81,455,46,250.5,36,863,81,7057,786,23156,22,93373,900,4529,42076,70,82346,8441,3679,22343,72,1,0,0,0,0,1,0,2,7,0,0,0,32,48,73,61,51,1130,590.5,84,7056,4,283,684,632,2854,40,3144,4936,52,3045,14,1258,25,2901,54362,30938,71531,8741,363972,186,5837,1476,305974,1,25,48,6,PortScan
272,76869,23,19,2309,2997,1309,94,701.5,91,1493,59,776,58,6455,30,502,859,26029,98,73665,1122,4680,49513,82,13455,1117,2653,36962,21,1,1,0,0,0,1,1,1,9,0,0,0,43,56,64,82,81,1495,788,180,32400,8,949,272,477,2018,44,8969,1250,54,5797,23,2198,23,4968,64761,51540,14690,1311,339147,742,99430,5448,472729,285,11,90,6,Infiltration
13523,82,2,0,146,67,1273,87,680,61,546,47,296.5,95,157,161,6553,2429,18351,62,32764,6280,2550,25172,61,36805,5516,1566,4685,64,1,1,0,0,0,1,1,2,3,0,0,0,34,29,70,62,67,1168,617.5,107,11449,9,582,266,189,5342,81,806,1742,79,1568,32,3018,1,2219,48065,16531,17067,740,238070,664,70926,3231,418463,880,6,50,6,PortScan
262,54823,19,36,2528,3720,999,97,548,29,208,63,135.5,88,9563,36,7214,4165,43545,27,82335,5089,879,41603,98,32401,2034,4154,21085,66,1,0,0,0,0,1,1,4,8,0,0,0,36,46,38,62,48,1186,617,114,12996,3,982,965,208,3827,16,1652,804,34,1431,32,2653,47,1890,20664,51697,89783,2945,476356,230,92603,6782,283005,9,25,69,6,BENIGN
21,8538,58,87,14246,14135,1178,91,634.5,47,379,43,211,35,17987,28,5679,1922,6518,76,86044,8745,1088,19152,34,79082,8740,2693,23370,62,0,0,0,0,1,0,0,27,36,0,0,0,32,45,33,83,64,1147,605.5,183,33489,5,861,272,742,7352,26,8499,2211,20,9534,21,2300,18,3147,10164,12616,14747,1320,400868,466,87805,1212,259274,891,40,48,6,FTP-Patator
1581,63,1,1,66,38,1268,75,671.5,30,809,56,432.5,54,424,113,4309,4852,4909,21,44221,383,1943,33991,3,87452,887,2566,15818,14,0,1,0,0,0,1,0,1,4,0,0,0,25,41,89,94,51,1016,533.5,178,31684,0,189,279,497,1275,53,3775,1844,75,2373,6,3132,9,3177,58850,21873,2476,6483,307517,254,65132,9252,497969,108,5,90,6,PortScan
408,65450,13,46,4055,3909,1044,55,549.5,91,817,72,444.5,48,5146,40,6061,2311,14497,45,79087,8619,1322,24135,10,16488,4516,4200,45907,96,1,1,0,0,0,0,0,1,7,0,0,0,59,33,46,1,94,1082,588,182,33124,8,610,731,642,2056,34,6253,5432,38,265,6,3995,43,3886,10947,50114,3172,5414,149595,273,82968,4393,282873,36,24,96,6,BENIGN
16198,356106,17,16,1326,6861,1388,55,721.5,37,608,92,350,64,4892,11,7418,1411,3260,42,53557,2597,2590,7525,20,4994,6732,1948,9054,88,1,1,0,0,0,0,1,2,5,0,0,0,21,21,35,49,84,1375,729.5,94,8836,4,861,133,209,9991,82,9773,6976,57,935,2,4966,43,203,21575,34417,95350,5790,372579,988,93148,1110,260720,48,20,72,6,Bot
21,41481,64,28,2094,14182,234,49,141.5,11,531,94,312.5,94,11259,45,6138,1560,5490,34,34227,8904,3048,35305,57,48277,9266,4159,23003,61,1,0,0,0,0,0,1,36,33,0,0,0,41,35,5,72,49,1015,532,157,24649,6,208,586,469,1446,34,4333,5052,77,3585,27,3820,6,3220,8631,43967,47054,905,192659,386,21678,8627,268230,528,37,74,6,FTP-Patator
12810,99,2,0,187,21,1237,76,656.5,92,1403,44,723.5,69,938,74,3343,4564,34284,88,51961,9703,2348,32823,40,45565,852,1820,28774,17,0,0,0,0,0,1,0,2,7,0,0,0,32,29,12,93,88,1184,636,64,4096,3,897,442,936,3113,59,5841,9766,88,4307,8,3866,46,1671,23499,58863,71817,3227,372989,401,73931,3491,40111,646,42,89,6,PortScan
80,45992,44,53,39534,48365,1356,66,711,57,789,77,433,72,18797,188,1577,287,43546,47,9773,4523,1237,29526,59,31904,6346,3041,46673,75,1,1,0,0,1,0,0,11,8,0,0,0,21,54,57,10,45,1486,765.5,161,25921,3,840,113,329,3398,54,4488,1182,10,9439,3,1606,45,800,10310,21941,53433,3397,330314,126,68912,8055,446262,455,17,76,6,Web Attack - XSS
80,717,592,9,20254,477,1058,87,572.5,74,1224,60,642,77,341543,1711,3261,3130,7693,21,37053,1286,3848,32042,17,78457,9159,470,29805,49,1,0,0,0,1,98,1,2,3,0,0,0,42,24,13,57,67,1071,569,166,27556,0,783,286,195,3257,24,1859,93,2,5860,47,2060,34,3061,21647,15655,67167,4727,269958,343,1544,4975,197173,216,10,52,6,DoS Hulk
124,93451,39,32,3108,4227,1476,55,765.5,48,719,99,409,65,5634,44,4390,3792,36012,72,91270,3794,4625,9940,41,25242,4533,1378,19820,38,0,1,0,0,0,0,1,1,7,0,0,0,24,22,25,88,41,1319,680,65,4225,4,623,467,468,8023,38,6839,158,7,5260,17,744,17,4795,42194,55596,83173,4943,293818,192,96237,9398,268835,511,9,45,6,Infiltration
80,34771,91,19,44578,45914,495,53,274,57,183,94,138.5,65,19234,469,4748,4417,37210,71,48883,9437,2760,37183,16,30027,5505,3985,45755,75,0,1,0,0,1,0,1,11,16,0,0,0,42,32,65,60,99,1283,691,58,3364,0,551,148,850,8476,38,184,3601,99,6936,35,3676,21,3995,50245,16379,76714,1259,224638,581,15483,1776,476839,586,18,61,6,Web Attack - XSS
80,4358,187,9,26445,743,613,47,330,11,696,73,384.5,89,256762,3166,1381,2419,18437,88,88189,717,1268,16888,37,35467,1568,274,23538,73,1,1,0,0,1,172,0,1,8,0,0,0,48,20,66,96,53,1048,550.5,186,34596,9,664,323,406,4259,49,9938,5470,15,9009,32,3949,20,1837,56081,38686,6384,6837,380146,170,90001,5493,368185,577,2,76,6,DDoS
26017,43587,72,25,5191,7299,247,94,170.5,27,1446,72,759,40,2132,33,7428,3669,35464,61,8921,9298,3619,25194,14,46095,8077,159,36443,27,1,1,0,0,0,0,0,4,4,0,0,0,38,48,21,38,42,1357,699.5,149,22201,9,299,431,191,2652,87,6717,732,89,9553,45,2007,17,2956,52671,19792,92832,1879,371019,463,74329,8947,466211,236,18,56,6,Bot
80,1361,680,5,26391,556,791,56,423.5,81,1312,98,705,27,237439,3524,4860,2424,9353,97,2530,8135,4509,29359,91,51726,1093,2162,5403,2,1,0,0,0,1,71,1,1,5,0,0,0,44,25,30,75,80,1300,690,175,30625,3,580,285,186,6789,94,7814,8362,59,8954,29,4944,25,592,56726,36841,47352,5533,162238,532,31044,6819,370441,88,5,30,6,DDoS
4605,12,1,1,42,92,332,46,189,70,285,57,171,37,200,188,2375,2682,18642,21,67050,5475,3130,6978,31,24939,3156,2016,47949,6,1,1,0,0,1,1,1,3,7,0,0,0,24,38,70,72,59,1023,541,88,7744,1,316,551,315,1605,97,2147,3372,49,4218,34,2324,45,3663,20520,34933,3494,9737,379653,750,45720,9091,381781,738,35,62,6,PortScan
333,33502,17,33,4473,2990,423,90,256.5,67,710,60,385,36,8693,53,5110,3964,30102,48,96114,262,3161,41010,35,46043,7901,3195,4242,58,0,1,0,0,0,1,0,3,0,0,0,0,54,57,17,28,53,1319,686,108,11664,4,934,151,479,8756,18,8504,484,92,267,12,1419,22,1716,29442,23193,21511,5139,435028,622,42712,8817,490241,826,42,40,6,BENIGN
80,913,618,8,38930,213,389,75,232,74,1102,86,594,78,283452,1343,5109,965,22630,35,44409,6281,3516,29071,42,62179,4178,1270,11781,3,0,1,0,0,0,160,1,4,9,0,0,0,23,31,98,66,78,1446,762,185,34225,2,182,510,860,6127,32,637,7510,7,417,29,4504,12,1493,60521,11533,64674,2814,439277,981,8818,5971,89195,276,45,97,6,DoS Hulk
21,30227,95,60,8715,2581,151,78,114.5,43,123,95,109,11,11235,21,8642,3448,35828,75,64174,331,4520,6374,15,10219,7616,524,28059,97,1,1,0,0,1,1,0,47,14,0,0,0,30,54,79,25,91,1271,681,163,26569,4,478,219,181,3964,96,3631,485,60,2779,29,4068,44,3369,33759,64259,48443,433,55659,93,66196,8381,182430,280,14,54,6,FTP-Patator
23778,338552,69,86,5544,8849,375,93,234,57,483,63,273,84,2811,47,4551,3366,38329,30,74178,5135,4855,48524,51,40914,1950,2238,25278,75,0,0,0,0,1,0,1,0,8,0,0,0,42,35,43,80,87,1337,712,62,3844,3,110,712,480,3315,47,7662,3235,22,5699,22,2980,39,4783,29785,42036,74299,5872,25994,386,50161,3890,87280,257,33,25,6,Bot
48649,68,3,1,195,59,1447,78,762.5,28,997,81,539,56,691,130,3051,1398,9615,14,27023,1119,128,46427,42,47822,5787,2046,20714,81,1,1,0,0,1,1,0,3,8,0,0,0,33,34,22,29,87,1309,698,165,27225,2,679,864,678,675,41,8370,3837,43,1623,44,1150,25,4321,56796,51891,6738,8200,353955,157,73911,7227,166774,470,20,36,6,PortScan
389,27328,32,27,1660,3113,857,97,477,62,517,97,307,92,4241,91,6204,4545,7352,32,74747,8866,4341,8689,11,36314,8290,1564,15978,35,1,1,0,0,0,0,0,3,8,0,0,0,37,27,12,23,51,1355,703,74,5476,2,772,865,901,620,88,383,2985,71,7672,22,1608,45,3383,22623,16555,54091,3394,159544,7,21319,6973,87718,266,33,96,6,BENIGN
80,4251,610,4,40606,917,232,57,144.5,69,1303,64,683.5,24,283746,2303,5466,866,36867,85,56488,1120,3108,2190,83,37500,9970,2863,9606,68,0,1,0,0,1,145,0,2,9,0,0,0,44,41,25,82,61,1316,688.5,60,3600,3,504,243,674,3482,14,5581,6395,91,1678,34,4563,23,4864,46952,60330,99405,9443,177877,158,24930,8246,368334,75,17,48,6,DoS Hulk
80,21280,59,97,9707,35060,105,81,93,57,672,57,364.5,92,35728,88,2156,1747,45432,18,48068,9952,4033,42025,61,35744,2337,3332,7058,51,0,0,0,0,1,0,0,6,8,0,0,0,58,50,72,7,40,1040,540,116,13456,9,935,651,340,3915,25,2577,1404,71,3357,2,2709,37,4376,51179,46297,99724,7309,224631,506,61495,7106,189290,753,22,21,6,Web Attack - XSS
80,3948,296,7,69610,120,1393,55,724,78,529,86,307.5,34,172773,1912,6460,4692,16565,90,90234,9649,3144,19048,30,67717,9096,2474,32583,59,0,0,0,0,1,154,0,2,6,0,0,0,42,34,77,94,74,1404,739,56,3136,6,238,948,297,5872,9,4397,7485,9,7115,41,4631,23,2135,54562,9864,5374,4028,29146,653,22997,4228,462688,64,37,70,6,DoS Hulk
52971,57,4,0,133,85,1188,72,630,39,343,86,214.5,45,985,54,9322,2676,15491,70,20315,9518,2377,35875,62,55326,412,4360,33545,83,0,1,0,0,0,1,0,1,6,0,0,0,23,35,15,34,91,1337,714,61,3721,3,307,215,414,2116,76,6086,3990,95,5901,11,2578,9,4351,47728,54473,13589,4693,95176,367,35005,8149,133250,720,28,98,6,PortScan
28471,177940,15,78,1279,3951,1215,48,631.5,34,462,63,262.5,55,2865,35,7155,4447,16464,10,43302,7914,1223,23043,42,25969,5636,4575,28756,41,1,1,0,0,0,0,0,0,8,0,0,0,45,44,28,6,46,1214,630,75,5625,7,973,773,121,2204,39,257,2951,52,437,43,751,14,849,30119,45582,94923,4894,475873,166,27123,9758,463178,813,10,29,6,Bot
357,93480,46,21,2213,2418,139,99,119,68,972,68,520,10,6696,47,7098,3886,5842,46,85189,1116,3191,45634,25,33644,141,223,3284,85,0,1,0,0,1,0,0,4,9,0,0,0,35,47,5,55,42,1342,692,141,19881,3,924,461,396,4328,77,4847,3479,8,530,27,2141,19,490,49399,64404,59425,1539,212411,774,40978,8541,344675,597,19,48,6,BENIGN
304,29014,42,13,4058,3144,290,65,177.5,19,1355,56,705.5,84,6916,97,5170,2791,32688,45,18906,867,2038,35628,34,75387,1134,2891,20614,80,0,1,0,0,1,0,1,0,0,0,0,0,38,33,3,49,55,1021,538,67,4489,1,404,241,208,8061,78,6980,4127,64,5941,12,352,35,1002,11069,11376,73317,2792,189912,953,68254,9121,474855,74,5,37,6,BENIGN
25503,491651,15,76,5676,1477,1157,65,611,64,1478,80,779,24,4426,14,6621,1302,9436,95,39744,5890,3014,42470,92,84839,4366,935,14152,76,1,0,0,0,0,1,0,4,0,0,0,0,40,46,84,21,72,1284,678,143,20449,7,971,616,726,5534,4,3488,9712,9,728,10,975,19,3151,23981,32840,22693,5703,387510,61,80569,5377,40575,218,16,47,6,Bot
15471,66,4,1,146,25,210,66,138,97,1217,73,645,24,805,146,508,3206,31781,90,21237,2632,1273,13927,99,19611,1502,4121,34311,4,1,0,0,0,1,1,0,0,1,0,0,0,32,21,22,55,55,1082,568.5,112,12544,1,842,262,804,569,56,1390,6217,62,6568,45,1295,39,2753,39422,27021,77329,736,106598,95,99669,3662,377718,660,26,54,6,PortScan
80,3234,205,6,67186,342,293,69,181,98,463,51,257,97,172218,4539,3312,4157,41189,4,55938,436,3164,23549,53,45254,5843,2415,6507,86,0,0,0,0,0,54,1,2,2,0,0,0,22,42,38,72,57,1454,755.5,154,23716,1,299,601,980,4076,38,6234,4037,96,1165,10,3964,49,4199,11301,60510,17293,2333,433541,40,22474,1876,297416,171,3,89,6,DoS Hulk
80,9173,46,29,27226,23618,1235,48,641.5,45,185,42,113.5,69,16564,406,149,1951,20192,21,67247,5420,1221,29960,43,39104,9115,660,12121,3,0,0,0,0,0,1,0,12,9,0,0,0,37,48,68,18,67,1034,550.5,140,19600,5,727,665,995,9136,26,3907,8834,22,8357,10,810,2,4523,63481,10022,95499,2485,219018,88,93848,8212,398854,109,25,31,6,Web Attack - XSS
80,1543,464,1,41089,369,216,59,137.5,15,652,85,368.5,30,316579,1380,6458,2614,38225,81,20960,5807,3381,38786,70,93565,442,680,8792,86,0,1,0,0,0,164,0,1,4,0,0,0,47,47,94,59,92,1477,784.5,100,10000,4,762,951,119,4498,20,9132,7374,5,2403,20,2324,18,2326,47251,62495,59153,2289,406030,116,55363,5281,355999,212,16,40,6,DDoS
29,69,4,1,113,53,358,84,221,18,1011,48,529.5,30,622,165,1946,2172,16438,73,28877,2067,3862,29579,66,66268,7906,1524,20534,33,1,1,0,0,0,1,1,0,3,0,0,0,27,22,81,25,62,1210,636,179,32041,1,827,507,655,6727,73,4822,7287,14,3427,15,4022,47,4174,55858,57106,31296,8447,443990,161,24029,892,144990,53,33,39,6,PortScan
280,71928,6,24,1913,2101,893,70,481.5,39,1155,71,613,58,9892,39,7042,2918,19252,34,76083,5809,2180,27867,5,21068,307,4899,31727,2,0,0,0,0,1,1,1,1,0,0,0,0,44,22,20,64,55,1120,587.5,85,7225,7,808,400,499,9614,69,6823,9165,61,9365,10,1915,41,794,13247,51954,40471,2360,428070,491,63542,130,338925,836,21,46,6,BENIGN
404,51301,47,9,509,3427,1392,91,741.5,69,146,63,104.5,77,2331,53,1634,1723,38869,36,23308,6307,4843,35564,21,11710,7006,670,42872,9,0,0,0,0,0,1,0,2,9,0,0,0,57,53,7,56,62,1334,698,177,31329,7,812,637,211,8341,76,1865,2435,5,8531,42,1107,35,3868,42010,58009,48946,341,257427,753,10243,1970,158157,825,21,90,6,BENIGN
29438,365010,68,41,3368,5427,795,44,419.5,41,600,49,324.5,18,2392,8,7013,2098,41242,25,16017,9489,4855,7149,70,96262,3832,4273,2023,10,0,1,0,0,0,0,1,2,0,0,0,0,44,42,54,95,76,1137,606.5,125,15625,4,141,381,431,5620,91,4652,7103,56,4705,37,682,41,537,59691,50749,21800,272,38655,575,49351,3218,21963,689,48,52,6,Bot
80,2467,334,5,30662,217,381,92,236.5,41,925,52,488.5,93,166157,598,5620,4987,17877,85,97437,1591,2295,8069,25,62897,145,3395,13883,71,1,0,0,0,0,189,1,3,0,0,0,0,32,42,75,79,92,1169,630.5,100,10000,9,843,182,305,4719,71,3895,5394,11,5898,29,4393,42,4653,40291,53246,98521,313,449742,532,78668,3455,18059,936,12,63,6,DDoS
17579,382928,91,12,6884,1312,567,49,308,56,916,91,503.5,49,1077,41,8054,302,37876,21,81891,5741,4644,36392,8,91479,4918,2966,29456,62,0,0,0,0,1,0,0,4,9,0,0,0,38,23,87,32,53,1270,661.5,115,13225,4,680,676,793,3626,90,966,7287,66,1569,6,341,8,2886,34059,28172,9173,1264,219207,979,45470,5389,343720,994,27,25,6,Bot
251,20680,7,46,4140,2468,338,47,192.5,11,257,46,151.5,51,4874,11,2037,621,5385,88,77852,3009,2292,29910,38,42793,2423,718,45160,94,1,1,0,0,0,0,1,4,3,0,0,0,50,36,47,76,50,1322,686,90,8100,5,560,555,325,1858,10,6382,4418,33,2299,12,4066,43,3492,8745,47978,94396,2915,334428,555,47330,8843,411180,638,34,74,6,Infiltration
21,5254,40,32,5498,9654,764,93,428.5,98,1098,42,570,66,6719,57,4373,4191,4408,50,56857,1653,1070,29599,30,86175,9654,1377,37421,7,1,1,0,0,1,0,1,47,12,0,0,0,22,44,44,27,75,1493,784,184,33856,4,516,666,701,4204,32,5417,1694,27,371,19,742,28,1695,37646,53938,26937,2001,64687,499,80955,6735,429338,334,23,20,6,FTP-Patator
80,505,313,6,12574,306,1081,65,573,59,468,60,264,45,165725,2637,8759,2064,33080,95,81473,1191,4034,21536,86,66992,1643,2131,36652,39,0,1,0,0,0,175,1,3,0,0,0,0,32,59,88,78,59,1375,717,111,12321,5,510,198,887,3642,59,8590,6263,30,479,16,3776,26,4571,15138,31844,92714,448,475567,281,1342,6669,193756,948,43,91,6,DoS Hulk
80,11497,32,25,10342,41624,475,94,284.5,14,514,88,301,21,20391,232,4576,2284,25487,93,90731,4781,438,38906,11,58234,9622,2670,44803,62,0,0,0,0,0,0,0,18,17,0,0,0,45,24,54,56,93,1025,559,116,13456,5,762,126,844,6065,46,9897,7145,81,6108,33,3970,49,3677,33546,56456,50513,5866,484956,122,15373,4828,42533,541,42,85,6,Web Attack - XSS
199,44501,26,20,4804,2747,835,49,442,25,1196,77,636.5,38,9173,25,906,1661,29944,55,76284,141,3574,39661,95,70989,5292,3381,30430,67,1,1,0,0,0,0,1,2,3,0,0,0,57,57,64,79,77,1408,742.5,191,36481,8,605,328,576,5209,56,6324,6800,29,3478,6,2092,26,3518,60955,38988,47917,5494,433770,896,23720,5440,247241,776,41,42,6,Infiltration
80,1921,126,4,64665,600,1147,63,605,51,223,97,160,13,103056,1146,3386,3601,3240,86,96109,2418,3374,20239,44,70524,8191,3757,28633,47,1,0,0,0,1,185,0,1,5,0,0,0,45,34,5,87,91,1336,713.5,127,16129,5,704,572,280,1753,71,1431,9957,49,8409,7,2266,20,4014,49913,27923,51075,8191,421277,796,52986,9793,297662,794,39,88,6,DDoS
21,9096,73,92,12819,12314,512,91,301.5,13,1268,83,675.5,23,8753,80,5503,3105,13182,9,32770,1665,2382,36858,12,30803,3487,4351,7229,28,0,0,0,0,0,0,1,40,39,0,0,0,43,46,98,22,60,1065,562.5,138,19044,2,735,867,170,4149,51,7888,9383,96,5168,25,4767,43,758,63992,37913,42873,914,189523,91,62892,9413,396677,300,12,60,6,FTP-Patator
323,80712,21,28,3932,3177,114,99,106.5,37,208,54,131,32,8208,45,7660,2550,4947,91,29606,6890,4952,45458,31,31058,7974,1798,49554,59,0,1,0,0,0,1,0,0,8,0,0,0,48,53,72,10,90,1252,671,183,33489,6,456,469,605,1779,19,4991,8412,49,2187,9,420,19,1429,16568,50833,93159,3880,97585,941,4660,7667,255472,66,36,53,6,BENIGN
147,15762,23,8,1063,3785,722,97,409.5,92,742,59,400.5,95,9763,74,3650,3265,3951,65,37184,7640,2990,15139,16,33948,758,1947,44052,52,0,0,0,0,0,0,1,0,9,0,0,0,37,57,36,42,97,1473,785,147,21609,8,175,779,899,9404,0,4425,8846,76,7157,13,3498,24,1262,36595,19541,15080,1321,312532,972,51002,8992,494466,78,1,79,6,BENIGN
20910,73,3,0,53,37,421,88,254.5,85,562,80,321,62,912,146,8578,4505,14580,40,20031,1591,4940,30030,27,71813,2897,4425,12363,5,1,0,0,0,1,1,1,1,3,0,0,0,20,56,54,99,69,1204,636.5,88,7744,6,687,819,438,6461,84,2100,4311,6,6992,8,3218,7,3354,27595,40970,2441,2558,266240,213,33789,1215,135789,729,40,59,6,PortScan
80,1796,946,5,57668,566,894,82,488,50,1348,54,701,89,300278,3408,508,1677,34672,12,81651,2013,864,9602,61,43777,7422,2037,36571,56,1,1,0,0,0,162,1,3,8,0,0,0,24,55,77,58,91,1108,599.5,159,25281,8,548,258,344,6904,17,1544,7423,10,8950,27,2214,3,2784,10215,48359,10073,3676,274822,90,59832,1790,171521,125,39,33,6,DoS Hulk
42404,29032,47,16,7444,8974,349,71,210,47,1211,69,640,70,1886,20,6450,4528,1287,94,65335,7951,2645,17805,7,11600,4257,339,16172,27,1,1,0,0,0,0,0,1,2,0,0,0,32,53,18,10,55,1076,565.5,198,39204,5,939,909,145,6136,23,4819,8303,65,5619,11,4455,18,2845,37944,56777,70569,8284,449857,311,91020,3054,485728,307,32,73,6,Bot
21091,347659,72,55,8955,5778,1153,67,610,22,715,55,385,70,3646,38,329,3042,4930,87,45026,9470,3344,22811,79,32047,3105,4823,5063,78,1,1,0,0,1,1,1,1,3,0,0,0,51,57,61,47,47,1397,722,124,15376,4,537,100,298,4227,12,9679,8271,28,5803,10,4113,1,735,39203,18314,51502,8508,237074,382,75150,8672,448790,377,10,93,6,Bot
64128,85,1,0,57,48,949,65,507,34,563,46,304.5,76,964,192,1427,1691,12300,26,50777,6772,365,43200,46,25539,8613,4400,12515,45,1,0,0,0,1,1,1,2,5,0,0,0,49,27,68,27,93,1199,646,71,5041,7,463,922,734,7180,95,4947,6688,35,4054,3,153,41,253,39292,35620,76454,3594,474678,649,92502,9741,353078,965,13,68,6,PortScan
80,27608,26,44,27598,7476,1375,55,715,47,858,66,462,54,13554,432,4847,4706,1249,71,2370,1202,1249,49738,17,93661,8830,988,41200,12,0,0,0,0,1,1,1,5,8,0,0,0,28,24,47,64,90,1398,744,171,29241,0,464,522,584,7753,40,5548,5215,58,2475,1,4910,21,3522,21509,58857,42949,9265,476121,433,31533,1926,119539,566,9,20,6,Web Attack - XSS
61695,65,3,1,104,91,270,92,181,39,1065,94,579.5,86,941,185,3817,574,14963,32,90642,4772,3856,19320,62,53055,7941,4137,19472,25,1,0,0,0,1,1,0,2,5,0,0,0,35,47,59,78,57,1207,632,59,3481,5,985,405,888,3092,63,2730,2537,90,560,33,626,26,3915,28707,62540,74020,6291,285796,888,18302,2450,470389,188,31,27,6,PortScan
179,20697,28,26,3023,4344,937,93,515,49,1413,79,746,86,7161,37,1840,4066,6026,93,41401,1742,1172,4638,62,88184,4658,2382,38354,48,0,0,0,0,0,1,0,0,9,0,0,0,43,30,66,77,91,1223,657,84,7056,0,657,360,720,3787,33,9287,7800,95,7609,47,2589,46,377,34013,14850,40919,5663,55782,340,78932,2074,293039,632,1,27,6,BENIGN
166,44439,10,43,4737,4786,143,68,105.5,88,515,61,288,90,5875,73,8338,539,6458,3,76567,2908,1280,36550,6,63761,7317,4761,40273,87,0,0,0,0,1,0,0,2,7,0,0,0,39,58,9,72,98,1035,566.5,50,2500,1,116,192,413,6906,5,5532,3864,17,2506,23,3701,32,4091,20503,35351,38157,1268,288868,275,83601,5165,196748,481,7,99,6,BENIGN
21,43449,64,84,5211,19892,923,91,507,55,1120,51,585.5,63,7693,197,9676,3056,29711,70,90441,8898,953,6125,74,66007,4475,1571,2246,73,0,1,0,0,1,1,1,36,10,0,0,0,38,59,30,14,86,1430,758,131,17161,9,981,962,616,6740,16,19,1922,47,6529,15,2863,8,1070,37804,31228,81010,6423,404680,841,68334,4543,39303,522,28,21,6,FTP-Patator
2722,372331,89,98,6627,1848,309,89,199,29,193,50,121.5,22,2117,44,641,3541,15688,51,51912,7831,2967,33246,21,7966,6445,4373,29493,65,1,1,0,0,1,0,0,1,0,0,0,0,35,57,95,70,73,1061,567,65,4225,5,423,651,159,8234,96,1623,6740,86,1340,36,2474,22,4662,41837,35868,90513,1322,440690,520,86475,3745,273116,816,17,80,6,Bot
80,31308,92,81,8077,20902,1354,42,698,49,441,74,257.5,54,12034,247,2516,2692,7778,36,7971,4581,2347,9569,66,87302,6293,2642,31408,40,1,1,0,0,0,0,0,14,6,0,0,0,43,49,47,46,58,1218,638,99,9801,8,911,956,618,1847,31,8624,6345,60,1603,41,4251,19,1654,24464,34550,61319,2520,311596,96,16819,7389,72955,197,36,70,6,Web Attack - XSS
21,38998,67,85,12295,11054,267,48,157.5,21,181,89,135,31,2917,160,7440,1157,22948,27,73790,5517,2536,31154,17,44731,4260,4102,46724,70,1,1,0,0,0,1,1,15,22,0,0,0,50,44,17,62,63,1467,765,60,3600,8,873,555,402,1456,94,5033,5143,12,3326,2,3441,9,3431,61998,27006,22759,7906,470591,625,26566,9751,333701,131,5,38,6,FTP-Patator
80,718,807,0,98465,487,988,55,521.5,78,723,63,393,64,423919,2328,9941,2290,30484,53,67824,437,2759,45659,11,8324,9845,3158,30079,84,1,1,0,0,1,160,0,2,3,0,0,0,47,28,58,28,97,1266,681.5,91,8281,2,457,696,238,4869,82,7239,3444,59,5919,33,515,6,729,19525,39090,36677,2054,368142,18,28703,2227,343985,969,49,89,6,DoS Hulk
386,31706,13,19,2805,2350,750,78,414,24,1303,85,694,82,9097,56,2665,675,22923,47,61511,2839,3153,30018,16,30915,1926,1521,22008,91,1,0,0,0,1,0,0,1,4,0,0,0,24,27,9,90,61,1336,698.5,55,3025,9,238,897,736,1693,55,988,3468,77,9164,44,2822,27,2219,60345,58739,50596,3736,134789,50,42650,2605,82905,896,7,37,6,BENIGN
144,28360,41,16,2377,3330,109,53,81,71,1486,65,775.5,98,7681,99,7354,3199,28364,19,77761,9476,2924,6645,93,49284,6318,2063,36772,94,1,0,0,0,1,0,1,1,7,0,0,0,40,34,43,90,90,1478,784,59,3481,8,282,884,229,4788,49,4797,9862,97,1819,30,1559,4,4221,57955,24445,99352,8517,386889,356,48129,720,175702,332,31,21,6,BENIGN
30630,63,1,1,181,33,426,61,243.5,99,362,82,222,75,401,183,8110,4050,5972,29,46782,6037,3454,25827,33,80278,8841,1920,42650,73,1,1,0,0,0,1,1,0,0,0,0,0,31,23,58,45,60,1071,565.5,123,15129,4,899,897,932,2865,68,100,7159,24,2848,19,2723,11,2500,25585,53049,10662,3737,129677,677,78505,926,406898,955,49,96,6,PortScan
363,59381,48,16,694,2367,604,65,334.5,54,1481,98,789.5,90,4127,23,8172,618,40319,12,63010,4562,1706,10657,85,91683,1065,1372,27166,84,1,0,0,0,1,1,1,0,9,0,0,0,35,45,81,82,65,1278,671.5,116,13456,8,430,517,178,7667,54,6516,8054,12,7346,15,894,3,4766,58625,49104,4747,7723,302983,201,67606,5877,372494,53,8,82,6,BENIGN
370,52709,8,10,3259,4709,1445,81,763,65,1008,97,552.5,32,2852,62,6971,4411,18029,76,66370,9833,3331,8085,6,41971,7307,1881,31443,45,1,0,0,0,1,0,1,1,5,0,0,0,40,26,51,62,65,1029,547,113,12769,3,560,461,235,4393,22,5777,2994,54,685,5,1854,48,1548,60404,40067,38672,5344,166309,365,43220,6579,240764,659,19,39,6,BENIGN
27178,186400,63,98,3834,4330,854,97,475.5,79,1349,84,716.5,15,2230,19,947,3761,34296,85,24498,1979,4574,41233,24,73903,8068,2774,7447,53,0,1,0,0,1,1,0,3,1,0,0,0,38,34,6,49,51,1328,689.5,81,6561,2,897,963,159,3438,1,8650,9884,21,1042,2,1919,40,927,28976,13715,86541,5214,247953,133,52450,5884,71529,862,9,81,6,Bot
80,1691,932,6,21712,697,336,61,198.5,55,1038,50,544,16,245047,3794,3726,1936,47103,20,31698,5789,3915,1570,12,5573,3372,4633,34641,96,0,1,0,0,1,194,1,4,9,0,0,0,22,33,98,99,64,1336,700,51,2601,7,338,826,635,1644,74,369,2756,68,5177,33,606,47,3089,36124,49680,8741,5025,441863,933,44703,3200,406872,557,40,81,6,DDoS
285,54234,27,19,3186,2197,207,68,137.5,41,471,94,282.5,81,3044,98,837,4137,25237,78,43000,2038,2021,49886,27,38945,8608,2878,42091,44,1,1,0,0,1,1,1,3,0,0,0,0,21,33,93,98,82,1164,623,69,4761,5,521,384,456,2128,17,5724,7885,67,2990,27,2844,3,291,41888,12922,77468,9866,485032,749,64076,5721,143670,120,23,22,6,BENIGN
80,3154,643,3,96930,837,1295,97,696,61,1120,61,590.5,44,184674,2857,8329,3765,7037,82,52351,1911,3240,39547,84,93743,5462,2689,21957,60,0,1,0,0,1,169,0,4,7,0,0,0,42,56,24,31,51,1131,591,112,12544,8,752,213,130,2819,16,5060,7390,93,9965,8,237,33,3771,43051,49905,55967,763,494968,389,60766,8383,384265,391,21,44,6,DDoS
80,18172,70,91,43457,42941,1494,90,792,41,281,56,168.5,12,39823,281,1299,1518,14223,85,88385,9729,1553,29722,50,98767,2485,4296,35954,3,1,0,0,0,1,0,0,18,15,0,0,0,39,52,98,92,53,1369,711,129,16641,8,675,741,731,6166,91,4375,1931,92,3999,29,3165,2,1518,37688,63663,53241,6610,467483,564,6325,998,205394,867,30,93,6,Web Attack - XSS
15285,97,3,0,145,10,693,70,381.5,57,495,73,284,82,457,142,9667,2968,31456,31,12389,3252,3526,6413,59,1710,7406,3940,48801,3,1,1,0,0,1,1,0,2,4,0,0,0,35,59,95,43,45,1329,687,76,5776,4,481,965,125,2956,47,9868,934,37,3438,33,4525,3,4067,44493,11031,69452,1249,104269,31,53869,8629,474555,97,46,45,6,PortScan
314,33832,32,38,1594,2058,332,63,197.5,41,499,98,298.5,52,8513,75,1562,4462,5904,8,85541,5088,4883,3384,40,67020,9298,4667,39993,80,0,1,0,0,0,1,0,3,9,0,0,0,56,58,92,13,81,1207,644,124,15376,5,197,592,729,7048,75,895,5896,25,1961,4,894,22,2048,63037,22394,74611,8582,392798,689,4101,6003,467670,938,40,44,6,BENIGN
230,39265,40,14,3146,3951,1279,80,679.5,30,1274,77,675.5,82,5495,45,865,4760,38488,98,32925,3998,1078,3629,77,6547,5035,811,19386,56,0,0,0,0,1,1,0,1,4,0,0,0,39,40,80,73,57,1385,721,122,14884,3,709,347,680,3507,3,8115,1523,19,1457,48,4308,15,4892,53664,63755,68673,9727,328583,982,90524,3670,309297,737,35,55,6,BENIGN
38156,14,4,1,52,63,811,89,450,38,269,69,169,79,860,109,9152,266,4248,3,90881,6497,4384,12349,86,76553,5300,2555,17887,44,1,0,0,0,1,1,0,3,1,0,0,0,34,52,98,66,79,1166,622.5,104,10816,5,459,871,550,631,59,9946,1677,41,5104,4,1721,43,995,43703,31043,9074,128,368127,638,71065,8175,10754,866,28,31,6,PortScan
192,65510,36,41,2067,3622,326,89,207.5,96,1135,78,606.5,64,2749,67,7301,3491,3023,50,12282,1132,4630,5791,5,76127,7275,1752,5402,58,1,1,0,0,1,1,1,3,6,0,0,0,50,30,1,99,52,1172,612,150,22500,6,132,478,987,6533,17,3592,4966,33,1276,22,4744,26,1945,9775,31512,87601,9160,470224,304,5153,2199,308774,947,5,20,6,Infiltration
350,43360,39,46,1903,3995,867,61,464,45,506,64,285,43,8311,74,9944,1123,19467,6,90251,6459,2888,37301,61,44860,5127,4168,44196,91,0,1,0,0,1,1,0,3,5,0,0,0,27,31,45,69,82,1414,748,60,3600,8,998,603,652,6359,31,1985,8907,7,5282,25,1716,11,3515,43602,63987,37028,6417,80336,203,37824,141,408365,317,20,58,6,Infiltration
80,22746,71,70,8899,47284,410,95,252.5,16,1060,91,575.5,66,13008,328,5592,4025,7673,29,16269,4282,1566,19245,81,89130,9417,636,40335,88,0,1,0,0,0,0,0,7,9,0,0,0,29,28,72,38,80,1110,595,133,17689,8,783,724,400,2284,86,7108,6037,29,3385,28,4392,18,3929,22836,41406,62382,3983,138835,162,15308,3127,432387,197,49,25,6,Web Attack - XSS
80,397,362,7,72597,75,1157,41,599,66,1021,75,548,36,261536,1983,9584,2053,31126,39,47675,5345,1953,8837,5,41912,5499,1529,5814,70,1,1,0,0,1,59,0,2,1,0,0,0,49,29,45,45,90,1017,553.5,125,15625,3,874,398,973,2301,39,8668,9333,31,7956,33,2061,20,4755,59713,49918,49737,5492,377443,545,38726,9016,131082,299,8,82,6,DoS Hulk
80,489,696,4,86228,249,307,88,197.5,11,1156,58,607,35,386221,1152,9600,2449,22117,72,15962,3058,2286,1985,24,62180,8061,3154,4362,25,1,0,0,0,1,182,0,0,8,0,0,0,46,59,93,6,94,1389,741.5,98,9604,6,448,703,893,9976,55,50,9003,22,8197,15,3796,43,1635,19310,22905,53238,2710,401003,867,71431,688,216593,827,3,70,6,DDoS
21,18222,63,83,9588,7844,681,67,374,68,1472,67,769.5,70,2896,155,6148,2355,6347,2,37790,8739,623,34748,7,92608,592,1699,47579,70,1,1,0,0,0,1,1,40,12,0,0,0,24,48,1,50,49,1268,658.5,79,6241,8,615,248,336,9930,87,9232,8452,79,6930,13,1388,48,1285,8356,43604,43998,3727,183618,727,19514,8586,367541,496,14,77,6,FTP-Patator
80,1872,55,95,16768,45167,1092,81,586.5,54,490,87,288.5,26,21819,355,4761,1991,16104,53,50869,2350,1421,4225,86,90939,1028,1960,7720,48,0,0,0,0,0,0,1,16,10,0,0,0,23,49,92,96,79,1078,578.5,174,30276,5,413,868,799,3559,81,4881,3655,9,3591,22,2175,26,4639,26061,36880,20975,8166,478674,380,75073,4407,50205,353,40,99,6,Web Attack - XSS
11622,71,3,1,195,50,395,50,222.5,62,842,90,466,28,523,150,4534,3041,21492,69,57671,1741,1872,14554,18,9890,1280,1654,5753,97,1,1,0,0,1,1,1,3,5,0,0,0,23,43,84,47,77,1019,548,178,31684,3,673,343,676,5737,88,1284,1437,33,1376,35,2289,10,787,8384,56071,91272,9975,445200,178,81736,4151,283188,814,42,35,6,PortScan
330,4701,14,47,698,2281,1439,98,768.5,33,1058,77,567.5,23,7051,20,6835,4127,43208,9,3970,6186,1975,25967,43,39365,7188,2977,8442,77,1,0,0,0,1,0,1,3,1,0,0,0,59,28,60,46,51,1039,545,193,37249,2,888,278,226,5134,41,1781,754,41,7293,25,4656,46,2013,65054,30026,7816,7276,365822,338,74181,1883,307472,830,12,56,6,BENIGN
80,22395,37,18,36544,45066,965,48,506.5,52,593,77,335,22,40374,346,282,2713,38582,24,6615,1827,1475,47986,67,95660,3237,1102,10030,44,1,1,0,0,0,0,0,16,16,0,0,0,38,26,90,94,80,1077,578.5,67,4489,4,911,488,178,4439,79,4825,1142,49,6052,15,4155,6,3082,61785,8568,46286,1736,261152,437,16437,3548,217194,745,29,66,6,Web Attack - XSS
80,3966,332,6,24986,460,240,74,157,55,723,81,402,55,79180,3441,6466,3419,37523,9,66767,1696,1896,43256,33,16721,7848,278,7592,98,0,0,0,0,1,123,1,3,6,0,0,0,43,35,74,98,94,1001,547.5,106,11236,9,667,438,329,8877,35,910,842,48,8979,41,4443,38,4830,46729,40344,97459,6247,140794,466,46558,9274,466850,533,19,53,6,DoS Hulk
80,1600,163,2,44279,427,336,58,197,12,674,56,365,76,202077,4533,9142,934,23026,32,22011,6095,2370,21957,43,19285,7683,1210,16742,82,1,1,0,0,0,91,1,1,0,0,0,0,47,53,18,55,57,1314,685.5,82,6724,0,482,964,456,5048,19,4875,1508,76,3512,43,1595,20,3839,16936,59681,68276,752,362714,151,73508,8798,326377,98,31,36,6,DDoS
80,183,206,3,69988,73,881,80,480.5,81,319,53,186,91,191303,2574,773,3494,5017,75,8936,9316,1589,9743,41,57641,4340,1667,24051,12,0,0,0,0,0,175,0,2,0,0,0,0,41,59,42,21,78,1452,765,166,27556,8,323,732,129,5724,78,1538,3622,45,4077,39,962,40,2508,15300,17685,69688,7697,457081,972,51839,8402,356046,740,12,80,6,DoS Hulk
80,1552,799,9,74791,4,1470,99,784.5,42,510,92,301,99,405550,1635,8050,3700,43337,33,68259,9741,4113,47064,80,6300,8888,1935,44641,79,0,1,0,0,0,125,1,3,9,0,0,0,53,31,57,12,45,1446,745.5,173,29929,8,630,654,276,7021,95,9859,2472,86,3585,47,1458,9,4502,41327,21652,34866,7123,300788,896,36507,3628,485792,888,41,70,6,DDoS
80,36723,98,61,8398,25137,404,76,240,94,630,57,343.5,93,9908,324,2388,1371,12008,68,29372,819,349,26914,58,17918,4631,2417,40578,88,0,0,0,0,0,0,0,8,19,0,0,0,40,58,28,52,44,1298,671,62,3844,8,877,917,808,7791,22,4205,9072,23,527,37,2657,9,2754,10859,14933,38891,4846,234741,551,68140,4644,493486,904,49,70,6,Web Attack - XSS
21,7917,72,31,7203,11581,1278,64,671,62,929,48,488.5,58,9568,188,1943,2300,40207,38,53837,1515,2153,5883,44,99301,5200,2079,12201,74,1,1,0,0,1,1,0,22,20,0,0,0,40,44,17,45,48,1340,694,136,18496,7,454,909,581,4841,5,3354,5366,47,669,33,4731,11,3820,22451,40913,64767,6062,92049,761,64927,5568,356486,296,1,21,6,FTP-Patator
58466,53,4,1,139,36,756,69,412.5,95,1441,72,756.5,56,400,135,8153,3765,17999,82,87511,4428,2391,18002,77,79476,2477,4030,37896,92,1,1,0,0,1,1,1,1,8,0,0,0,38,24,76,93,75,1145,610,94,8836,5,739,719,958,3375,96,4472,8206,23,745,39,1477,36,2020,19882,65319,29495,8258,208574,908,43017,1412,27305,90,19,65,6,PortScan
59827,495077,68,19,7278,1000,605,83,344,52,1271,86,678.5,89,4815,8,3959,1499,28204,91,67683,5564,3873,19694,80,9784,8941,996,7504,62,0,1,0,0,0,0,1,1,4,0,0,0,56,42,77,3,60,1005,532.5,180,32400,8,400,544,926,3377,8,4211,4933,21,9179,13,2588,6,3890,23671,39213,27839,9415,162497,862,72250,5347,100472,558,11,61,6,Bot
80,7409,34,24,44933,42101,604,57,330.5,46,1080,40,560,65,22332,78,9640,3696,11731,80,82480,2300,509,16709,43,54278,8099,2766,34322,38,0,0,0,0,1,1,0,10,10,0,0,0,51,21,30,73,84,1180,632,159,25281,3,758,498,431,8309,45,5081,9861,81,5006,48,3804,47,4138,32781,50471,29643,7271,381365,362,5675,9567,371208,349,1,87,6,Web Attack - XSS
64016,192574,74,18,5574,9314,927,91,509,95,185,84,134.5,11,3028,7,6060,1891,34555,49,63483,9485,3615,49509,7,53477,4390,2474,47326,93,0,1,0,0,1,0,1,1,1,0,0,0,51,47,65,95,79,1416,747.5,95,9025,9,823,773,446,4480,81,7874,9642,25,5282,2,2507,29,2747,33495,43014,59741,6883,482495,489,76997,9866,160113,184,33,21,6,Bot
80,886,777,7,58417,504,788,50,419,17,1454,92,773,83,473941,4550,461,3831,4867,46,29297,4300,4190,8771,69,34145,3315,4544,36795,64,0,0,0,0,0,110,0,1,2,0,0,0,30,28,25,77,93,1429,761,147,21609,2,231,395,113,6798,72,1235,5732,13,933,41,1257,13,4749,59947,37182,14651,2621,230086,614,98311,119,38404,405,11,67,6,DoS Hulk
80,2863,370,2,11932,601,1194,84,639,79,221,78,149.5,46,275636,898,421,901,16984,95,84325,5596,504,26005,87,44700,8711,4052,30877,91,1,1,0,0,0,148,0,1,8,0,0,0,41,38,72,98,92,1495,793.5,174,30276,8,523,896,382,4560,90,1247,9398,42,5120,18,985,32,4090,24712,40257,16591,749,339822,755,70397,630,221662,820,8,83,6,DoS Hulk
80,46966,48,22,8614,21052,978,98,538,37,1240,59,649.5,16,8476,360,7723,4174,44194,90,83057,6642,158,47651,81,12251,6532,2977,46154,49,1,1,0,0,1,1,0,7,16,0,0,0,31,42,97,8,47,1405,726,134,17956,7,761,392,602,7429,46,6408,963,54,1623,1,332,23,1017,30741,47896,83905,5455,263259,839,92690,4835,173212,966,35,59,6,Web Attack - XSS
80,875,429,0,92400,407,279,84,181.5,18,937,83,510,61,341284,972,3019,3655,40633,84,23290,165,1904,13392,69,97561,5955,2483,16264,51,0,0,0,0,1,140,1,1,2,0,0,0,51,55,82,2,66,1090,578,175,30625,3,128,444,235,712,68,8616,1046,36,333,28,4543,17,1446,19722,38247,77607,9012,493480,851,44365,9062,339038,45,16,93,6,DoS Hulk
80,2742,230,2,90182,661,151,58,104.5,34,243,72,157.5,27,232511,3581,9826,3006,24393,48,77722,6896,838,18150,27,30709,1194,3723,33118,15,1,0,0,0,1,73,1,4,2,0,0,0,45,23,18,2,43,1309,676,196,38416,7,212,502,735,99,63,6393,7608,29,2809,27,828,37,3626,53005,14353,71873,6688,74188,112,62838,1974,439178,963,39,93,6,DoS Hulk
9792,33111,45,14,9893,7921,1410,61,735.5,56,611,63,337,53,4828,49,8652,2551,13641,83,21889,2416,530,44558,10,23508,3503,227,43903,3,1,0,0,0,1,1,1,4,8,0,0,0,33,58,24,14,70,1344,707,87,7569,8,276,995,158,8876,19,8185,9366,81,1804,1,2989,43,924,23289,60659,49449,4505,111742,229,38734,2544,475293,163,35,96,6,Bot
230,15970,8,46,1457,3893,1161,65,613,53,185,68,126.5,12,2460,73,8171,3765,6632,8,43677,9262,1574,44032,29,85202,3314,1005,24372,67,1,1,0,0,0,0,0,3,1,0,0,0,47,38,18,4,78,1184,631,125,15625,2,271,832,306,9499,95,7998,1861,18,2231,24,3995,18,535,29945,50854,68758,2015,347392,18,71861,5418,432112,225,30,22,6,BENIGN
9133,66187,72,15,4327,5768,505,95,300,80,738,80,409,53,4261,22,4804,1453,19055,94,44555,9227,3413,16022,16,88887,4544,1901,12566,6,1,0,0,0,1,1,0,3,1,0,0,0,55,51,84,79,50,1300,675,60,3600,2,289,902,640,8545,6,1920,8888,20,990,26,1659,22,465,54922,61758,22473,6316,324872,201,80368,8209,480234,808,31,20,6,Bot
48106,395779,19,15,4356,2175,441,96,268.5,61,856,97,476.5,88,4711,12,4148,456,32430,4,18541,8540,3867,21325,38,71075,3416,1752,46747,96,0,0,0,0,1,1,0,2,9,0,0,0,39,57,71,90,69,1321,695,130,16900,1,338,523,112,4355,48,661,1323,53,5654,46,1196,11,2616,11719,37993,24035,4083,204258,241,61240,3218,210014,395,36,22,6,Bot
21,33644,90,85,16205,3999,1091,45,568,32,511,79,295,23,4141,95,6101,1672,9950,40,29711,1007,2319,12305,12,98500,2259,2668,6533,67,1,1,0,0,0,1,0,45,48,0,0,0,26,39,60,61,88,1353,720.5,118,13924,3,974,490,635,9166,77,745,7169,59,3486,34,3589,2,1301,53400,10239,55955,2053,206064,695,19173,6539,349812,804,44,67,6,FTP-Patator
80,24678,56,11,38122,33618,1314,92,703,21,1415,76,745.5,37,39716,184,7619,3963,39384,90,80366,7197,1677,24025,84,91836,3877,380,8175,87,1,0,0,0,1,0,0,12,12,0,0,0,34,40,45,2,86,1160,623,197,38809,1,742,898,709,9220,50,3869,1076,43,3544,33,1439,34,1248,12761,59596,93878,1195,457483,855,16967,526,96012,818,13,77,6,Web Attack - XSS
80,4897,365,3,29286,30,623,94,358.5,81,738,75,406.5,69,269221,1604,4134,720,28088,84,50712,6327,3824,11182,36,75618,9733,568,13378,86,1,1,0,0,0,66,1,2,0,0,0,0,32,51,53,94,88,1498,793,133,17689,2,252,218,656,126,68,5729,1462,34,2393,42,3425,38,2235,31071,55839,34750,5793,294075,712,1869,7735,470699,576,12,94,6,DoS Hulk
80,4087,150,6,88052,115,1243,67,655,53,728,54,391,47,461160,1824,8452,886,18658,68,94998,7086,481,23237,20,36048,7591,798,3188,78,1,0,0,0,1,100,1,4,8,0,0,0,33,56,40,90,76,1115,595.5,160,25600,8,769,789,690,8245,66,9468,5975,41,9136,16,760,42,1948,11447,22858,18236,1206,329127,900,75606,3663,432937,260,6,97,6,DoS Hulk
80,1505,783,4,13257,279,1034,83,558.5,17,1117,69,593,62,71048,3298,8366,4951,20896,79,14384,7955,4271,39886,43,60622,5069,377,3568,42,0,1,0,0,0,92,1,4,8,0,0,0,34,49,28,33,92,1245,668.5,157,24649,9,332,427,227,5839,21,4886,6870,20,7947,45,1023,18,3412,58588,37232,25356,4010,318868,663,1185,4983,170851,878,27,37,6,DoS Hulk
80,4618,374,1,63274,635,627,72,349.5,86,770,68,419,87,361899,1910,641,1357,43685,81,40154,7915,1870,11713,29,76346,2669,4717,16344,18,0,1,0,0,0,154,1,4,3,0,0,0,24,38,83,90,51,1394,722.5,74,5476,3,267,737,422,6924,18,2208,5252,61,6586,4,2368,19,3706,62939,64536,34991,8820,167382,293,84900,7065,18283,403,17,75,6,DDoS
156,57295,42,32,3331,3598,907,53,480,22,265,58,161.5,52,8169,60,8721,1759,1225,34,43999,5732,4994,40438,9,94859,7058,1577,1422,15,0,0,0,0,1,0,1,4,5,0,0,0,23,43,2,11,55,1281,668,106,11236,6,784,199,751,3876,71,5357,1296,80,9098,22,4004,3,3016,33687,62608,15566,3616,492500,401,13032,4117,246215,888,44,46,6,BENIGN
21,44119,20,34,11152,18308,712,94,403,62,1461,78,769.5,73,6474,94,2496,704,11040,6,4428,8876,3317,40698,94,86696,617,2594,12623,30,0,0,0,0,0,1,0,38,15,0,0,0,44,29,38,99,64,1132,598,105,11025,1,327,463,374,791,26,9465,3312,55,630,49,3882,45,3301,60064,19888,69995,8947,345698,147,22061,1998,124143,643,42,79,6,FTP-Patator
80,4906,791,9,39281,254,945,75,510,45,684,72,378,55,446301,4417,5840,1182,2934,21,8171,7393,776,17645,9,54624,8128,1881,28515,68,1,1,0,0,0,92,0,0,2,0,0,0,26,40,21,88,61,1483,772,119,14161,3,535,921,925,9371,35,7723,5733,13,5922,1,602,32,4968,50282,30224,35365,979,433498,8,8421,6447,341986,398,26,91,6,DDoS
47196,96,3,0,119,53,1426,86,756,25,469,46,257.5,50,737,158,4148,1431,12738,81,37931,555,262,29573,46,5900,3672,2971,8111,58,0,1,0,0,0,1,0,4,4,0,0,0,35,22,44,18,62,1097,579.5,172,29584,5,229,138,559,8681,80,1709,7512,24,3311,45,4841,16,2571,45788,26735,42897,2135,391729,229,69013,3874,61531,155,7,95,6,PortScan
285,87630,17,20,1077,1107,996,95,545.5,16,1007,49,528,47,4538,33,5892,2339,33414,41,28898,515,4628,12892,3,58602,3723,4602,46979,52,0,0,0,0,1,1,1,0,5,0,0,0,34,23,41,4,85,1244,664.5,104,10816,1,338,290,418,9767,1,7441,6796,92,2177,5,1217,13,2844,57771,36999,75125,4987,281047,19,2597,3311,424142,700,48,36,6,Infiltration
19524,32,2,1,118,13,1303,60,681.5,33,1409,60,734.5,32,703,106,8886,2592,35542,7,76945,8251,4357,39108,38,6086,5123,4720,18083,36,0,1,0,0,0,1,0,2,2,0,0,0,45,38,4,22,47,1032,539.5,93,8649,3,748,794,103,8371,53,8184,2218,4,2011,45,3292,47,3285,26341,49635,35362,5609,333960,439,43472,4720,472607,760,49,35,6,PortScan
80,1219,104,6,76215,174,1078,42,560,91,244,74,159,46,116678,4351,8543,1527,15941,6,27970,2398,3245,11600,79,20971,6360,4916,35565,1,1,0,0,0,1,50,1,2,6,0,0,0,32,26,78,73,65,1123,594,178,31684,4,395,489,490,7691,61,1242,1925,62,9824,6,1601,32,3988,53555,27290,18084,8248,109496,261,58994,220,112198,445,6,35,6,DDoS
43247,19,2,1,170,9,403,98,250.5,99,954,42,498,63,393,100,7454,2160,12022,34,63135,5814,931,14517,51,10675,3822,2286,3830,41,0,1,0,0,1,1,0,4,1,0,0,0,52,34,42,40,89,1299,694,129,16641,2,588,237,222,3531,77,8562,5308,63,7036,26,4982,31,3306,36815,39791,20244,1810,473673,714,49523,8337,472274,495,22,71,6,PortScan
388,72378,33,33,4110,3072,664,94,379,34,348,79,213.5,68,4417,84,8202,359,16692,20,92540,9570,3565,25954,92,44633,7894,2767,7109,91,1,0,0,0,0,1,0,0,7,0,0,0,24,28,85,19,93,1275,684,104,10816,4,270,186,993,1410,92,583,8188,86,243,41,3369,25,3769,23075,33883,13044,4194,47423,873,28355,3474,399629,199,42,40,6,Infiltration
406,88941,34,45,3296,1039,1022,80,551,18,770,68,419,54,1325,43,9138,3800,10681,65,33825,8843,2433,30253,11,67708,207,582,42846,5,1,0,0,0,1,0,0,2,1,0,0,0,27,37,69,89,54,1494,774,104,10816,2,167,977,449,5767,73,2216,712,80,389,5,2718,13,1682,39657,54131,63178,5533,402247,169,53012,3082,391455,970,44,61,6,BENIGN
80,33416,46,81,8187,30814,648,88,368,72,364,51,207.5,59,26444,433,6773,3086,36559,1,6319,4760,1237,44517,58,61900,9989,2143,42566,81,1,0,0,0,1,0,1,12,12,0,0,0,20,49,71,40,59,1236,647.5,80,6400,0,556,208,556,4140,67,7349,4917,79,4190,36,4569,46,4261,56402,60682,33974,3078,21019,125,43520,5215,116331,456,29,24,6,Web Attack - XSS
38602,44,3,1,55,15,1498,98,798,19,672,41,356.5,50,899,63,906,480,30584,29,25946,8241,1837,33757,2,2750,1510,4693,25592,92,1,1,0,0,0,1,0,2,2,0,0,0,29,36,69,42,80,1006,543,50,2500,3,740,676,449,585,56,4878,5669,0,7554,18,1275,23,3894,59916,43075,82694,8788,328448,506,24218,7164,364592,722,47,37,6,PortScan
80,3456,401,7,69798,256,1118,41,579.5,66,933,87,510,42,343416,4561,5030,2438,46410,66,96686,4716,4203,9835,33,31954,4311,2360,14265,83,0,0,0,0,0,121,0,3,8,0,0,0,25,58,45,5,52,1109,580.5,146,21316,3,681,968,254,4669,7,513,7419,65,1316,31,4919,25,3683,60193,56032,88422,380,216728,717,39973,5095,12410,475,12,83,6,DDoS
80,4490,473,0,56887,197,855,95,475,38,214,50,132,81,359836,2488,9253,1338,23555,17,97229,8120,3391,34775,98,41553,8976,1638,11484,3,0,1,0,0,0,194,1,1,3,0,0,0,33,33,30,98,74,1401,737.5,50,2500,4,847,573,371,8069,78,7971,8322,84,1394,1,3437,32,3099,9847,59596,93894,1676,38565,68,53077,2145,221336,686,31,90,6,DDoS
12165,11,4,1,175,38,101,67,84,45,690,84,387,94,293,151,3115,1664,43671,61,36571,9237,1628,19882,22,63876,7940,2605,30643,29,1,1,0,0,0,1,0,2,5,0,0,0,33,36,36,59,96,1230,663,169,28561,6,885,148,717,2961,40,2071,8727,41,1612,40,4637,38,776,10796,62823,75405,3491,67503,437,87504,6313,314358,213,3,90,6,PortScan
62288,74,2,1,49,82,438,63,250.5,68,938,60,499,42,879,162,9988,2190,4205,15,53939,4234,4011,41048,61,81758,6537,4410,15887,89,1,1,0,0,1,1,0,4,3,0,0,0,30,37,65,56,99,1233,666,53,2809,5,250,749,491,3896,18,1300,1436,14,8742,47,4567,29,1373,58316,34396,55705,8150,377043,898,16062,8995,415735,159,20,95,6,PortScan
80,1807,358,6,70224,736,161,40,100.5,81,1324,50,687,74,444122,3823,1369,172,41312,61,49880,1656,2289,31588,27,93175,3405,2449,37886,34,0,1,0,0,0,93,1,2,7,0,0,0,36,44,50,23,58,1341,699.5,57,3249,1,150,460,649,912,28,6683,6514,51,8429,21,4703,11,2395,33667,17520,82010,9579,147265,344,31746,7268,17923,723,17,40,6,DoS Hulk
80,11313,54,81,9769,24282,1352,54,703,82,593,64,328.5,73,28215,227,7478,3415,30134,77,89516,8355,885,14184,77,10249,1457,1574,6672,10,0,1,0,0,0,0,1,8,9,0,0,0,26,57,62,59,78,1112,595,116,13456,2,162,869,563,2077,94,9932,8386,50,6322,31,1831,35,671,29883,44972,92369,7460,352640,681,5974,2276,21959,13,15,37,6,Web Attack - XSS
285,95384,42,19,3941,1123,925,99,512,74,812,40,426,91,5223,80,5303,3827,1951,63,49594,6095,1551,49643,66,82269,7076,2726,2440,5,1,1,0,0,0,0,0,3,5,0,0,0,37,35,84,73,55,1074,564.5,137,18769,1,924,259,771,4550,88,5432,5077,62,2795,23,3162,48,3535,11066,16770,32076,2244,372196,453,71353,5776,152796,20,31,38,6,BENIGN
80,4052,80,43,22209,21294,511,43,277,14,672,47,359.5,28,8587,307,6080,2326,41230,12,23395,7787,699,9195,41,54944,8945,3524,43951,97,1,0,0,0,0,1,0,9,19,0,0,0,30,29,90,66,41,1018,529.5,70,4900,6,451,929,285,5371,65,7808,4227,4,1474,34,865,40,4424,15091,26846,10777,1871,477463,828,94058,6250,477171,837,23,50,6,Web Attack - XSS
80,2915,612,9,72961,120,1364,99,731.5,87,1423,47,735,85,169875,4361,916,1597,23080,30,26011,807,1026,8662,96,43480,6979,4916,6221,67,0,1,0,0,0,160,1,4,3,0,0,0,55,22,83,24,75,1361,718,166,27556,1,941,643,446,5008,68,9793,7312,47,7009,25,3935,46,1063,61468,63778,29592,9826,81254,474,97452,4240,307369,567,1,30,6,DDoS
80,2871,182,4,71066,261,1373,84,728.5,92,1174,77,625.5,61,470125,4604,3127,4809,10117,78,27355,2433,1881,26832,79,87641,6351,1599,18710,62,1,1,0,0,0,57,0,4,5,0,0,0,49,58,52,74,53,1248,650.5,61,3721,5,264,621,443,3457,63,925,870,24,4369,47,485,39,2830,57474,21638,6329,9201,111213,974,44200,480,154956,583,3,96,6,DoS Hulk
41873,80129,34,34,4234,9378,1225,85,655,55,1364,58,711,36,2987,28,1130,3756,27527,9,93440,6957,2014,3980,80,77620,3039,4620,26917,39,0,1,0,0,0,0,0,4,7,0,0,0,33,42,16,76,96,1394,745,141,19881,4,538,616,848,9364,65,4943,4270,76,5363,40,345,10,713,41738,47641,46111,8394,260379,753,5130,5766,179069,503,49,54,6,Bot
13000,96,2,0,194,24,1018,46,532,18,490,91,290.5,50,748,110,109,2483,33211,78,50460,2571,1722,12913,52,71668,1066,3797,19459,41,0,1,0,0,1,1,0,2,4,0,0,0,32,24,9,54,80,1344,712,84,7056,3,599,170,351,7333,71,9983,3586,52,1396,36,2226,22,1962,49236,53286,92962,9991,328504,33,86859,7232,386854,548,43,59,6,PortScan
364,25884,48,37,2228,4950,1495,81,788,57,341,80,210.5,13,6971,38,2046,3471,18528,51,54012,6764,1281,19273,1,86776,9738,3582,16442,39,0,1,0,0,0,0,1,3,1,0,0,0,25,20,89,1,99,1191,645,171,29241,6,956,880,802,3848,55,2023,1793,34,3023,48,1969,37,1920,57118,43200,1922,2189,435079,445,80853,4160,131607,106,37,73,6,BENIGN
250,7104,6,36,4550,3163,843,71,457,10,1196,70,633,42,9622,94,1534,2338,27107,79,27094,7142,4436,46227,1,37007,6079,4137,1953,3,0,0,0,0,1,1,0,3,3,0,0,0,28,37,39,55,89,1328,708.5,62,3844,5,901,976,770,2059,14,7155,7302,74,6373,48,4584,31,4983,41443,49160,88400,142,53567,414,10081,5524,35567,662,5,26,6,Infiltration
441,16316,12,21,2228,3599,727,69,398,59,1238,74,656,70,2775,12,8011,2188,34945,72,45605,1384,2928,39477,98,65830,9228,3199,11652,1,1,0,0,0,0,0,0,4,6,0,0,0,44,27,37,68,78,1448,763,113,12769,4,977,476,943,2779,40,8788,5497,48,2576,27,4521,39,229,55553,63533,71016,3567,272074,453,54132,2184,92293,520,23,80,6,BENIGN
171,3721,18,37,1022,589,345,78,211.5,52,508,61,284.5,97,8680,27,4439,1118,38684,85,23766,5310,4689,34472,14,22211,4196,4418,26023,19,1,0,0,0,1,0,0,3,7,0,0,0,50,58,90,44,94,1347,720.5,185,34225,5,543,282,558,4036,43,8982,2803,2,7772,39,2805,15,2174,17054,10785,10210,2077,393555,918,11480,5720,448675,89,16,38,6,BENIGN
80,3177,690,6,41948,418,144,83,113.5,88,1097,94,595.5,98,437734,3139,3925,3209,31083,82,13223,1771,4613,12323,86,81029,586,184,9161,43,1,1,0,0,0,63,0,4,9,0,0,0,46,29,90,54,84,1381,732.5,162,26244,6,984,360,504,6698,45,6482,4218,63,6894,17,177,43,2047,35933,15720,32204,4862,111324,281,87991,4029,398794,854,15,52,6,DoS Hulk
80,3381,568,4,63603,173,1176,96,636,57,1374,55,714.5,60,260318,649,4746,611,44759,65,5969,2420,1414,38172,49,99209,8309,3561,12417,6,0,1,0,0,1,72,0,0,3,0,0,0,57,47,38,80,72,1200,636,86,7396,2,398,583,784,6200,38,2726,2505,92,2213,45,4490,36,2804,36457,55466,80706,2879,343011,839,88198,9120,26886,507,38,57,6,DDoS
320,96216,5,42,1691,897,1053,73,563,20,1351,55,703,74,9398,98,4082,2310,31668,72,87359,445,849,8488,30,4689,8577,4155,39167,23,1,1,0,0,1,0,0,3,0,0,0,0,51,41,86,8,87,1049,568,157,24649,3,320,114,889,7697,41,8332,4796,55,4190,5,959,7,2074,23467,35771,39916,9836,427721,57,88422,5150,337733,980,48,54,6,BENIGN
14037,339947,63,88,9435,7127,1445,58,751.5,22,1220,54,637,69,3650,21,3679,2581,11223,88,11125,3392,636,7245,28,41132,6456,523,49736,11,0,1,0,0,1,1,0,2,2,0,0,0,47,49,91,79,93,1422,757.5,54,2916,6,459,869,288,433,29,7371,9333,74,8945,1,4885,38,2668,46034,19590,32298,7086,228081,623,35064,835,203141,194,12,88,6,Bot
80,3017,258,3,44621,397,724,69,396.5,48,361,64,212.5,46,349474,1939,643,3925,40960,71,56744,2005,3085,8016,26,53005,4865,3598,10983,91,0,1,0,0,0,120,1,4,8,0,0,0,48,40,69,1,76,1451,763.5,179,32041,4,674,125,251,7967,56,5310,2158,14,1795,39,1207,44,1907,53675,9380,34302,8803,426821,647,20566,4576,461358,857,45,74,6,DoS Hulk
441,66483,22,49,838,3791,1268,47,657.5,73,340,83,211.5,14,3297,83,2277,2258,29216,25,83574,1150,655,6124,13,47351,2176,1490,14275,90,0,1,0,0,0,1,1,1,7,0,0,0,25,59,80,46,94,1465,779.5,129,16641,4,963,868,986,8458,12,6480,8629,62,2761,3,3855,9,2409,13957,26650,80209,6436,135042,700,80839,8932,270589,925,39,83,6,Infiltration
21,16267,58,88,9605,9979,369,55,212,70,1262,49,655.5,96,4012,163,4588,4407,33892,6,66902,3054,950,39462,6,28235,1338,2096,14398,86,1,1,0,0,1,0,1,42,42,0,0,0,47,47,50,34,54,1273,663.5,86,7396,5,600,473,710,6797,66,5445,8803,64,9526,5,4073,30,1256,52995,51612,45322,3533,30731,160,8607,6958,400229,148,16,76,6,FTP-Patator
24546,10,4,0,61,10,152,45,98.5,93,426,93,259.5,55,262,97,912,2448,36364,88,36161,338,4879,7593,60,75928,1460,4634,48294,22,0,1,0,0,0,1,1,1,0,0,0,0,20,47,78,56,40,1190,615,67,4489,2,975,133,465,6919,96,38,9086,48,8547,10,1463,7,3158,37240,14933,82731,8942,20444,305,40522,8716,82749,536,49,34,6,PortScan
80,2003,118,0,68114,750,577,82,329.5,90,1308,46,677,42,302780,4366,8156,2907,9185,26,25486,5629,2612,37797,91,13647,1488,3904,32726,17,1,1,0,0,1,168,1,0,8,0,0,0,28,26,33,23,89,1210,649.5,149,22201,9,732,669,356,3978,97,1393,3889,87,3765,44,2478,48,1022,25446,28081,30744,4246,229636,606,68034,6412,63188,938,25,97,6,DDoS
80,1436,477,1,88871,535,742,91,416.5,88,1298,64,681,97,159863,3447,639,227,49763,18,39967,7220,2176,3956,44,81607,6933,2507,21007,29,1,1,0,0,0,171,0,4,0,0,0,0,42,38,55,76,86,1053,569.5,103,10609,8,603,257,268,5733,69,8504,1627,45,8329,35,1707,24,2557,16675,30194,73417,3595,424970,223,44134,2202,487976,310,10,23,6,DoS Hulk
80,35242,88,33,32239,32487,288,50,169,75,686,55,370.5,22,9857,212,1323,4819,11369,25,57941,5342,4308,24443,90,46275,7445,4726,41664,62,0,1,0,0,0,0,1,5,18,0,0,0,48,31,61,37,94,1248,671,162,26244,5,233,419,257,2016,82,261,9290,23,841,14,3394,25,1880,49976,56083,65922,2369,332798,74,84146,3963,183555,148,43,33,6,Web Attack - XSS
80,305,776,5,93690,241,718,67,392.5,90,1315,77,696,71,420198,1353,8403,3418,16101,96,82224,4644,2529,2856,29,63365,7283,1975,41343,4,0,1,0,0,0,60,0,0,8,0,0,0,20,35,57,91,74,1389,731.5,121,14641,9,827,268,916,1489,53,9582,7992,72,657,25,1743,12,2938,30771,65007,80519,8180,72958,897,35773,139,235274,873,11,88,6,DoS Hulk
80,1515,550,6,38405,225,441,78,259.5,11,923,86,504.5,68,106912,2255,5863,2341,9979,45,69929,7085,1522,27077,80,73656,6752,992,20133,94,1,0,0,0,0,72,1,0,1,0,0,0,36,23,65,69,67,1441,754,110,12100,7,100,855,456,2339,74,8141,7055,75,5133,3,2365,6,2362,54452,28745,31794,4887,211575,692,52961,7591,351635,962,32,23,6,DoS Hulk
80,4751,902,5,79925,290,1400,48,724,14,1183,98,640.5,52,356872,1443,7152,2433,5060,70,69529,543,1032,1538,37,96655,6001,1739,46163,28,0,1,0,0,1,59,1,1,5,0,0,0,34,46,94,97,77,1277,677,172,29584,7,342,515,821,4070,28,4339,9781,80,3040,34,1987,10,3326,35179,24796,73153,4922,64167,450,3315,9389,265309,618,9,96,6,DDoS
26973,64,1,0,50,28,1232,43,637.5,92,286,66,176,42,289,70,2539,2666,14725,32,80093,4568,2649,25672,27,53327,7871,1004,21951,49,1,0,0,0,1,1,1,1,3,0,0,0,45,42,73,46,85,1312,698.5,79,6241,7,729,855,830,3364,96,8210,4970,12,6528,18,1989,3,2998,34722,36055,63481,2223,159047,840,89228,1162,474728,675,14,27,6,PortScan
380,63398,6,22,3249,1270,1270,41,655.5,24,1399,72,735.5,38,4594,21,3611,4058,36857,86,6880,1814,1270,10148,18,88376,8737,1789,4035,45,0,1,0,0,1,1,1,0,4,0,0,0,32,22,86,72,41,1348,694.5,170,28900,1,306,527,289,3374,50,8820,9674,94,6155,23,1672,38,4872,41657,62002,79729,5768,367603,652,74879,6458,231947,141,25,41,6,Infiltration
80,15266,34,31,30281,24396,617,56,336.5,50,1453,49,751,53,29814,309,8346,3810,36625,22,8066,4009,4656,8135,18,61858,9855,1072,23498,13,1,0,0,0,1,0,0,6,17,0,0,0,37,59,89,71,87,1023,555,76,5776,1,425,527,462,9579,69,211,884,45,5025,27,2546,48,4150,8955,30386,22076,7921,232397,161,36763,1345,41382,947,22,48,6,Web Attack - XSS
173,38742,21,42,3621,3528,420,77,248.5,20,173,87,130,99,1619,53,5974,168,49993,35,34528,9446,1394,30641,57,7023,6672,494,2093,14,1,0,0,0,1,1,0,4,5,0,0,0,48,27,78,52,89,1291,690,128,16384,6,276,578,165,4321,39,8782,9594,12,4843,42,1924,29,2458,54880,52830,79445,6627,54885,922,75568,6567,405851,313,9,69,6,BENIGN
103,31155,26,9,1466,1812,553,95,324,44,322,69,195.5,63,5451,58,4479,4405,13974,47,34877,8208,3728,47441,18,8101,6736,1642,42211,99,1,1,0,0,0,1,0,1,0,0,0,0,20,31,18,72,73,1156,614.5,161,25921,4,229,870,503,980,88,1185,1096,60,8509,33,3308,2,4669,16657,41933,26342,7558,77580,98,21510,1268,70983,409,21,92,6,Infiltration
46212,319098,40,39,4637,1140,1287,65,676,13,1216,50,633,68,1737,45,9374,3717,16883,76,30716,2059,2233,31367,58,57991,4790,3016,12668,69,0,1,0,0,1,1,1,2,3,0,0,0,27,26,77,79,92,1355,723.5,106,11236,7,713,457,618,51,40,6251,5419,65,1009,49,2938,45,3882,31738,8435,67288,9439,130433,178,3062,899,33513,765,42,84,6,Bot
287,89447,48,26,3120,4525,494,51,272.5,53,1414,67,740.5,27,7274,51,6642,1651,26890,2,94054,2041,3165,3088,82,95666,5615,3362,8792,41,1,0,0,0,0,1,0,0,3,0,0,0,40,22,12,57,42,1070,556,77,5929,7,413,644,214,1833,96,1118,3111,30,5328,11,3064,43,1181,55890,61573,83375,9512,298572,562,27879,5348,44280,13,46,93,6,Infiltration
110,32125,38,18,3857,4784,902,75,488.5,29,228,73,150.5,66,8223,94,863,467,3815,10,64497,2740,1204,41178,37,7846,3957,4345,42747,75,0,0,0,0,0,0,0,4,3,0,0,0,45,31,79,78,83,1434,758.5,68,4624,1,648,529,961,2667,97,1139,7971,71,3483,1,351,39,733,10395,37984,48121,1153,167237,561,75603,2716,473077,673,45,90,6,Infiltration
21,24276,28,21,3001,8091,1251,77,664,59,887,91,489,29,3342,150,219,666,44039,39,87383,683,2476,22716,48,66858,918,4264,49167,91,1,0,0,0,1,1,1,38,14,0,0,0,29,27,62,56,56,1326,691,111,12321,7,392,246,931,8052,37,3458,2053,45,2480,40,2090,5,4672,14384,18000,40578,4505,400132,94,94389,6618,274693,391,13,37,6,FTP-Patator
38119,54,3,0,198,23,169,88,128.5,15,1217,89,653,87,879,151,3213,1971,25704,39,23443,3137,2944,32248,55,33829,8298,4524,45228,25,1,1,0,0,0,1,0,0,7,0,0,0,42,55,66,67,41,1336,688.5,62,3844,9,877,370,442,3074,52,5793,4603,68,9803,40,4149,26,299,56345,16749,55094,7070,143181,9,1108,8588,87444,948,8,46,6,PortScan
334,73020,10,47,3085,2838,1306,64,685,46,570,58,314,46,1015,44,842,4325,22737,23,71848,5107,4889,28504,16,25804,5271,1030,21708,12,1,1,0,0,1,1,0,2,9,0,0,0,41,39,88,91,94,1215,654.5,156,24336,0,664,612,353,5833,42,1605,9425,10,120,40,4173,24,4943,44839,14148,12019,7141,11253,331,10796,1494,290523,869,21,50,6,BENIGN
22621,13,2,0,111,69,723,62,392.5,27,699,62,380.5,57,743,115,4344,3574,1550,48,20672,3379,1429,6135,72,51056,8320,1107,39524,16,0,1,0,0,0,1,1,1,7,0,0,0,53,24,43,42,74,1036,555,157,24649,9,986,157,712,7346,66,6629,4159,39,13,16,2774,13,882,31263,13034,97040,598,225824,956,8309,9308,369870,637,31,58,6,PortScan
21,35074,88,77,15033,5488,1165,49,607,57,984,85,534.5,92,7123,192,1425,4737,39819,80,25667,7424,1992,39623,7,21189,1974,4179,42713,69,0,1,0,0,1,0,1,35,40,0,0,0,46,52,2,44,62,1150,606,186,34596,1,358,296,295,3310,52,3026,5216,86,1706,14,2505,47,2468,27159,54141,49234,7817,255002,789,28920,765,325353,520,1,56,6,FTP-Patator
31260,75,2,1,187,89,615,61,338,86,544,76,310,82,939,154,1300,127,8410,57,49523,4445,4406,21465,37,42684,9112,2063,3204,77,0,1,0,0,1,1,0,2,9,0,0,0,39,51,42,15,64,1432,748,70,4900,8,372,799,417,7451,58,3060,5735,74,5674,13,3228,9,2179,42568,34908,54629,3490,228573,909,60208,3125,42449,444,1,59,6,PortScan
80,4525,219,3,70965,803,968,50,509,11,448,44,246,47,128167,1723,2364,3552,24087,29,97398,1427,1313,35229,38,18555,1709,3126,13702,46,1,0,0,0,1,85,0,1,3,0,0,0,54,36,29,63,89,1438,763.5,130,16900,9,562,588,799,2627,26,7394,2637,26,7577,19,1712,44,2888,62701,42363,55769,4877,311151,871,58534,2126,380095,128,26,34,6,DoS Hulk
335,40074,49,24,3289,4089,1066,70,568,34,1285,60,672.5,33,8502,76,6676,4669,17567,3,17295,1222,476,18417,92,89743,568,2147,12802,62,0,0,0,0,0,0,1,0,0,0,0,0,32,47,60,77,69,1092,580.5,156,24336,5,513,919,529,1354,33,6812,4460,22,3043,5,1930,49,4391,10966,44058,54272,4360,131143,729,94713,3548,239367,88,19,36,6,BENIGN
80,2217,667,1,66004,799,895,81,488,23,195,96,145.5,98,353137,2416,5173,2855,1434,51,39648,9340,3891,23738,3,23475,3015,150,12616,11,1,0,0,0,0,104,1,3,4,0,0,0,40,54,22,84,57,1486,771.5,131,17161,4,471,367,384,2877,70,7761,1917,64,7255,42,4713,8,864,29774,53479,18668,8270,95176,952,6977,9684,306292,904,17,83,6,DoS Hulk
80,3434,241,5,83331,300,213,83,148,76,1055,67,561,82,223027,2088,5956,1828,17139,71,31998,5228,2541,14391,45,35693,9429,1674,33420,42,0,1,0,0,1,179,0,3,5,0,0,0,45,38,48,16,50,1222,636,52,2704,7,642,543,816,3040,51,9748,9288,35,5962,6,219,47,1966,61661,17997,36024,4907,25727,645,72660,4131,354911,232,43,98,6,DDoS
52214,276179,61,92,8713,3187,493,69,281,50,266,81,173.5,47,4631,22,3767,4408,5217,10,25437,2880,1691,40040,4,69734,7496,341,41084,36,0,1,0,0,1,0,0,1,1,0,0,0,23,22,16,49,48,1148,598,76,5776,4,170,314,191,8468,98,9543,5971,44,4503,39,2497,42,4396,25206,64522,22847,7072,317476,895,9131,9968,256878,875,9,84,6,Bot
21395,75,2,1,186,25,233,91,162,48,1036,56,546,99,276,191,2493,3029,14684,32,4867,5678,2028,15344,24,11071,6251,2785,12642,70,1,1,0,0,0,1,0,4,2,0,0,0,21,30,91,96,77,1229,653,105,11025,9,611,418,677,9130,61,4838,5004,20,3533,45,2496,33,3132,61640,46654,45118,2852,110808,695,93362,4406,68492,487,15,76,6,PortScan
28603,49065,90,17,8937,2667,966,86,526,42,1236,60,648,32,1095,45,6776,3215,46052,52,43322,6706,1096,32991,25,47332,3775,707,47252,19,0,1,0,0,1,1,1,2,3,0,0,0,57,59,4,35,59,1493,776,69,4761,2,885,800,653,2373,30,1609,8203,33,4672,34,227,44,3621,44066,12663,72543,862,135261,651,21026,7768,418710,425,35,80,6,Bot
80,2580,444,3,80053,792,888,92,490,32,457,83,270,52,205313,1581,6734,117,39267,61,64248,4845,397,11673,87,70102,384,1596,17717,41,0,1,0,0,1,83,1,4,3,0,0,0,29,42,46,6,68,1077,572.5,168,28224,0,217,230,837,6322,36,5176,161,37,772,20,997,32,1126,54257,35259,28552,9813,465329,806,7402,2955,258358,615,37,58,6,DDoS
178,96209,7,42,4094,1896,284,76,180,79,503,70,286.5,30,8609,70,9858,421,42978,31,84820,3130,809,18803,69,4374,3886,3492,15120,72,0,0,0,0,0,1,0,3,8,0,0,0,21,55,2,45,97,1465,781,132,17424,0,998,691,859,7080,30,9041,8197,87,2237,11,3574,44,4384,35604,38941,47878,5429,350676,419,83940,9091,144522,11,23,28,6,Infiltration
80,20693,39,54,25853,42043,799,64,431.5,47,428,48,238,24,35298,413,7519,2891,1464,99,60538,2898,3912,10215,62,57392,3761,4873,19713,31,0,1,0,0,0,1,0,11,8,0,0,0,33,39,81,19,44,1466,755,72,5184,4,115,561,475,7824,29,6082,8846,13,8466,12,3070,30,1772,55109,40971,4566,4177,11509,259,62755,1455,436890,893,23,75,6,Web Attack - XSS
80,1139,372,6,90413,56,622,42,332,53,1171,67,619,68,397926,1983,9314,4481,20280,38,55050,9181,3696,5085,87,50602,9800,702,25893,76,0,0,0,0,1,164,0,4,3,0,0,0,40,39,58,73,81,1242,661.5,171,29241,2,292,279,730,808,9,5641,6896,32,3856,31,784,28,3449,39705,18939,72590,2794,395283,841,9713,1374,221033,174,45,94,6,DoS Hulk
29355,41,1,1,117,88,394,60,227,78,689,81,385,97,856,135,1346,448,14204,41,81855,1562,4181,49712,45,44282,480,3118,10197,32,0,0,0,0,0,1,1,4,4,0,0,0,29,32,37,94,92,1029,560.5,196,38416,6,404,539,139,2910,7,3643,4405,35,9016,7,4637,15,4903,14778,30224,96153,8990,424758,148,61888,3654,300963,320,22,41,6,PortScan
349,78551,22,33,2970,1893,390,51,220.5,85,600,98,349,29,2011,38,8315,3644,7323,45,6047,5010,221,21625,11,84569,4740,2268,21878,48,0,1,0,0,1,0,1,0,1,0,0,0,57,39,23,72,41,1342,691.5,145,21025,8,799,192,427,448,1,3356,9531,44,565,37,2713,24,2490,43409,44774,36104,6362,327960,829,10450,3291,340346,548,9,28,6,BENIGN
138,8097,48,7,912,4709,1315,58,686.5,22,659,42,350.5,82,9671,94,6854,3925,34799,67,56376,9390,721,35565,58,73695,8915,3005,40757,28,1,0,0,0,1,1,1,0,1,0,0,0,35,25,35,62,48,1475,761.5,84,7056,1,647,702,121,4565,23,1429,9454,76,677,28,3854,7,4585,38017,27092,77834,8278,423981,467,91457,4604,250130,242,8,59,6,BENIGN
52130,26,4,1,66,12,166,62,114,38,247,85,166,72,521,184,2218,2715,6141,46,95833,1150,2335,19845,5,90239,3832,3010,35158,78,1,1,0,0,0,1,1,0,6,0,0,0,54,55,97,8,82,1304,693,127,16129,7,703,759,560,378,2,2280,9302,51,3475,42,522,21,3688,61158,15348,33605,6126,137422,223,34589,7987,451224,612,39,62,6,PortScan
60893,440217,57,88,7255,1416,1450,91,770.5,76,892,45,468.5,41,1808,13,2994,1725,46845,61,37013,2945,2586,13650,11,4495,3668,3448,8446,50,1,1,0,0,1,1,0,3,1,0,0,0,32,50,81,92,53,1283,668,95,9025,8,268,398,410,2053,56,4976,3474,80,2639,8,2973,28,1839,25256,51683,3643,997,104922,741,91490,6731,386336,491,26,20,6,Bot
80,3969,244,4,86140,877,378,73,225.5,76,283,62,172.5,60,398287,1031,2804,3344,29282,32,41985,2016,3391,35449,49,61611,6351,4944,16725,65,1,1,0,0,0,169,0,4,3,0,0,0,33,34,22,92,54,1008,531,152,23104,4,456,956,778,6134,73,8935,974,59,2995,23,2557,40,3562,44823,28490,37623,2036,302284,213,13453,958,340521,839,11,91,6,DoS Hulk
21,18500,65,28,5347,4895,1478,98,788,13,687,68,377.5,34,4337,54,8664,489,19604,71,72757,2912,2199,32334,75,97739,7269,370,41103,10,1,1,0,0,1,1,0,34,10,0,0,0,24,56,49,68,82,1243,662.5,187,34969,3,921,596,981,847,69,8388,4507,47,8676,14,1606,48,3565,50735,33403,7311,9482,492388,393,87282,9355,186005,209,22,25,6,FTP-Patator
21,6299,55,98,4997,17843,600,80,340,86,1173,70,621.5,57,14585,95,504,3120,31401,28,24905,199,1676,16888,56,40449,6058,3627,40561,42,1,1,0,0,1,0,1,13,14,0,0,0,59,54,77,48,90,1181,635.5,98,9604,6,960,952,904,5095,1,9936,2629,15,2146,12,2543,3,4868,37942,14070,27242,3180,235451,613,71005,1298,216569,768,14,98,6,FTP-Patator
80,3873,299,0,15291,167,1029,90,559.5,90,1340,75,707.5,58,203692,1268,9030,3590,13175,82,47752,103,1083,26982,41,33386,1485,3311,19783,74,1,1,0,0,0,65,0,0,4,0,0,0,22,40,60,65,63,1185,624,88,7744,9,211,586,314,9535,8,5972,1750,31,7751,38,1262,45,1538,41597,50034,30484,7556,340664,847,94131,2475,407503,689,46,60,6,DDoS
80,2021,462,0,29323,635,225,49,137,39,396,78,237,72,300346,4562,4127,996,15749,43,90776,7321,2263,6969,17,13720,1700,1738,13096,60,0,1,0,0,0,161,0,3,2,0,0,0,37,31,91,3,95,1306,700.5,154,23716,3,892,354,500,1759,13,161,7666,86,2673,36,4715,40,4152,21059,24520,69871,2439,112600,870,43693,2776,124506,897,3,44,6,DoS Hulk
50713,74,3,0,184,40,634,49,341.5,64,1055,64,559.5,84,297,130,4546,159,11331,2,97246,8764,4135,36257,46,8506,355,130,21949,4,1,1,0,0,0,1,0,0,1,0,0,0,36,30,2,33,41,1209,625,197,38809,7,491,241,780,4883,83,7666,8896,91,1454,10,2838,16,3468,26021,31249,75393,2574,158760,376,95079,9938,113545,178,43,52,6,PortScan
80,7806,19,94,41202,19318,1121,40,580.5,55,1173,46,609.5,64,44798,260,4903,901,27705,84,46071,947,301,14362,88,79756,146,149,43208,34,1,0,0,0,0,1,0,15,16,0,0,0,20,44,19,89,64,1436,750,158,24964,6,248,340,114,2930,40,7058,520,76,9964,30,1930,4,533,35904,37203,15631,1639,217764,444,10686,8375,35170,9,16,89,6,Web Attack - XSS
21,7063,50,99,11146,17949,1300,70,685,52,452,66,259,34,5359,133,761,2214,48286,18,58389,4244,4039,18148,33,65685,3988,4854,17019,12,0,0,0,0,1,0,1,47,40,0,0,0,49,20,33,17,71,1247,659,141,19881,3,440,157,197,8223,68,9295,8325,49,2105,32,1825,10,3875,58927,60373,50878,7961,45369,128,24953,395,333116,854,25,37,6,FTP-Patator
80,1854,907,4,97424,851,1192,73,632.5,30,1271,70,670.5,76,103560,556,4295,2457,7673,4,45489,4782,3392,30694,38,10709,8083,3310,12283,66,0,0,0,0,0,56,0,3,9,0,0,0,48,24,64,27,73,1463,768,170,28900,8,733,492,257,1781,54,8422,4527,43,7476,30,1027,17,1290,39769,17448,93447,1859,259235,631,13646,7544,264353,391,9,35,6,DoS Hulk
80,4554,667,2,25276,630,1482,46,764,59,361,62,211.5,47,272916,3277,1835,2924,34526,65,25521,1145,4909,32930,50,13065,7788,3772,15735,16,1,0,0,0,0,98,1,0,8,0,0,0,41,57,90,58,58,1159,608.5,60,3600,1,389,639,100,8885,89,5477,8740,90,2302,39,2418,31,4431,57246,21389,62084,5971,301364,760,87594,2647,75986,98,20,90,6,DoS Hulk
80,1824,602,1,77523,265,683,58,370.5,36,554,82,318,75,202698,1865,3150,2289,17772,86,81294,1971,136,35351,9,8690,8571,2139,28115,36,0,0,0,0,1,69,1,1,6,0,0,0,42,22,76,51,80,1281,680.5,127,16129,7,843,318,281,8688,75,897,7491,77,1556,25,3632,6,2572,54648,43302,48137,3167,429847,913,76216,6544,239668,30,44,87,6,DoS Hulk
99,10827,16,46,4700,3097,168,72,120,95,925,62,493.5,73,2212,37,6060,423,29992,73,74002,6164,194,48633,14,18390,4322,2710,38570,91,1,1,0,0,0,0,0,4,0,0,0,0,28,20,50,73,82,1466,774,146,21316,8,381,823,832,5351,45,7598,5384,73,4037,31,3833,13,238,20096,55028,89127,3788,471673,223,97745,900,479424,83,25,52,6,Infiltration
55882,53,1,1,127,66,667,47,357,39,1486,65,775.5,40,352,160,7257,4292,21514,23,14312,6456,2728,23039,71,56759,6176,4086,10565,13,1,1,0,0,1,1,0,0,1,0,0,0,36,30,22,53,41,1087,564,148,21904,0,432,546,861,8322,12,719,5196,68,8932,25,212,26,3633,18434,61675,15457,6366,41266,643,32305,407,266490,175,46,88,6,PortScan
1937,289349,11,79,8363,1488,763,96,429.5,53,248,63,155.5,19,3158,17,244,363,23796,32,5583,6036,4908,2720,46,24276,5342,3955,18227,69,1,1,0,0,1,1,1,3,1,0,0,0,39,55,30,27,58,1148,603,89,7921,7,310,144,165,7053,11,3438,5673,61,6637,40,332,35,329,26458,65224,38071,5588,298530,285,42316,9792,63872,781,12,22,6,Bot
172,41991,24,40,2467,2669,619,69,344,55,1146,82,614,97,1663,37,8186,445,48172,52,3694,6772,2144,22704,76,2831,272,3083,10951,55,1,1,0,0,1,0,1,1,3,0,0,0,59,35,55,32,54,1086,570,190,36100,2,696,126,102,3445,75,9575,3980,52,3144,5,4505,24,4350,27815,64971,97945,2444,95073,943,51395,8146,327713,406,39,86,6,Infiltration
46949,11,4,0,189,11,1494,63,778.5,10,100,99,99.5,23,215,100,2239,1838,8328,53,52123,4813,2245,4896,53,7674,7547,535,22267,92,1,0,0,0,0,1,1,2,0,0,0,0,41,38,20,47,59,1031,545,185,34225,6,304,540,909,6607,69,9433,3078,32,5973,12,1733,41,4474,50164,34496,37232,1234,331730,796,28569,9403,195408,384,9,22,6,PortScan
80,4102,579,1,78127,937,857,51,454,16,252,52,152,46,420683,2385,1144,4747,27955,52,81527,2991,3193,1234,53,62837,8032,2697,15902,24,1,1,0,0,0,90,0,1,7,0,0,0,21,29,15,19,64,1150,607,153,23409,5,316,855,336,4407,56,7616,7569,15,2288,31,2122,42,2708,65130,55129,12241,7975,178696,385,25015,8140,12833,505,47,52,6,DoS Hulk
171,53507,44,43,1841,550,1180,54,617,30,261,77,169,96,4496,71,3110,4991,2349,26,64649,2347,262,2981,58,53867,8428,2338,42377,99,0,1,0,0,0,1,1,0,2,0,0,0,55,58,37,96,49,1009,529,161,25921,1,743,181,869,7076,49,5672,7292,74,9421,49,1063,8,4079,14813,64191,54462,5891,86968,141,5659,2207,476849,340,1,87,6,BENIGN
80,3332,373,2,67195,541,1328,94,711,48,891,91,491,64,340068,1870,6714,4402,45186,3,95106,8676,1703,9415,92,94130,8522,3920,41535,25,0,1,0,0,0,54,0,1,5,0,0,0,57,46,92,32,60,1236,648,55,3025,8,107,532,768,7982,36,5367,1345,51,9008,19,2675,18,3841,21759,64838,55237,6058,66949,683,82327,4931,194308,352,39,80,6,DDoS
80,2966,396,1,68851,27,189,40,114.5,96,265,84,174.5,42,301262,1962,3581,1015,49633,37,57263,5372,275,27863,48,5805,3130,1800,22112,99,1,1,0,0,0,114,1,2,6,0,0,0,39,45,63,83,58,1015,536.5,194,37636,1,434,578,418,3490,79,4596,3337,75,461,7,559,40,3012,18440,46400,14140,5626,200806,52,20193,463,426357,145,18,74,6,DDoS
361,8220,36,40,2451,4644,1270,88,679,84,807,85,446,67,2910,58,9122,973,25229,50,48974,4914,3378,33638,13,40894,3349,1798,10764,93,1,1,0,0,0,0,0,3,7,0,0,0,37,50,49,24,50,1054,552,196,38416,7,586,653,981,4160,22,1355,1416,29,5132,5,4607,47,1509,22142,19347,33798,4984,45997,672,35511,1175,472140,299,23,26,6,BENIGN
22991,57,2,1,88,40,438,66,252,71,148,58,103,27,460,186,5109,275,10439,77,33581,5065,4325,2938,23,87894,3822,2004,36924,26,0,1,0,0,1,1,0,3,3,0,0,0,32,40,33,99,44,1202,623,171,29241,6,389,838,760,579,68,8099,5773,86,6303,47,3473,12,203,38011,59597,49888,4816,381989,760,49362,4930,84310,739,46,21,6,PortScan
21,36120,42,34,12674,18737,680,40,360,64,1004,43,523.5,84,14376,48,3397,2951,29800,7,4776,286,883,10429,13,27924,6685,2382,13143,65,1,1,0,0,0,1,0,38,39,0,0,0,49,27,56,81,57,1379,718,67,4489,9,161,283,378,2400,86,9554,9086,97,7192,38,3219,9,826,10347,19112,13030,1381,343097,624,53642,1015,35504,321,13,37,6,FTP-Patator
80,4155,260,0,32603,222,513,45,279,65,880,43,461.5,25,233477,2822,879,2512,27289,11,26430,2452,2767,1894,94,89488,9156,3741,1079,91,1,1,0,0,1,54,1,0,5,0,0,0,24,27,56,28,71,1006,538.5,75,5625,4,408,371,551,8705,64,8048,2360,92,8124,22,2239,8,2797,52077,10319,45303,5229,385993,785,24214,8113,122676,170,17,58,6,DoS Hulk
80,3101,489,3,18256,135,731,48,389.5,16,1134,40,587,32,250241,2651,3875,630,25122,27,39708,9447,2019,12672,20,32143,8194,1237,42622,5,0,0,0,0,0,137,0,3,9,0,0,0,37,47,92,72,51,1052,551.5,78,6084,5,349,239,417,942,72,8583,8973,95,4579,42,1913,29,1831,8688,43443,37944,3122,275037,312,85037,3805,123774,993,14,92,6,DDoS
80,3365,177,4,35496,742,794,42,418,84,536,92,314,60,258412,2513,8810,2200,39242,12,93317,4491,1034,7322,43,75704,1968,2548,44445,82,1,1,0,0,1,147,1,1,0,0,0,0,54,30,36,10,98,1216,657,139,19321,5,215,887,303,4896,53,8266,2505,9,3933,16,2326,4,2062,46462,25086,31771,9084,132254,331,98690,5420,332871,739,5,39,6,DDoS
21,32761,95,22,2605,9843,885,97,491,16,356,56,206,22,15217,96,3437,2877,31132,99,25436,9545,1089,23220,86,34222,9283,3731,16674,71,1,0,0,0,1,0,0,29,16,0,0,0,20,28,62,31,77,1138,607.5,177,31329,1,742,141,557,3602,81,903,4694,23,2827,49,1119,22,3109,28419,13192,46460,6960,198349,448,42093,4917,90424,698,25,99,6,FTP-Patator
41694,48,4,1,74,58,1087,61,574,93,1165,95,630,90,415,157,4056,1565,28438,35,92794,7978,1898,35954,32,33412,8961,4769,10238,87,1,1,0,0,1,1,0,0,8,0,0,0,55,40,68,27,71,1072,571.5,72,5184,1,151,960,625,5814,34,7884,6976,39,4176,11,2939,20,4532,61864,22781,53907,4907,17049,515,27642,7181,278937,405,16,70,6,PortScan
80,2940,106,6,38283,897,497,96,296.5,67,1479,42,760.5,21,100164,1920,6365,3959,12776,4,28491,9471,4763,10084,94,30133,2211,2957,22335,96,1,0,0,0,0,132,0,1,8,0,0,0,41,58,60,40,47,1319,683,86,7396,6,751,491,557,6516,29,67,782,87,9110,38,1082,40,3281,64402,13012,69894,7823,175940,344,81242,4004,42461,375,5,45,6,DoS Hulk
64513,470508,88,37,1269,5758,1200,99,649.5,50,481,60,270.5,36,557,40,9002,4573,2972,44,23219,3070,1754,31255,66,6589,5666,566,38529,46,0,1,0,0,1,0,1,0,5,0,0,0,39,58,93,9,91,1448,769.5,178,31684,7,456,419,464,362,84,881,5274,88,3631,29,312,24,3531,56515,31221,65978,6863,482142,539,5567,3730,148322,817,37,94,6,Bot
14692,406968,75,36,5322,5670,962,44,503,36,340,95,217.5,38,3289,7,3568,4940,6987,12,34855,1105,510,27160,23,6599,2400,230,31754,53,0,0,0,0,0,0,0,3,5,0,0,0,50,33,64,98,65,1351,708,91,8281,8,627,394,312,3366,22,3148,6971,93,2240,27,4797,31,581,42221,63079,37880,8571,309509,304,30130,6812,297744,671,4,56,6,Bot
365,39268,31,49,2837,1731,1413,87,750,97,898,45,471.5,97,4685,57,2984,3281,32789,96,92664,8840,1740,12115,39,67392,5736,4724,4150,27,0,1,0,0,0,0,0,0,7,0,0,0,24,39,9,59,76,1119,597.5,60,3600,2,545,565,916,1513,78,442,3619,14,5122,15,513,25,4610,11376,27737,47095,3864,112103,900,78321,5642,499887,924,22,66,6,BENIGN
80,4209,975,0,88707,378,400,86,243,11,419,41,230,25,268203,2490,7172,4790,45488,16,16726,5798,2936,45342,94,69363,3295,2820,29739,90,0,1,0,0,1,71,1,2,9,0,0,0,38,46,48,13,86,1202,644,134,17956,8,163,155,827,5465,94,1333,655,92,6539,22,4809,35,1698,58775,36834,48099,4148,451756,242,56307,9343,25780,387,28,85,6,DDoS
80,11498,49,56,49112,17901,131,97,114,27,611,70,340.5,38,16014,212,5170,728,39020,10,57770,7263,326,30194,39,38806,6642,4203,15516,75,1,1,0,0,0,0,0,17,8,0,0,0,28,59,95,74,41,1346,693.5,169,28561,0,718,819,140,1417,19,9750,6381,51,7160,17,3177,6,1779,33821,64474,13899,3844,112528,887,17634,8480,72739,598,31,52,6,Web Attack - XSS
426,38937,38,23,864,3511,1126,97,611.5,37,429,90,259.5,68,1316,12,4889,4558,26443,95,91806,3614,686,36992,13,87659,5985,2392,39066,84,1,1,0,0,0,1,0,0,3,0,0,0,22,31,14,76,89,1490,789.5,171,29241,8,189,481,843,7654,45,5632,5929,67,1117,40,4062,10,1532,9294,45894,30414,5750,279313,819,91167,2277,136549,873,40,69,6,BENIGN
52104,268064,15,11,1691,8073,1254,64,659,99,448,65,256.5,98,1700,26,1971,1098,28820,27,94694,1608,2874,19211,62,23726,9780,2438,19631,46,1,0,0,0,1,0,0,2,4,0,0,0,22,34,16,25,93,1268,680.5,107,11449,4,182,125,445,7962,2,3463,4079,36,5694,23,4437,44,2263,40112,9285,9911,5095,408317,35,89324,4259,453980,830,2,67,6,Bot
372,16674,5,7,3991,917,1358,43,700.5,34,634,83,358.5,41,6280,94,2069,3078,24423,33,21769,2047,3147,27220,99,90506,626,101,1978,55,0,0,0,0,0,0,0,0,5,0,0,0,39,50,42,85,98,1383,740.5,55,3025,0,904,305,760,547,94,128,4669,91,3644,10,757,36,2628,16242,28325,33364,7179,65304,273,30383,2782,90975,101,49,82,6,Infiltration
12049,23,3,1,154,91,284,65,174.5,33,1016,85,550.5,63,344,125,9580,2886,16440,85,28637,8711,4889,1523,76,29606,6906,3955,44981,40,0,0,0,0,0,1,1,4,7,0,0,0,47,26,54,39,82,1220,651,176,30976,3,180,227,683,789,50,5688,6244,32,7223,40,4262,29,1244,17529,59601,87838,7684,497604,397,21427,1529,430128,340,2,30,6,PortScan
80,3900,370,3,71729,42,1029,53,541,80,494,96,295,50,262932,4270,4537,4426,49871,79,20505,3692,4738,7329,46,88992,3586,106,49846,5,0,0,0,0,1,80,0,4,3,0,0,0,56,51,85,46,91,1432,761.5,192,36864,4,989,297,186,8144,86,1871,9314,71,8754,47,3485,39,1928,28868,53448,46359,5234,419097,564,83315,6499,421755,464,17,23,6,DoS Hulk
199,18401,5,23,3133,4693,973,80,526.5,21,547,60,303.5,12,6951,29,3918,867,29083,26,39513,1335,3886,20116,39,64768,8259,2531,3093,36,1,0,0,0,0,0,0,3,3,0,0,0,53,25,81,23,40,1379,709.5,187,34969,8,587,553,449,2551,53,6723,8236,85,1169,8,2875,3,4433,62437,53659,65655,1046,323934,414,21159,9410,395040,371,30,27,6,Infiltration
80,2316,954,5,34571,481,678,42,360,54,1378,47,712.5,55,165970,2532,3451,2863,30531,45,63650,1745,3251,19144,44,38203,4510,4010,9132,25,1,0,0,0,0,73,1,2,5,0,0,0,34,57,40,51,67,1153,610,64,4096,0,805,965,329,8898,33,6373,7309,88,3432,49,3815,13,4486,34230,63326,40060,8961,359251,834,22147,913,259696,162,41,74,6,DoS Hulk
80,15495,57,92,26663,9330,1216,63,639.5,59,880,75,477.5,33,22678,359,5746,4409,37503,24,68843,2146,1301,22444,93,43014,7573,4003,47054,91,0,1,0,0,1,1,0,13,9,0,0,0,34,34,60,41,88,1152,620,100,10000,7,475,375,371,7689,14,1311,8210,40,4017,45,251,29,2836,52031,46269,34565,9207,208265,349,6007,1002,490464,57,17,67,6,Web Attack - XSS
30947,59,1,0,45,52,634,48,341,71,143,92,117.5,91,562,158,9910,1895,11518,32,54825,812,946,20252,49,90306,9744,4042,33376,81,0,1,0,0,1,1,1,3,6,0,0,0,36,44,63,6,69,1192,630.5,51,2601,8,502,873,345,4506,54,6172,3912,36,4941,12,2043,36,1812,21202,54723,74206,9485,370201,260,30655,1606,296744,522,4,78,6,PortScan
80,103,509,7,12433,996,535,75,305,64,1310,72,691,68,351869,3098,7503,825,35664,69,11322,9940,3654,34789,70,60404,5928,4231,46511,37,1,1,0,0,0,63,1,0,0,0,0,0,31,32,52,13,70,1035,552.5,137,18769,7,169,760,824,5890,85,4840,6371,54,3247,10,4570,6,3296,24005,24520,33967,393,321495,166,15350,3180,376698,182,22,32,6,DoS Hulk
171,51484,8,11,2217,2350,487,45,266,99,1466,68,767,49,7087,76,4209,4670,21736,6,34340,6899,2236,6354,28,83429,5446,1314,33242,63,1,1,0,0,0,0,1,3,3,0,0,0,45,49,6,17,59,1327,693,162,26244,7,937,444,689,3667,77,7619,4135,46,1071,40,227,30,565,58051,38981,49764,8875,153681,895,66638,1522,122876,256,30,30,6,BENIGN
80,46314,12,67,12760,6213,235,54,144.5,50,606,91,348.5,34,28132,342,2466,2182,40259,56,24058,268,3595,16080,92,34922,4669,4022,3374,5,1,1,0,0,1,1,0,13,16,0,0,0,24,46,6,23,53,1098,575.5,158,24964,6,973,676,549,933,48,1902,2903,0,2959,16,4914,19,1478,54870,27394,8408,7061,233852,550,21928,7175,361854,829,28,77,6,Web Attack - XSS
80,23686,77,84,24038,18449,1173,53,613,79,920,71,495.5,76,33338,61,1852,3820,46366,78,23581,6665,1961,44196,67,64534,5771,1496,4348,35,0,0,0,0,0,1,0,12,11,0,0,0,39,46,79,42,44,1483,763.5,125,15625,9,316,736,750,883,80,864,2831,83,2929,43,4264,24,2598,34446,15360,70418,9575,78068,909,9229,8691,87150,781,36,47,6,Web Attack - XSS
80,34985,48,61,9351,7104,881,93,487,42,1434,47,740.5,84,21936,395,5967,869,42137,56,1695,6929,3743,42600,95,34539,7247,785,4269,76,1,0,0,0,1,1,0,15,17,0,0,0,27,39,98,82,40,1076,558,78,6084,7,337,744,399,7810,1,29,5406,39,2414,29,882,2,4892,36355,15804,20095,8899,482360,820,95049,5781,314518,758,16,38,6,Web Attack - XSS
364,99383,35,14,2530,3712,246,45,145.5,34,181,57,119,20,7797,60,1980,1917,16363,15,71422,2362,2531,27689,31,5562,9285,1652,18404,38,0,0,0,0,0,0,1,1,0,0,0,0,35,27,14,74,91,1115,603,194,37636,3,257,194,973,1226,90,26,7625,13,6126,34,2816,40,3879,9164,30611,54537,9710,278801,942,52692,2472,344103,641,14,30,6,BENIGN
80,1206,760,4,72932,364,603,40,321.5,67,1352,80,716,11,217987,2842,6557,4338,15130,49,47723,9883,2790,31569,60,21547,3952,3227,23453,68,0,1,0,0,1,137,1,2,8,0,0,0,50,51,82,98,49,1487,768,192,36864,9,770,744,809,2766,90,6139,7748,1,1575,14,1712,18,473,34445,16528,93204,7475,56314,32,26207,6060,76434,206,16,78,6,DoS Hulk
80,2893,436,7,64423,440,634,53,343.5,65,1312,64,688,89,465594,770,9207,2502,6592,65,62475,6758,2798,49350,78,95264,4621,1589,31296,39,0,0,0,0,1,91,1,3,6,0,0,0,36,50,48,99,75,1053,564,143,20449,3,576,571,691,6950,28,2499,4486,53,6058,11,3513,22,3951,9522,33851,19786,2189,214539,633,66850,5875,301349,822,8,30,6,DDoS
203,42835,9,25,1282,3853,1265,61,663,97,915,62,488.5,72,7841,87,9923,4333,47109,7,66175,8509,2836,48861,57,59886,9239,4859,35208,46,1,0,0,0,0,0,0,3,5,0,0,0,42,37,56,13,85,1218,651.5,60,3600,0,327,170,289,4206,7,3877,2776,47,3115,44,233,13,4114,22411,9064,42024,2087,182254,268,40531,3685,424973,507,26,36,6,Infiltration
80,23621,35,55,16884,37255,871,40,455.5,60,220,88,154,86,45314,373,7191,1882,3734,60,22594,394,510,49252,8,71195,3464,2637,6973,21,1,1,0,0,1,1,1,18,8,0,0,0,38,48,58,79,76,1279,677.5,165,27225,5,825,206,872,6346,48,1681,956,74,3857,3,2315,35,1451,59503,32151,25264,2202,217522,552,38411,3032,222085,555,19,50,6,Web Attack - XSS
63201,76,4,1,78,68,1284,58,671,14,756,63,409.5,22,699,183,2260,2196,41289,43,3746,4193,1357,44358,50,36016,9065,4865,3108,14,0,1,0,0,1,1,0,1,2,0,0,0,48,41,39,6,42,1318,680,196,38416,6,323,719,721,7474,88,4893,5643,75,3574,34,1899,2,4336,13803,40991,91413,4381,379099,851,71073,8520,188432,634,17,77,6,PortScan
21,46587,75,30,4517,13884,285,77,181,64,1336,47,691.5,58,11688,191,8392,1698,38012,71,4437,2737,3715,23277,45,9025,2888,4401,44106,42,0,1,0,0,1,0,1,17,11,0,0,0,42,41,23,97,48,1377,712.5,142,20164,0,934,114,745,7988,76,4443,7132,97,6789,33,2687,18,3052,43162,19760,28989,618,325209,872,19448,2452,346799,59,19,72,6,FTP-Patator
80,4595,344,8,12212,477,822,56,439,82,615,55,335,18,395069,2340,1200,3738,37322,78,3972,1737,3018,7782,69,68611,2524,1958,10629,82,1,1,0,0,1,163,0,1,1,0,0,0,30,26,5,17,44,1244,644,64,4096,5,551,221,434,7604,92,6497,6249,14,7932,47,590,18,2012,50561,38363,46446,7491,54214,936,19376,7813,294094,140,39,27,6,DoS Hulk
119,52053,48,49,4545,3779,1228,44,636,75,1082,59,570.5,45,2303,12,1717,1647,18431,79,91173,3882,3346,18160,7,13948,7908,3011,32187,83,1,0,0,0,0,0,0,0,8,0,0,0,43,37,22,78,99,1416,757.5,181,32761,0,756,982,478,6807,41,6348,655,76,5040,38,3300,43,4599,14209,33067,60549,9490,393089,198,36132,7616,231994,839,11,44,6,BENIGN
80,37618,63,62,30138,21639,328,89,208.5,14,172,80,126,43,11099,376,2292,4841,19386,58,38219,3248,1676,31901,39,42568,8627,4170,14000,50,0,1,0,0,0,0,1,15,15,0,0,0,34,33,89,47,41,1418,729.5,92,8464,4,505,782,255,700,57,3741,5862,27,5415,2,4255,7,1217,19498,52631,72835,9920,370008,183,43134,9667,105600,139,25,44,6,Web Attack - XSS
264,79974,47,38,2116,4322,1066,42,554,37,922,76,499,13,4475,11,1120,584,2200,79,97829,7581,4811,38495,12,16417,2295,2260,37283,82,0,1,0,0,1,1,1,2,1,0,0,0,23,56,24,69,76,1074,575,155,24025,1,838,534,943,6071,34,7525,4951,61,4240,45,3908,11,3836,14472,46701,21544,8266,44391,318,94420,7463,343568,788,26,93,6,Infiltration
21,25990,32,75,6316,10000,1081,87,584,17,637,92,364.5,76,5917,196,2636,2308,9649,69,24433,1954,2841,41801,99,76467,8927,2237,11140,94,0,0,0,0,1,1,1,38,26,0,0,0,52,54,55,7,78,1218,648,97,9409,7,529,633,989,7007,13,8536,5296,8,6388,4,2557,45,4100,60367,31673,16621,5006,203896,815,90792,3247,350336,478,28,82,6,FTP-Patator
438,11461,20,6,3882,2117,836,63,449.5,13,662,82,372,23,7186,45,516,2543,28939,28,30029,800,2630,46051,36,9469,9356,1341,25143,43,1,0,0,0,0,1,0,3,3,0,0,0,37,40,48,87,80,1320,700,126,15876,8,145,556,361,5662,33,7901,1624,25,3804,36,1043,6,105,42533,40931,83108,8721,487855,831,59490,779,375341,248,5,59,6,BENIGN
181,36046,34,49,2079,3840,1269,91,680,71,1219,79,649,70,2270,54,4650,2250,27677,24,78448,772,2394,27299,21,24729,6637,1778,15591,45,0,0,0,0,1,0,1,1,5,0,0,0,34,53,41,76,73,1068,570.5,74,5476,4,115,595,313,8972,35,3572,3751,41,975,17,4610,36,1174,19961,19578,21550,7848,456257,641,49501,7464,83481,425,16,20,6,Infiltration
46875,55611,20,19,9148,7659,438,49,243.5,67,1180,53,616.5,56,3275,8,5318,4054,5255,98,45225,8899,4548,33506,25,43578,7930,3968,14857,8,0,0,0,0,1,1,0,0,2,0,0,0,23,59,62,5,49,1214,631.5,116,13456,4,532,937,457,5191,57,3917,3660,45,9628,18,2721,16,671,15191,26400,14468,641,172559,448,52677,568,424473,688,16,29,6,Bot
80,2535,587,2,35589,81,1436,86,761,86,253,45,149,99,165216,2615,9592,4425,27997,93,73068,4090,699,42731,38,20010,9622,780,11256,57,0,1,0,0,1,74,1,4,6,0,0,0,41,59,83,56,48,1046,547,139,19321,0,517,955,982,6071,5,6459,2909,58,2066,21,4468,6,1705,53254,48791,58353,2518,164550,58,74763,6489,88157,20,16,95,6,DoS Hulk
43809,78,4,0,68,77,1204,89,646.5,47,1348,86,717,58,163,53,7221,1596,41214,81,24670,6681,162,37768,65,62641,5698,3332,19429,48,0,1,0,0,1,1,1,4,1,0,0,0,31,52,38,98,79,1294,686.5,187,34969,6,682,370,922,2410,25,9163,1649,10,8224,27,3772,48,4898,60583,50734,16638,2387,377660,665,65918,167,98500,643,30,29,6,PortScan
80,49358,77,86,33958,42271,892,72,482,68,701,90,395.5,32,8252,417,9912,1539,36925,73,38006,1308,2834,19144,56,13405,6687,3666,38835,84,0,0,0,0,1,1,0,15,10,0,0,0,49,24,36,35,88,1160,624,148,21904,0,787,925,827,5712,79,4355,2973,97,630,17,3663,49,3668,16172,62206,8162,1985,236876,453,43458,3843,149312,518,8,47,6,Web Attack - XSS
11628,294063,71,33,4513,5503,1142,42,592,73,1222,42,632,66,4068,47,8595,1095,17392,54,52839,8465,1028,12116,75,60231,6477,2656,17679,1,1,0,0,0,1,1,1,3,7,0,0,0,58,56,76,17,63,1477,770,51,2601,1,722,123,894,9877,78,7252,2245,59,9998,7,4272,21,577,35138,40909,74420,7959,333206,86,19937,9381,416456,89,31,89,6,Bot
21,48423,70,80,10422,16270,331,76,203.5,36,1396,70,733,17,3790,63,632,3423,28037,12,62761,9371,1275,38309,35,38563,706,482,25411,50,0,1,0,0,0,0,1,31,25,0,0,0,25,43,62,82,54,1459,756.5,194,37636,7,303,379,171,7691,91,2543,6017,67,463,23,4334,42,2601,61008,51685,61841,4373,66785,184,72788,8672,205337,89,36,21,6,FTP-Patator
21,36808,74,71,3592,7496,903,62,482.5,96,1235,88,661.5,80,18646,55,5061,2276,34345,53,10120,7503,943,11541,35,9221,6906,483,45282,57,0,0,0,0,1,0,1,19,49,0,0,0,49,57,77,10,82,1443,762.5,62,3844,2,468,551,178,1636,53,7873,7572,46,8737,31,2782,29,972,52503,27354,30114,5308,321638,602,53934,4723,149874,6,31,87,6,FTP-Patator
80,19037,60,96,23671,38745,1115,87,601,45,1013,50,531.5,32,26548,254,4848,4384,2670,80,77427,4807,1653,12811,13,50685,8392,1075,28189,81,0,0,0,0,0,0,1,7,12,0,0,0,27,55,12,71,61,1333,697,156,24336,8,242,170,677,8066,55,4776,3409,56,8666,43,4878,25,4136,22526,38044,25469,6164,448462,112,6051,3234,420186,913,45,42,6,Web Attack - XSS
65206,29,4,1,147,25,1123,74,598.5,69,1009,84,546.5,79,680,179,5991,624,38320,80,21466,8068,2681,32975,16,2264,7413,2196,7207,3,0,0,0,0,1,1,0,0,1,0,0,0,39,46,8,64,64,1383,723.5,189,35721,5,655,706,202,5803,26,498,5812,16,7545,33,978,34,4794,28285,60346,41639,431,278439,512,47355,5721,422812,963,46,86,6,PortScan
80,4697,779,9,53614,400,335,80,207.5,61,437,62,249.5,29,203718,3017,4239,831,6219,27,12033,7115,3782,37783,22,37275,977,3034,39231,46,1,1,0,0,0,160,0,1,8,0,0,0,42,54,52,9,92,1438,765,93,8649,5,828,648,781,4417,62,3752,935,34,1533,32,4206,39,3396,25469,64341,99169,2175,461125,410,47783,1956,273593,579,20,84,6,DDoS
80,2499,400,6,46123,63,250,49,149.5,62,1315,79,697,96,376687,1627,8836,1750,21682,22,94415,6904,3235,3962,28,92322,503,1782,47231,89,1,1,0,0,0,173,1,0,5,0,0,0,28,22,81,78,78,1176,627,195,38025,7,441,487,168,4742,85,1454,9804,45,9407,29,2256,8,3727,12012,21517,19460,4475,344676,336,19803,4348,38191,735,18,77,6,DoS Hulk
21,29381,72,68,8031,8053,1466,92,779,27,1037,77,557,27,12812,54,118,192,4869,43,75635,799,3941,18988,41,42809,3602,2746,43658,22,1,1,0,0,1,1,0,18,42,0,0,0,30,48,72,40,73,1348,710.5,138,19044,3,814,577,840,7599,52,5791,5389,63,1655,16,2857,14,540,38232,53337,44881,2182,495569,20,76017,2993,106063,912,49,24,6,FTP-Patator
21,15196,59,39,15131,6409,1066,68,567,34,576,82,329,61,3838,162,460,1267,31700,81,42261,7023,1103,29930,97,37829,8400,4113,24803,43,1,0,0,0,1,0,0,20,41,0,0,0,37,33,56,95,69,1381,725,131,17161,3,787,575,561,8106,19,7881,5416,29,886,49,4936,39,2570,54167,32334,55717,4918,138827,966,3151,9020,141301,358,20,42,6,FTP-Patator
21,15138,92,73,7260,17991,978,40,509,81,105,70,87.5,62,8720,173,7452,3173,12991,21,54908,5322,4442,47317,19,95262,1152,2527,10387,85,0,1,0,0,0,1,0,10,49,0,0,0,38,31,61,38,84,1438,761,123,15129,6,133,149,422,9841,55,2590,3236,21,3408,28,4892,1,1163,19612,32114,28622,4756,74152,471,34564,9662,241156,340,39,90,6,FTP-Patator
80,1183,990,2,60632,730,789,98,443.5,68,159,99,129,34,432758,2291,7488,179,35230,9,88795,2759,3027,6200,89,9723,8039,4340,4763,64,0,1,0,0,1,69,1,4,2,0,0,0,38,41,21,77,81,1407,744,109,11881,7,472,324,227,2358,62,9420,6538,38,6852,26,2447,18,4945,17844,36882,76679,4394,253653,750,27511,1238,56013,181,38,89,6,DoS Hulk
80,1401,393,9,74863,210,222,68,145,96,1185,55,620,38,307063,1952,6523,815,7582,5,3225,256,1919,42523,19,98721,4381,2083,34218,83,0,0,0,0,0,127,1,0,9,0,0,0,50,58,33,40,73,1343,708,176,30976,8,622,308,480,8837,60,4379,3497,68,2875,35,970,1,2653,65248,33375,89251,5614,397503,906,48745,4240,80188,956,15,84,6,DoS Hulk
80,2125,620,0,24534,895,319,90,204.5,39,200,40,120,90,176681,1646,9365,580,40854,28,37402,1149,484,36076,95,60447,5656,1962,22139,25,1,1,0,0,0,107,0,3,0,0,0,0,33,37,46,26,86,1308,697,72,5184,8,453,439,395,2474,67,333,4210,73,6472,21,358,45,1951,65361,41557,28013,9462,232514,634,9466,7004,317452,421,30,61,6,DDoS
331,8200,34,49,1864,1298,174,54,114,78,326,89,207.5,24,5575,53,5221,1607,34322,70,4940,6599,3685,41419,3,38345,244,2923,35986,14,1,1,0,0,0,0,0,4,8,0,0,0,31,54,43,72,63,1472,767.5,157,24649,4,921,785,605,3242,24,917,364,79,7624,14,2843,13,2773,31307,25728,84024,9074,302721,900,30770,8691,34281,280,48,78,6,BENIGN
80,2867,725,0,33468,92,1121,98,609.5,11,776,60,418,83,254628,1980,6163,4478,26075,15,75590,6013,3921,36072,84,60643,9051,2408,6590,34,0,0,0,0,1,75,0,1,5,0,0,0,25,37,84,79,65,1438,751.5,129,16641,3,820,401,644,1880,50,3980,2951,64,2100,9,1938,23,3185,25273,37338,44982,7341,112149,779,2617,8504,426783,426,18,69,6,DoS Hulk
168,20729,26,8,3356,2430,778,42,410,67,103,81,92,70,5760,10,7527,3945,24830,75,41968,4379,2878,9297,41,27803,3708,3307,2452,42,0,0,0,0,0,0,0,3,1,0,0,0,56,25,53,78,57,1227,642,158,24964,3,794,968,622,2158,99,8275,6166,85,9528,20,1468,43,2430,19838,51856,99453,2597,323674,291,39902,833,398678,214,35,98,6,Infiltration
40029,475670,38,50,8936,1765,406,49,227.5,23,153,88,120.5,48,4074,29,3847,4465,39560,32,8453,2434,3028,36303,53,52537,2124,1117,49895,93,1,0,0,0,1,1,0,3,8,0,0,0,50,21,76,34,70,1144,607,157,24649,0,300,717,498,3322,61,1857,8452,88,9247,9,3578,18,4269,39437,54776,38926,9363,319261,303,82114,8853,214561,792,13,73,6,Bot
4251,378646,84,64,4053,5451,649,97,373,68,901,79,490,46,4282,11,4098,4029,2231,96,10043,6614,2708,17101,7,70558,2811,1643,19855,77,0,1,0,0,0,0,1,1,7,0,0,0,24,44,6,81,80,1468,774,192,36864,1,257,327,160,4532,75,8336,9402,46,8215,27,483,11,4582,18920,62240,91166,1698,184238,327,92422,7242,347443,130,17,21,6,Bot
54028,63,4,0,66,19,329,81,205,56,912,77,494.5,32,195,120,5363,1953,46200,48,43463,6477,3868,45090,68,54864,8237,2333,36666,76,1,1,0,0,1,1,1,4,0,0,0,0,54,27,45,96,81,1323,702,52,2704,3,552,398,872,1385,91,6398,4754,87,850,38,752,49,1224,44055,63156,82922,7434,52259,693,6471,6952,99055,698,17,79,6,PortScan
33433,10,2,0,135,78,285,93,189,42,1435,73,754,39,719,118,4531,3232,34128,75,62167,4047,2751,46453,73,90628,909,4420,28975,88,1,1,0,0,1,1,0,0,8,0,0,0,32,58,67,58,41,1433,737,110,12100,1,618,719,785,9103,65,2830,8793,57,8470,30,340,16,1261,46758,24318,99777,1913,177529,937,96937,859,282969,118,26,92,6,PortScan
80,4812,204,6,41292,889,567,52,309.5,12,1435,90,762.5,57,184631,646,4720,3074,30986,21,55567,791,121,27374,70,69329,4052,4912,6331,50,0,1,0,0,1,135,0,3,2,0,0,0,33,44,31,73,99,1155,627,185,34225,1,410,442,839,6675,81,4824,3390,78,3711,8,1211,2,4860,12954,29806,3425,4867,215325,22,83550,4292,211009,971,47,92,6,DoS Hulk
80,36893,62,69,38941,20042,682,97,389.5,61,806,93,449.5,89,28799,127,5160,4787,21177,34,78276,7624,3178,47511,11,6028,1596,2277,9802,52,0,0,0,0,0,0,1,19,7,0,0,0,53,37,67,8,44,1070,557,191,36481,9,717,490,251,4426,77,9468,530,11,2823,8,3604,41,893,64810,19033,24057,9641,60150,777,11320,6418,285582,703,9,26,6,Web Attack - XSS
58539,10,4,1,173,82,124,72,98,67,387,46,216.5,13,904,115,1760,2953,39991,61,96610,8938,1855,39392,51,74418,1475,2088,36404,16,1,0,0,0,0,1,0,1,8,0,0,0,44,48,53,80,78,1450,764,184,33856,1,163,188,967,7418,80,7470,4648,97,9021,34,3885,38,2037,30698,43929,65903,7391,167610,443,53972,2286,159050,833,34,53,6,PortScan
80,864,231,8,82767,606,558,85,321.5,99,177,94,135.5,62,80080,2149,4594,2723,43977,66,69850,1213,1702,32290,47,47005,6713,155,47043,46,0,0,0,0,1,146,1,4,5,0,0,0,48,38,64,41,51,1285,668,149,22201,1,884,249,367,6973,76,3269,7720,84,5188,1,1334,49,859,57184,37292,7353,5491,185290,877,54187,5222,343155,429,7,67,6,DoS Hulk
417,78770,29,40,4761,2573,1198,76,637,29,645,78,361.5,29,4744,12,7904,1741,32764,62,22104,2790,598,32338,43,85100,9710,4729,29314,86,1,0,0,0,1,0,0,4,5,0,0,0,57,49,98,72,81,1306,693.5,139,19321,8,624,486,182,7328,96,7244,5666,34,2926,35,2468,46,1147,42655,48394,76841,5440,343452,193,86175,2962,186887,705,41,20,6,Infiltration
80,2782,581,2,21872,139,466,54,260,97,321,95,208,46,269385,565,7249,785,36810,28,89997,7333,516,9377,48,30577,3867,644,34948,87,1,0,0,0,0,104,1,1,8,0,0,0,37,56,99,23,60,1420,740,148,21904,7,491,681,392,5659,33,9876,5188,29,8368,4,3794,33,1981,27638,45086,96601,850,22989,154,16866,3826,34849,998,37,22,6,DDoS
21,38436,65,90,13655,6132,1202,96,649,34,1239,70,654.5,34,13279,100,2765,1445,49703,48,54214,5461,4226,29686,93,94051,9357,1328,9208,62,0,1,0,0,1,1,0,22,31,0,0,0,57,39,40,77,67,1182,624.5,119,14161,2,469,634,547,1247,58,4858,6157,14,4182,31,1667,1,1193,36387,15205,16221,337,94980,22,90198,9809,472657,707,15,50,6,FTP-Patator
80,1829,959,0,30370,439,447,96,271.5,21,1247,60,653.5,49,282472,1920,1994,2269,25978,61,55761,6986,2423,37686,31,80210,378,4288,47223,71,1,1,0,0,1,142,1,1,4,0,0,0,58,56,96,67,72,1359,715.5,87,7569,5,935,703,296,5415,42,3919,6793,12,3336,28,3861,47,271,49273,60230,58480,768,117162,176,75372,6082,328446,256,10,66,6,DDoS
125,31059,40,32,4870,1605,1371,40,705.5,15,563,68,315.5,55,3344,91,845,968,4267,57,71260,4816,4789,42862,79,4366,7928,4664,7995,20,0,0,0,0,0,0,1,1,6,0,0,0,41,30,95,98,84,1215,649.5,161,25921,1,996,183,884,6787,0,9377,6791,66,5990,29,127,46,4561,36502,21746,70519,4097,386184,359,12352,2785,260260,760,41,23,6,BENIGN
21,17507,35,35,10114,16131,889,60,474.5,69,641,92,366.5,83,2074,61,3677,1059,8477,64,90779,8771,1618,2110,34,95152,4257,2296,25618,29,0,1,0,0,0,0,1,38,21,0,0,0,20,44,31,5,70,1033,551.5,172,29584,7,853,173,385,355,87,3568,696,7,9163,48,1074,30,2971,56465,9614,93166,2585,398553,663,96831,1750,427088,500,18,64,6,FTP-Patator
299,4585,28,15,4749,2418,1290,94,692,50,1487,81,784,33,9831,29,2821,869,43567,91,47099,8119,3433,24502,14,94300,7878,752,5416,38,1,0,0,0,1,1,0,0,6,0,0,0,45,42,15,73,90,1398,744,70,4900,3,841,682,781,2224,42,5185,1439,70,8135,48,1535,13,2861,26515,31696,18380,8268,293630,76,43268,1326,448791,576,23,84,6,BENIGN
185,54094,39,19,4894,2717,178,53,115.5,44,129,53,91,15,8880,57,4028,2665,43201,57,28031,4172,534,45718,55,41520,7457,1640,22602,39,1,0,0,0,0,1,0,4,3,0,0,0,57,52,35,57,63,1017,540,69,4761,0,584,805,901,5999,96,9355,8096,55,3673,45,342,22,3966,34977,13447,66035,4514,435334,281,95249,3851,491020,365,29,72,6,BENIGN
31178,35,2,0,118,69,1299,48,673.5,95,333,91,212,62,893,147,4113,4553,49280,98,93833,9108,2323,12345,30,54663,5786,889,37866,51,1,0,0,0,0,1,1,4,7,0,0,0,58,56,79,87,61,1239,650,133,17689,1,824,705,114,8901,78,4001,5553,72,1099,43,968,2,562,58263,42435,19636,3154,24525,401,3183,570,42691,645,45,62,6,PortScan
137,51468,45,27,1335,3503,1021,78,549.5,42,1121,43,582,50,4574,21,1640,3938,31645,95,15765,9572,1851,32910,26,59388,7848,1714,20715,57,0,1,0,0,1,0,0,0,8,0,0,0,59,27,13,54,69,1241,655,61,3721,2,292,885,902,8809,97,5196,4088,47,5038,30,1123,36,213,34227,23230,29483,4448,483065,155,73934,5108,132913,309,36,88,6,BENIGN
80,2242,953,1,77955,988,259,83,171,90,163,71,117,92,308240,3220,4827,1895,32390,81,81171,344,3591,34817,28,99453,3572,3630,28215,88,0,1,0,0,1,106,1,4,1,0,0,0,37,27,33,50,76,1099,587.5,105,11025,0,814,746,809,3205,15,2516,8860,71,4031,29,629,18,3686,29045,20231,62727,8460,146351,45,46427,7495,339340,186,20,41,6,DDoS
43354,388812,84,97,8860,4700,1252,71,661.5,31,892,85,488.5,92,1592,21,3330,1742,48569,12,14909,1005,360,7624,53,95423,7941,1454,44581,43,0,1,0,0,1,1,0,4,0,0,0,0,45,41,63,77,80,1084,582,121,14641,5,414,659,343,7987,77,1616,9109,19,2009,35,1850,19,3885,28162,30440,24044,5777,451018,54,44713,5257,128779,872,9,67,6,Bot
60940,22,4,0,81,43,454,57,255.5,19,477,65,271,91,916,67,1100,240,38223,59,20980,2600,1827,10570,90,36152,6317,1421,48066,47,1,1,0,0,1,1,1,2,2,0,0,0,31,47,91,61,42,1128,585,130,16900,9,211,369,622,7475,68,4048,7238,46,9993,37,4010,33,2549,19555,9723,94369,6116,66541,114,58165,9474,29668,974,31,33,6,PortScan
80,2612,862,6,75937,900,745,56,400.5,33,1138,65,601.5,22,324448,4234,4259,2775,18270,54,93857,9842,2953,37353,76,93228,8960,3718,45141,7,1,0,0,0,1,141,0,2,5,0,0,0,34,55,94,22,80,1455,767.5,169,28561,7,788,642,339,1395,36,8003,5578,48,3685,26,4145,41,3546,26274,51540,26396,9797,97222,162,26785,7730,52378,697,42,32,6,DoS Hulk
37998,99993,12,32,4533,4650,376,84,230,64,988,81,534.5,75,812,45,6402,2571,41766,18,25935,3828,4888,33132,4,31783,9174,3879,9354,88,1,0,0,0,0,1,0,2,4,0,0,0,26,26,24,52,49,1079,564,67,4489,2,620,644,979,6938,29,7683,2579,51,202,32,4684,45,3151,25831,17235,70917,9750,179185,761,42964,9182,83834,713,17,69,6,Bot
300,72219,11,5,3508,4914,903,40,471.5,51,360,88,224,42,8853,59,1629,3468,41516,52,18472,819,375,29437,53,48457,4397,1064,21564,78,0,1,0,0,0,0,1,0,0,0,0,0,39,45,77,14,93,1194,643.5,123,15129,5,446,238,734,451,35,7486,6873,61,7180,29,2058,31,880,63554,33446,83387,7488,78672,413,90511,376,104961,665,29,57,6,Infiltration
80,1687,432,9,82678,906,1238,43,640.5,83,300,54,177,16,65462,3040,4858,714,26024,11,56368,5776,4003,33094,63,69210,5970,2569,35425,21,1,1,0,0,0,89,0,1,5,0,0,0,58,40,7,39,71,1071,571,90,8100,3,389,180,581,7586,54,9072,3008,28,9983,6,4912,41,3142,62556,12657,93991,8077,73539,903,3175,6722,369846,277,11,52,6,DoS Hulk
983,69,2,0,141,58,457,92,274.5,61,1108,40,574,42,649,152,3065,2158,40240,78,17996,3629,1141,27756,99,98247,4752,2235,6316,89,0,1,0,0,1,1,0,1,8,0,0,0,45,20,30,10,40,1407,723.5,118,13924,5,203,313,573,6970,60,7182,2502,10,4265,36,4059,33,2590,44221,40714,15318,2863,476851,993,80449,1288,254763,393,9,31,6,PortScan
286,64189,48,24,3063,1672,940,55,497.5,16,1301,84,692.5,87,6957,79,4682,1629,6758,3,90283,9324,2808,5972,92,80452,8545,2856,48066,54,0,0,0,0,0,0,0,2,6,0,0,0,50,35,84,68,91,1220,655.5,116,13456,2,272,446,419,9297,13,5043,3680,90,5283,19,2034,7,4505,54138,41837,2026,7492,119705,771,53947,4717,358904,160,29,20,6,BENIGN
80,2194,266,1,45812,421,1139,50,594.5,43,251,53,152,70,256223,2451,6602,4600,32502,68,10166,9234,4176,19926,35,68512,1283,3803,48955,58,0,0,0,0,1,59,1,0,0,0,0,0,36,47,27,32,46,1286,666,147,21609,4,508,409,415,7381,12,5734,2385,37,8417,42,1572,20,3750,59024,40235,47041,7933,179103,174,93854,507,417764,518,14,73,6,DoS Hulk
429,35581,31,5,2798,4243,427,81,254,87,419,59,239,30,8370,41,4809,2628,15809,52,75182,454,454,32819,72,60314,3329,3935,3589,84,1,0,0,0,1,1,1,0,9,0,0,0,45,36,35,4,74,1453,763.5,70,4900,7,863,443,842,3214,68,4594,3177,24,1487,39,4123,37,2891,64538,22385,3512,7907,452089,293,87139,3211,315705,994,34,78,6,Infiltration
289,75704,23,30,4202,2773,1303,63,683,45,1207,40,623.5,85,1425,53,9789,429,10847,35,35243,5975,4543,24653,61,43541,391,4120,36726,26,1,0,0,0,1,1,1,1,6,0,0,0,48,33,91,5,44,1376,710,138,19044,7,854,745,203,1714,17,6807,2958,11,3071,21,1707,47,1318,36636,52854,45537,8230,463691,603,16525,1026,78928,973,27,20,6,BENIGN
80,4572,649,3,37606,5,1170,96,633,89,456,89,272.5,99,365573,4413,6850,3153,48766,93,50500,1774,2076,44812,54,59332,9866,3950,7316,78,0,0,0,0,0,122,0,0,3,0,0,0,24,45,73,83,77,1148,612.5,146,21316,5,783,721,591,9682,84,1325,2956,2,8148,32,423,40,1130,35979,37067,88951,2271,330320,10,76558,284,46581,776,16,37,6,DDoS
317,4621,9,44,3746,4744,1386,57,721.5,65,1142,64,603,67,9285,97,6365,4981,33917,47,95198,5185,3767,14406,5,93783,8912,2513,3948,45,1,0,0,0,0,0,0,4,0,0,0,0,49,56,65,15,60,1304,682,162,26244,8,325,999,975,3531,83,3996,2448,65,7855,37,1998,46,4722,64354,12329,63048,6680,472373,627,22826,3866,494759,171,49,38,6,Infiltration
121,50858,32,16,1387,2762,763,80,421.5,35,1057,79,568,20,6160,20,396,3134,49203,49,17279,1329,4755,46702,2,65042,8359,3676,20133,76,0,1,0,0,1,1,0,4,1,0,0,0,32,32,76,73,83,1050,566.5,131,17161,1,842,561,745,9732,47,6555,7662,99,5622,36,1409,17,4395,15234,9541,67929,8570,186843,993,17661,1895,250755,972,21,57,6,BENIGN
21,13270,95,56,18650,12208,1000,92,546,76,873,79,476,39,8923,112,2332,3959,15705,51,37332,8500,4754,42063,62,54287,1385,2577,14199,81,1,0,0,0,1,0,0,35,21,0,0,0,26,36,5,86,60,1337,698.5,128,16384,2,986,317,137,827,59,1634,5392,51,628,22,2964,9,1450,13214,12265,95653,159,165908,620,24148,1109,415048,387,22,90,6,FTP-Patator
28311,386625,71,46,3942,6045,552,99,325.5,74,231,67,149,40,928,29,3639,4534,37783,14,22250,6645,2172,10989,36,33630,4328,1508,27004,38,1,1,0,0,1,1,1,4,8,0,0,0,42,40,93,82,51,1451,751,99,9801,0,564,624,594,7750,26,2916,8919,55,2506,6,189,38,1052,48746,15225,92255,9514,485094,79,2664,2269,213234,356,49,23,6,Bot
214,53579,34,9,1480,2339,1039,66,552.5,62,427,96,261.5,32,5746,40,5044,1883,7604,58,84114,7380,1257,29163,90,74531,4475,1535,13536,81,0,1,0,0,1,1,1,1,5,0,0,0,37,55,57,31,49,1497,773,138,19044,1,118,738,537,1376,57,5122,6936,4,5543,12,2915,44,2597,33882,30596,67647,3966,53126,629,71524,7968,317597,905,33,93,6,Infiltration
14629,58,3,0,122,86,168,53,110.5,78,1368,97,732.5,37,467,161,9150,4303,33617,65,22054,4276,4007,40063,28,28007,6342,4642,48639,96,0,1,0,0,1,1,1,2,3,0,0,0,37,43,28,39,90,1474,782,173,29929,4,465,252,339,7936,51,4067,3503,84,5458,26,3470,34,3060,44293,17125,13596,1811,122293,842,43160,7479,134995,77,44,95,6,PortScan
80,3508,113,4,95494,728,615,60,337.5,35,758,80,419,74,388978,4742,9806,4900,21796,2,21055,5048,4280,4986,63,42594,4020,931,35603,60,0,0,0,0,0,85,0,4,3,0,0,0,25,38,97,79,98,1288,693,177,31329,0,384,580,844,5270,32,9447,7030,6,4440,32,4905,35,559,14068,41019,71728,6414,194538,778,1343,6181,200474,27,28,64,6,DoS Hulk
57773,281987,23,11,2641,7915,957,70,513.5,60,1151,60,605.5,27,2368,26,796,1632,46045,44,95252,2490,4846,14514,61,60695,1731,535,47545,36,1,0,0,0,0,0,1,2,9,0,0,0,33,56,85,60,96,1285,690.5,62,3844,8,238,547,301,2063,25,1387,874,43,8351,27,844,1,2559,39805,10961,27405,7166,33928,388,51981,6078,474500,547,42,27,6,Bot
21,44657,87,81,3220,2231,997,54,525.5,57,1077,78,577.5,90,3384,100,2827,1600,37822,12,44560,917,4776,36769,28,54647,4916,4131,40140,70,0,0,0,0,0,1,1,42,21,0,0,0,43,57,48,83,68,1177,622.5,92,8464,6,670,786,258,166,37,2483,8433,6,3168,24,4841,27,4069,40964,16979,57164,1287,134253,21,92754,1200,249926,526,26,40,6,FTP-Patator
114,7890,42,10,3498,4844,481,99,290,21,709,62,385.5,42,1642,56,1106,1397,35637,65,68947,9539,1617,38364,72,15347,1512,1915,28541,30,1,0,0,0,1,1,1,1,6,0,0,0,42,41,19,81,80,1236,658,98,9604,4,686,121,265,4447,52,4545,74,98,6605,48,1398,16,2028,11967,16691,30561,4839,212438,873,60954,3401,180750,689,48,43,6,Infiltration
80,2544,372,7,15456,174,432,64,248,32,381,43,212,50,444923,760,558,3482,41939,50,84875,1574,691,34622,5,26055,3579,1618,8637,58,0,1,0,0,0,75,0,0,3,0,0,0,22,25,55,29,44,1203,623.5,90,8100,7,325,436,372,5150,9,2379,2349,53,5580,24,629,30,3314,47315,45296,9137,5866,31538,58,5096,8146,137007,528,35,89,6,DDoS
354,91188,44,11,2682,3968,799,94,446.5,46,192,69,130.5,42,3191,73,2218,1127,28520,5,3400,5829,3287,19086,76,13137,4477,1182,32550,18,0,0,0,0,0,1,1,4,9,0,0,0,51,43,16,66,96,1254,675,130,16900,1,640,358,232,7741,75,4656,1564,22,5724,35,213,42,2427,49195,42500,52197,7019,65734,968,33761,3933,82107,763,35,41,6,Infiltration
7409,54,1,0,107,41,373,43,208,31,653,73,363,34,433,75,9013,4998,20219,94,51486,6342,2065,12881,30,61396,8050,2509,48261,40,0,1,0,0,1,1,1,3,4,0,0,0,45,41,95,35,76,1214,645,177,31329,4,870,853,316,2936,89,9579,6006,71,8625,36,2573,48,3117,18257,12056,66525,9592,382411,636,71482,2591,425491,581,31,94,6,PortScan
21,35267,84,61,9860,17983,912,92,502,68,1036,52,544,22,7371,114,5893,2021,19348,73,37247,4925,1022,39452,7,42164,9117,4785,13548,19,0,0,0,0,0,1,1,23,18,0,0,0,40,20,41,69,76,1153,614.5,71,5041,2,967,920,754,3178,40,573,5461,23,7691,39,797,17,2872,56819,23571,67279,3276,149790,129,48956,255,234063,21,48,47,6,FTP-Patator
21,48403,54,71,11887,7358,568,54,311,41,509,41,275,11,13224,158,4845,4489,14240,39,71908,9760,746,44663,83,68155,5053,2280,31234,10,1,0,0,0,1,0,0,34,37,0,0,0,33,59,47,16,57,1494,775.5,186,34596,1,388,728,858,3973,20,7237,5794,83,4613,10,4883,16,2602,52206,27490,59163,5946,482776,434,83432,5436,404119,871,40,34,6,FTP-Patator
440,51251,16,29,767,2193,267,46,156.5,39,1495,64,779.5,72,5276,57,333,2438,24917,16,4761,5993,1874,11723,6,20438,2302,2488,25580,83,1,0,0,0,1,1,0,4,1,0,0,0,43,44,19,28,51,1065,558,186,34596,8,529,637,511,4796,42,3957,2732,5,450,10,1864,47,1388,27804,60049,22104,1645,303497,834,75101,7763,230687,56,17,65,6,BENIGN
80,10777,18,24,5545,49660,1066,64,565,13,844,44,444,75,43807,295,8252,133,7180,95,90873,5576,3814,17838,56,14222,209,1424,1759,17,0,0,0,0,0,1,0,8,12,0,0,0,51,44,44,7,40,1237,638.5,198,39204,5,671,693,652,4674,2,6360,1420,23,856,43,3340,1,1068,24001,40270,17754,2649,388430,57,44698,7478,303031,878,49,67,6,Web Attack - XSS
255,88321,46,32,969,2645,454,89,271.5,89,402,66,234,77,3347,41,7066,4666,10468,91,2559,5641,500,43896,50,56540,4280,874,34335,31,1,1,0,0,1,0,1,3,8,0,0,0,24,43,14,82,47,1032,539.5,198,39204,7,195,797,901,6409,12,6177,6316,33,7126,10,2567,32,3321,57459,43215,25251,1629,105037,9,98125,6113,199543,356,10,95,6,BENIGN
421,45563,29,40,2183,4634,731,70,400.5,40,1463,92,777.5,98,5647,12,1340,919,25669,78,63517,6977,1692,33679,40,66740,332,1888,14620,31,1,0,0,0,0,0,0,3,4,0,0,0,47,21,7,60,89,1438,763.5,182,33124,6,369,160,577,9820,27,4298,7735,50,7234,17,3603,47,1293,20123,54409,31681,183,370852,578,57383,2822,34339,872,38,20,6,Infiltration
17359,59,1,1,91,30,1329,84,706.5,82,296,58,177,75,473,55,7940,2458,10701,84,97329,6379,1185,22319,10,4398,8852,3147,19494,33,1,1,0,0,1,1,0,0,3,0,0,0,44,48,37,55,64,1103,583.5,107,11449,0,382,116,197,4506,59,6064,1080,46,6690,44,1649,39,4228,15245,14677,89952,635,416011,722,5282,1250,45157,643,22,74,6,PortScan
25471,23669,20,97,4834,2398,848,52,450,55,1235,61,648,44,3055,42,6613,1425,45197,4,73267,1193,3844,28268,90,62540,2983,1784,14499,55,1,0,0,0,0,0,0,3,4,0,0,0,52,25,93,14,66,1002,534,87,7569,8,693,504,724,6456,48,8710,8546,50,4999,49,1853,48,1203,14076,49399,81168,6508,195524,538,63389,8242,72287,492,34,26,6,Bot
80,1272,918,0,46075,635,734,44,389,38,1208,77,642.5,74,470044,2188,392,3173,28786,44,46309,5678,3075,43073,82,10757,7361,2499,40049,27,0,0,0,0,0,57,1,1,7,0,0,0,31,25,77,72,62,1024,543,88,7744,1,222,368,748,8561,75,7070,8296,55,9479,5,4875,43,4259,46459,25477,40273,9039,158479,827,63903,3869,51847,955,33,31,6,DDoS
80,35666,87,79,18460,44426,946,99,522.5,76,764,84,424,48,5695,391,5055,4598,32128,81,6831,7128,3107,30576,8,25299,2508,4074,22532,38,0,0,0,0,0,1,0,14,19,0,0,0,37,34,9,21,66,1277,671.5,98,9604,3,635,973,871,9398,90,5267,1885,49,7585,29,1226,26,618,64930,36596,67683,547,393122,871,10286,2603,353864,54,32,36,6,Web Attack - XSS
57375,83675,26,48,1941,3856,499,60,279.5,45,1416,81,748.5,45,3530,5,7762,2303,25585,72,16436,376,2924,37041,59,29480,6794,1339,11105,39,0,1,0,0,0,1,1,3,0,0,0,0,23,35,69,67,78,1173,625.5,148,21904,1,322,254,668,1482,38,3801,6194,91,9857,42,2902,28,857,31829,48546,65230,7432,248581,808,85111,1465,284991,895,37,88,6,Bot
80,3274,961,8,64305,439,1462,62,762,75,1369,91,730,86,96925,3614,4039,265,4445,79,92059,3036,1438,5518,68,1886,3063,4039,15240,13,1,1,0,0,1,57,0,3,4,0,0,0,57,30,32,95,96,1407,751.5,75,5625,8,743,244,903,4560,64,1595,594,31,5645,9,3921,10,2211,10452,19222,8146,9686,457501,273,50346,5600,144599,807,15,70,6,DoS Hulk
18036,22,1,1,58,82,217,84,150.5,27,1463,94,778.5,90,567,142,2246,3064,31278,51,65719,8225,4171,29962,93,61464,1429,1436,3162,4,1,1,0,0,1,1,0,2,2,0,0,0,49,41,78,16,68,1479,773.5,144,20736,4,674,222,356,9821,78,157,9538,48,3870,25,2335,1,4206,61380,13055,88853,2065,234798,516,44982,5506,145897,167,49,64,6,PortScan
80,43587,82,88,9805,29716,257,79,168,68,494,70,282,20,9705,355,2018,2990,1365,61,18170,4350,1615,22373,83,93483,1396,1414,6568,74,1,0,0,0,1,0,0,8,8,0,0,0,23,59,44,73,55,1213,634,150,22500,5,630,740,610,624,30,2884,2691,46,4626,45,4875,37,1212,12240,18044,92536,2242,150916,103,56425,3750,30548,173,21,86,6,Web Attack - XSS
35940,88,1,0,195,37,1341,80,710.5,91,199,42,120.5,22,127,73,5690,246,17776,53,27397,3167,1208,37296,77,14789,3565,413,34471,36,1,1,0,0,1,1,1,0,2,0,0,0,53,52,52,40,66,1010,538,146,21316,3,701,477,965,6694,14,2618,3048,67,8470,12,325,18,499,11054,58737,7130,1102,443175,969,32897,1361,192725,900,31,44,6,PortScan
80,711,143,9,15650,920,942,58,500,94,1165,60,612.5,22,461210,1867,6789,1794,15310,59,62278,7828,1869,39914,47,60309,6180,3127,17767,62,0,1,0,0,1,156,1,1,8,0,0,0,59,34,40,7,66,1185,625.5,67,4489,5,320,783,929,4519,98,3150,6017,74,4864,38,1584,44,3756,51195,9769,43304,248,446616,162,49986,3373,295433,322,22,44,6,DoS Hulk
80,3196,518,7,14328,979,934,92,513,96,1408,65,736.5,53,426901,1900,9575,3778,22003,34,8769,6198,829,21354,63,88029,5115,3152,10248,66,0,0,0,0,1,159,1,1,8,0,0,0,51,34,73,28,99,1041,570,79,6241,6,890,333,726,6035,48,1373,5719,97,8129,38,1592,22,552,47447,28072,94973,4208,434579,611,98775,2244,418630,880,27,48,6,DDoS
21,26538,66,55,16736,4034,719,65,392,62,402,75,238.5,90,5635,54,520,4326,42909,74,25493,8375,2488,31867,75,93883,8931,2891,44061,87,0,0,0,0,0,1,0,13,49,0,0,0,36,33,2,76,88,1339,713.5,90,8100,3,219,469,799,3394,16,5524,6731,49,8086,15,3324,8,3344,18445,31005,16823,4110,249211,758,99124,9474,349076,880,11,70,6,FTP-Patator
225,9152,17,41,1087,4726,692,52,372,72,136,50,93,45,6799,31,1992,2623,7939,46,9391,1434,2776,35651,85,33390,1293,2003,10441,39,1,0,0,0,0,1,1,0,7,0,0,0,48,47,47,18,50,1456,753,132,17424,7,164,103,465,8164,75,2360,9869,20,956,27,2679,47,1167,48923,32750,32091,261,98678,712,54647,6974,122466,956,34,79,6,BENIGN
58898,60,2,1,167,59,501,62,281.5,24,1124,90,607,57,504,196,3160,963,26379,48,8368,162,4921,23913,48,7044,7562,348,42122,82,1,0,0,0,0,1,1,4,0,0,0,0,56,35,47,17,60,1184,622,177,31329,6,832,984,276,996,29,7717,5701,23,3557,43,330,32,2893,13088,43116,52754,4868,290744,326,91562,1007,20564,696,2,63,6,PortScan
51449,124948,47,31,2086,2729,476,84,280,38,1310,92,701,81,3680,23,5281,4505,44660,18,77839,1306,2825,34455,62,81496,3406,1709,4531,17,0,0,0,0,1,1,0,3,4,0,0,0,44,20,50,85,98,1452,775,75,5625,1,188,812,181,9007,50,3336,1306,34,4132,22,267,8,103,28815,15353,65960,9387,464639,234,82897,1079,310927,601,45,83,6,Bot
51655,48,2,0,99,29,784,62,423,13,1468,95,781.5,34,251,60,6954,2436,45110,95,11733,3899,3975,17261,10,65124,399,1747,20124,99,1,1,0,0,0,1,1,3,7,0,0,0,57,49,41,23,77,1332,704.5,148,21904,7,501,461,781,6007,62,488,7383,30,8792,36,2224,38,2542,26100,62983,50295,871,91099,888,99734,1027,130993,559,17,97,6,PortScan
31763,40,1,0,74,91,1057,98,577.5,30,861,69,465,79,636,135,4539,1609,25997,84,88813,6406,4242,48709,86,55203,1431,1867,6490,28,0,1,0,0,0,1,0,1,0,0,0,0,45,35,8,4,93,1413,753,158,24964,4,712,598,950,6428,74,3921,8865,39,9053,27,1082,43,2816,10419,40368,43091,2303,394393,718,64287,3676,103744,475,4,64,6,PortScan
80,795,320,9,62399,955,880,54,467,16,1432,79,755.5,13,56313,4702,139,303,10419,75,60103,9506,526,13770,10,62778,937,4113,7424,38,0,1,0,0,1,123,0,1,7,0,0,0,22,33,68,78,72,1162,617,191,36481,8,116,678,526,2354,46,1472,666,92,553,10,1839,21,1865,55085,52705,3122,7527,323363,529,12641,8824,81882,335,25,30,6,DDoS
80,7687,82,11,20017,6929,885,56,470.5,38,1198,81,639.5,47,24336,378,9013,3830,17014,35,28867,1076,2930,30017,63,71287,3583,2308,18125,78,0,1,0,0,1,1,0,10,16,0,0,0,58,31,55,11,64,1304,684,84,7056,3,552,753,187,9051,76,7409,1121,99,1580,44,4600,3,2980,50892,44774,21160,254,74529,420,56326,2186,200741,624,34,98,6,Web Attack - XSS
80,2257,562,3,51889,598,649,85,367,13,552,45,298.5,45,262882,4155,4817,4082,47265,51,71086,9245,2122,46385,39,13215,3094,3628,15487,19,1,1,0,0,1,114,0,2,8,0,0,0,34,55,7,10,93,1470,781.5,113,12769,1,982,617,656,6124,91,8113,2577,58,6185,29,2484,10,2368,21637,50629,24546,1849,56649,290,81212,5190,71658,234,8,90,6,DDoS
367,12123,11,20,3961,2927,1265,97,681,66,994,83,538.5,86,8342,57,1426,935,3995,49,82935,9311,3698,37200,19,19829,801,3789,25105,59,1,1,0,0,0,0,0,2,6,0,0,0,23,45,65,18,62,1494,778,108,11664,0,346,373,259,3566,69,3471,3479,34,6736,22,4398,8,1304,52061,61670,76541,3725,462384,920,17647,624,464095,964,14,21,6,Infiltration
80,2958,447,3,56079,748,1251,49,650,88,113,43,78,52,137120,3230,1149,1327,13300,69,90673,3470,3272,6827,90,15915,1065,4046,31657,70,0,0,0,0,1,86,1,0,7,0,0,0,48,52,66,42,65,1438,751.5,84,7056,5,811,403,803,2164,7,4094,8012,40,2884,16,2874,28,3945,27641,24957,70809,8266,490580,795,49048,4697,245957,244,21,95,6,DDoS
54608,466169,86,74,6548,8491,1277,61,669,46,245,75,160,90,2890,15,4409,1595,43758,30,42119,102,1440,25854,50,26533,3979,2801,16634,78,1,1,0,0,1,1,0,1,7,0,0,0,31,46,64,75,40,1350,695,180,32400,5,415,235,877,8650,41,8831,7081,72,5437,7,4559,8,607,27918,63836,26448,339,96400,836,20834,3301,219303,588,16,25,6,Bot
122,56968,40,48,1063,2668,720,59,389.5,45,1486,71,778.5,12,4660,29,1591,4151,22418,6,43536,8020,4499,7798,77,54605,2047,2172,34082,90,1,0,0,0,1,1,1,0,2,0,0,0,34,50,54,47,58,1067,562.5,138,19044,8,254,746,671,4631,83,6583,2977,30,6151,39,1846,10,1089,13402,60878,14259,6190,349016,635,11533,9786,400497,239,38,76,6,BENIGN
80,7943,64,85,11898,38927,714,78,396,72,721,97,409,15,42814,156,7430,4206,15928,70,76330,425,857,22565,63,59887,5297,4779,41827,88,0,1,0,0,1,0,1,12,17,0,0,0,43,45,64,48,49,1013,531,65,4225,4,543,555,227,9230,46,3335,6914,41,308,17,4112,22,1504,41081,47045,97900,2735,415089,557,98717,1684,110807,558,12,90,6,Web Attack - XSS
80,3925,366,6,51693,21,810,72,441,38,1356,79,717.5,90,320291,1686,2088,2768,25806,35,93605,942,1352,2843,6,75100,4598,3111,28233,67,0,1,0,0,1,155,0,2,8,0,0,0,39,59,85,52,83,1487,785,122,14884,0,242,536,577,1383,60,2947,5229,37,8575,14,1762,8,2929,34606,53911,95508,2209,335302,110,56861,7456,125389,950,1,52,6,DoS Hulk
80,1718,811,7,69387,203,1469,52,760.5,71,144,70,107,37,265044,1017,3800,3013,37379,30,90801,5197,3683,28450,70,30108,8580,286,46589,92,1,0,0,0,0,120,1,4,4,0,0,0,45,26,83,9,87,1055,571,195,38025,5,104,400,387,324,47,8938,9396,6,3851,27,2498,15,246,10528,59981,67297,3813,391990,468,48182,7724,53924,439,40,33,6,DDoS
28452,65,4,0,90,74,1337,84,710.5,54,681,59,370,55,430,159,5333,2860,12236,39,28714,8688,4634,35481,13,26099,9668,4902,22060,79,1,1,0,0,1,1,1,4,6,0,0,0,22,59,28,77,48,1005,526.5,66,4356,9,410,861,716,6938,43,4322,6468,30,714,16,116,12,2819,64400,31897,82729,3765,195842,395,51359,9181,338222,240,18,81,6,PortScan
21,24586,42,51,2907,18851,995,49,522,79,983,83,533,85,19337,153,9299,173,2777,43,92979,5038,2531,40164,41,47044,8338,3532,13367,89,1,1,0,0,1,1,1,44,42,0,0,0,25,25,62,31,62,1335,698.5,130,16900,4,963,307,567,3858,2,625,1196,20,7378,41,4284,29,829,49987,55707,25824,399,387226,345,93962,4845,494958,585,6,41,6,FTP-Patator
21,45784,54,50,12642,14060,335,58,196.5,88,576,94,335,27,13315,196,306,3778,26969,4,20790,1320,2712,5147,44,69784,9483,3715,38156,82,0,0,0,0,0,1,1,14,14,0,0,0,41,32,88,32,65,1259,662,198,39204,2,877,917,606,9566,12,1474,3861,80,3719,32,2304,10,4535,50433,57269,88071,3679,270874,915,37942,3581,469072,896,36,91,6,FTP-Patator
80,479,166,9,23235,274,857,91,474,18,1060,66,563,16,80502,757,9861,468,25028,56,62924,9916,3027,4233,90,86155,8266,4809,25353,28,1,1,0,0,1,124,0,1,2,0,0,0,24,26,94,23,77,1139,608,198,39204,5,702,355,512,768,86,8392,2243,34,3667,10,4386,21,4037,29472,23895,55207,7273,418149,871,61672,212,92259,116,16,45,6,DDoS
49820,84610,43,74,5853,6977,1070,94,582,84,956,93,524.5,50,4775,29,1306,376,14366,29,82610,9048,3839,15617,7,82920,9684,772,19759,18,0,1,0,0,1,1,1,0,6,0,0,0,45,20,24,30,90,1069,579.5,92,8464,2,319,168,747,6285,45,3721,7613,87,8674,28,3873,17,1902,40958,49153,51925,2447,162276,361,71995,4635,53965,546,37,52,6,Bot
34847,10,2,0,81,19,1393,70,731.5,64,1259,95,677,57,825,52,6222,3183,35012,55,23417,1784,3057,42513,20,80357,8825,2264,34129,99,1,1,0,0,0,1,0,0,9,0,0,0,26,55,89,29,72,1287,679.5,190,36100,1,845,743,133,5499,59,2663,1584,99,1750,23,4316,20,724,51210,52561,13123,4359,223422,203,92881,1630,118109,394,19,80,6,PortScan
309,90475,25,43,613,2039,868,54,461,45,1185,46,615.5,22,1188,13,7379,4512,28474,81,50607,9124,3988,23790,25,71959,9645,1128,21980,97,0,0,0,0,0,1,0,0,3,0,0,0,32,32,48,30,50,1019,534.5,157,24649,9,489,824,368,1953,5,3553,7200,58,7667,3,1329,43,4469,17067,19296,25869,7672,124417,495,21167,1741,330047,728,44,85,6,Infiltration
36904,46062,89,53,7028,7419,1241,47,644,15,665,88,376.5,29,2081,29,2369,3230,32640,75,41080,3861,773,15934,99,35488,6896,3488,10398,19,0,0,0,0,0,1,0,1,0,0,0,0,42,48,28,17,86,1494,790,71,5041,5,805,944,217,586,17,4639,3775,23,6073,9,3413,27,4203,33677,48103,79274,6666,430516,241,31913,2588,48502,535,40,98,6,Bot
80,4588,783,0,44886,179,1136,91,613.5,93,257,47,152,91,54653,1137,4768,3466,3525,74,37814,895,3324,15572,40,14641,2730,555,21379,53,1,1,0,0,1,103,1,1,5,0,0,0,42,33,18,69,60,1157,608.5,195,38025,5,669,392,597,3557,78,8368,1671,42,1187,9,1222,47,1852,39747,42375,5710,6130,61260,615,57170,6224,187346,932,6,26,6,DDoS
38751,129316,54,88,3513,9715,181,98,139.5,96,516,83,299.5,28,664,11,3586,420,35615,19,25708,5733,1420,10437,23,37334,407,3027,28236,9,1,1,0,0,1,1,0,1,8,0,0,0,37,51,8,74,77,1045,561,153,23409,4,295,567,434,826,96,852,9394,53,6358,42,577,39,2079,53653,32945,87232,7314,135369,791,13090,3982,19915,124,42,74,6,Bot
31703,39,3,1,124,93,124,94,109,91,1268,93,680.5,18,825,72,1362,1823,47682,90,40679,5556,749,12840,26,29630,9748,2484,14638,71,0,0,0,0,0,1,0,2,9,0,0,0,52,37,43,60,94,1310,702,195,38025,5,377,812,762,9066,87,2607,6613,68,3687,22,259,36,2144,40430,44240,4585,614,356406,735,35761,974,205068,298,27,55,6,PortScan
270,29750,26,30,4502,4302,1305,49,677,26,669,91,380,92,9477,79,2427,4787,35489,34,14317,578,2351,18030,82,19083,1148,1920,8981,17,1,0,0,0,1,1,1,4,4,0,0,0,25,24,88,53,50,1354,702,152,23104,6,146,263,499,5085,45,6085,6757,66,2854,15,923,7,1899,44305,44373,60346,634,394336,306,54553,1859,238935,289,23,61,6,BENIGN
21,40274,74,63,17980,18881,820,46,433,93,627,70,348.5,10,6218,163,9774,2997,4525,99,77354,8358,257,46055,31,82257,4494,1709,32113,84,1,1,0,0,1,1,0,31,29,0,0,0,42,36,40,52,53,1051,552,179,32041,1,781,547,936,2836,88,2363,1469,23,8650,27,1802,15,3668,54843,36032,11371,8402,455878,606,75429,7636,124582,67,25,92,6,FTP-Patator
80,35639,89,63,44830,35896,1369,41,705,16,545,63,304,27,24745,172,2674,125,37051,69,34046,331,1951,36566,54,21233,1498,4869,36595,83,0,0,0,0,0,0,1,6,5,0,0,0,41,28,86,8,85,1147,616,132,17424,5,218,122,106,7950,79,3975,8755,25,6733,43,3890,25,3182,22589,51092,77355,3585,429771,531,33587,1673,39583,681,27,57,6,Web Attack - XSS
21,29249,70,60,10492,17554,919,87,503,50,679,66,372.5,11,7948,86,8044,4344,47420,19,53406,3363,1321,7729,39,57305,4195,591,1285,25,0,0,0,0,0,1,1,28,13,0,0,0,38,59,69,20,76,1055,565.5,117,13689,3,386,914,844,3502,17,9975,4482,67,6888,12,4244,17,3769,34111,25497,31190,9531,74562,571,29672,4936,64946,903,23,38,6,FTP-Patator
80,4194,416,3,82089,462,1171,55,613,81,322,81,201.5,69,365560,2000,9786,4414,2380,42,71767,7861,3754,6885,81,78285,8138,533,25584,89,1,0,0,0,0,135,1,2,6,0,0,0,55,28,24,49,78,1238,658,68,4624,1,598,205,802,261,41,5695,8825,46,1048,21,2437,44,2697,28922,12890,10146,6998,137754,395,1530,7183,272622,551,49,49,6,DoS Hulk
20631,115096,87,68,7398,4264,1460,72,766,82,271,96,183.5,29,2007,13,7302,2787,20673,25,69057,5045,3296,11357,13,20611,9156,2466,5673,44,1,0,0,0,1,0,1,1,3,0,0,0,50,59,15,6,49,1220,634.5,132,17424,2,375,961,262,8250,18,6541,1778,22,9044,44,2197,34,623,25913,42112,14704,9547,477522,40,74085,1016,50764,665,37,38,6,Bot
55563,242531,98,30,3836,5380,283,49,166,86,392,69,230.5,56,4097,49,5722,4334,5773,48,32707,6010,4614,38226,73,25420,5385,2657,43072,6,0,1,0,0,1,0,0,4,0,0,0,0,53,50,11,85,51,1398,724.5,130,16900,6,509,275,337,3500,25,4284,2787,76,2821,7,892,43,377,11879,30826,45502,9300,20140,822,58173,948,372568,737,34,83,6,Bot
141,64606,49,25,1027,2174,1481,67,774,38,458,86,272,74,6822,82,8790,633,26663,37,17178,5611,3164,34334,14,39974,3131,467,24923,84,1,0,0,0,1,0,0,4,1,0,0,0,49,50,9,29,78,1104,591,170,28900,8,958,688,941,6195,32,1463,8260,76,6876,3,3628,14,4805,16969,20204,78266,3888,48036,570,44683,4933,257195,603,8,23,6,BENIGN
80,2110,819,9,50531,336,1067,71,569,98,459,47,253,30,313782,4088,5175,909,22096,49,14970,5816,2241,17828,76,53896,8754,4767,14055,46,0,1,0,0,0,129,1,2,3,0,0,0,56,28,57,6,51,1272,661.5,144,20736,3,311,243,677,2661,56,2446,3558,11,5350,13,2826,48,1185,25971,59499,51715,5385,56651,176,41141,762,28231,385,29,50,6,DoS Hulk
80,2946,399,0,30832,227,162,48,105,10,1077,79,578,50,179152,1929,4597,4165,5552,60,19256,4832,4420,12778,90,73100,6349,1059,40780,92,1,1,0,0,0,196,1,4,7,0,0,0,23,25,33,83,66,1149,607.5,70,4900,4,382,562,858,8099,9,2583,4049,27,1978,31,3935,34,4933,18110,11983,97951,2736,211649,898,34464,3471,221040,353,30,22,6,DDoS
80,524,297,4,96899,704,1255,85,670,11,337,50,193.5,89,97851,4318,2450,4882,9507,41,97168,2429,3915,31508,87,50806,3854,2511,45840,22,1,1,0,0,1,126,0,3,1,0,0,0,33,22,86,38,73,1280,676.5,158,24964,1,524,392,710,7265,24,7516,5188,64,6323,44,3655,27,4115,26807,29156,76349,2074,271626,23,2576,4693,181419,973,29,36,6,DoS Hulk
21,26761,40,97,6274,13027,1466,57,761.5,42,137,81,109,51,13764,192,8622,1711,44481,79,51936,647,706,18054,87,44312,4454,1459,41760,26,0,1,0,0,1,0,1,13,45,0,0,0,50,30,12,36,97,1256,676.5,171,29241,1,584,780,542,9327,25,956,7319,19,4828,41,2176,37,1301,48419,21369,23525,197,93812,669,36620,9127,57289,800,9,50,6,FTP-Patator
80,42942,33,96,22633,11904,921,73,497,58,132,97,114.5,40,22703,322,1481,975,42367,40,31921,1964,2827,7133,26,60582,4744,858,49255,21,1,0,0,0,1,1,0,5,12,0,0,0,43,41,96,76,59,1006,532.5,155,24025,6,238,918,738,7030,19,1566,8468,54,2827,30,3541,19,2575,12675,64530,85698,9751,453078,338,30624,1453,354185,790,34,39,6,Web Attack - XSS
331,12582,6,36,3129,4885,1190,68,629,21,946,81,513.5,42,1070,79,1178,1880,42877,77,1731,1861,463,23755,57,35300,9056,2548,3890,8,0,0,0,0,1,0,0,2,4,0,0,0,35,43,31,59,44,1324,684,165,27225,9,792,354,808,5523,72,7821,9172,45,1402,34,1753,18,4347,31927,63154,94472,6645,216973,33,2156,2349,275336,685,40,26,6,BENIGN
25940,24,1,0,146,56,690,77,383.5,46,416,84,250,78,233,78,654,1304,31426,78,47302,8142,4241,27005,26,73480,2110,2572,22126,79,1,1,0,0,0,1,1,2,9,0,0,0,23,56,11,3,80,1220,650,71,5041,7,673,869,300,2380,93,7233,2796,96,5701,49,1341,5,894,9210,12549,44190,4863,378690,467,55500,6298,376587,703,23,25,6,PortScan
80,27035,18,60,30470,35900,1185,40,612.5,51,376,81,228.5,70,38045,477,956,1220,24233,40,56458,1838,1174,16877,71,44964,6203,239,9342,99,0,0,0,0,0,0,1,11,9,0,0,0,30,27,6,7,96,1418,757,190,36100,7,298,440,986,9687,51,6519,4481,62,5487,3,3804,14,2096,9068,46871,36595,7390,29400,371,31900,7673,426941,122,4,76,6,Web Attack - XSS
29044,33941,57,79,7299,2493,1146,85,615.5,97,918,89,503.5,28,2248,43,7989,2867,45539,61,14264,9388,4957,13881,73,24120,4437,261,23983,43,1,1,0,0,1,0,1,3,0,0,0,0,39,52,84,54,46,1456,751,125,15625,6,952,371,991,650,68,7334,2095,95,165,22,2185,38,4409,55878,48204,56296,6875,484154,231,42715,1797,165308,290,17,73,6,Bot
14233,393058,37,74,8129,1113,933,87,510,32,695,96,395.5,34,1698,31,5302,739,34015,56,21615,4040,4941,38832,84,3328,3699,1952,18010,89,1,0,0,0,0,1,1,4,0,0,0,0,59,21,86,60,98,1095,596.5,70,4900,6,566,123,675,4980,32,4007,1074,36,5714,34,1215,6,4033,28384,52207,14106,1697,88218,150,46643,4383,470259,281,18,53,6,Bot
442,88173,23,17,2046,1111,851,52,451.5,90,1245,41,643,98,3346,58,669,3005,35315,58,25731,931,3308,2146,50,79782,7580,3118,46984,69,0,1,0,0,1,1,0,3,8,0,0,0,42,38,3,67,70,1030,550,65,4225,1,344,237,622,9376,21,1532,1210,84,3941,34,4987,2,1584,29397,45880,19371,6816,412952,974,24079,9742,196729,610,26,78,6,Infiltration
417,53848,13,9,1034,3912,548,93,320.5,35,1255,54,654.5,21,6247,67,481,975,10772,42,16136,2179,189,29539,13,77216,6871,4236,14796,28,0,0,0,0,0,0,0,4,1,0,0,0,38,55,79,28,45,1076,560.5,54,2916,4,809,139,729,4916,75,1445,5619,25,964,39,4435,30,2979,49526,45740,28484,1590,440765,438,2551,3548,208251,413,21,41,6,BENIGN
5254,233631,39,12,9819,8192,873,88,480.5,65,1416,56,736,63,1621,36,7749,3508,15440,38,85583,2249,1474,41914,40,82499,2989,3347,5419,15,0,1,0,0,0,0,0,2,2,0,0,0,40,35,2,37,56,1176,616,83,6889,7,535,434,603,4331,62,253,7828,75,3518,40,4335,42,1088,47001,30478,5409,197,43962,707,12404,2382,39777,509,37,45,6,Bot
80,1039,547,0,13942,10,756,46,401,40,460,57,258.5,56,242366,4145,3745,793,25426,51,63449,1247,4575,46155,59,58987,8063,2800,8365,7,0,1,0,0,1,183,1,0,4,0,0,0,59,38,16,2,82,1060,571,59,3481,2,853,563,655,4976,31,5070,8203,63,754,41,1521,48,1055,32439,12746,71776,1793,153134,829,32560,2775,453539,492,12,56,6,DDoS
195,61282,9,17,2826,3882,1437,78,757.5,91,1147,72,609.5,84,5628,61,2437,2640,13010,71,66344,7797,284,2780,76,91341,6335,3384,31311,10,0,0,0,0,0,0,1,4,8,0,0,0,41,27,23,98,80,1045,562.5,85,7225,1,244,977,297,3881,74,7251,8854,32,1097,1,1358,43,1991,63022,61466,76104,479,171204,704,97288,2881,426701,181,33,87,6,BENIGN
99,16078,37,34,4577,2178,298,76,187,48,987,85,536,57,8231,30,1962,3499,19108,5,33401,5459,3077,16129,84,56200,1517,1058,37344,49,0,0,0,0,0,1,0,4,9,0,0,0,41,57,57,20,78,1248,663,157,24649,6,468,686,838,2744,28,432,9003,27,4452,17,1730,3,4929,19065,17415,65009,2546,467650,783,31854,7462,162980,157,25,76,6,Infiltration
260,71019,6,22,1516,4147,519,62,290.5,36,645,73,359,93,2314,78,1070,4548,25897,41,69922,5683,3295,36703,20,8234,4867,2042,21239,70,0,0,0,0,0,1,0,1,8,0,0,0,24,52,71,91,42,1239,640.5,121,14641,3,901,356,643,9310,69,5643,8752,1,3310,45,2914,19,4942,22740,63810,86113,7207,241123,207,39770,7718,259074,961,45,86,6,BENIGN
442,77913,37,44,1242,4582,721,48,384.5,96,541,40,290.5,34,1222,48,5035,2624,5707,75,1395,1105,1558,6683,23,54241,9941,557,33397,70,1,0,0,0,0,0,1,1,6,0,0,0,33,50,6,64,86,1134,610,85,7225,2,523,286,653,7960,0,8047,9726,0,5102,26,205,40,3255,18205,15736,40356,4552,297528,377,70649,8848,279420,176,43,25,6,BENIGN
187,33170,10,37,600,4876,833,52,442.5,42,550,80,315,87,3569,11,7693,1685,4178,88,76898,7271,3823,24456,89,32707,1524,4129,47334,27,0,1,0,0,0,0,0,2,4,0,0,0,43,31,77,83,80,1470,775,124,15376,0,629,171,440,1531,90,7861,2288,80,8731,16,318,1,1144,52316,50534,82078,5825,347612,228,24562,8199,223365,791,29,35,6,Infiltration
80,4697,577,6,11475,998,802,90,446,52,232,55,143.5,34,94702,4151,3573,1383,47213,98,26760,9536,4383,38827,79,57321,3423,4513,11784,91,1,1,0,0,1,159,0,0,6,0,0,0,37,35,15,42,51,1293,672,177,31329,8,841,360,736,7926,47,3886,2945,51,5917,38,2271,9,2821,50767,38061,45083,5753,486092,774,99143,1745,371377,108,34,27,6,DoS Hulk
80,3954,608,5,33366,201,1030,50,540,91,1410,76,743,65,413382,4516,858,4177,7062,96,4346,7409,3503,30119,49,99250,3976,4681,43960,20,0,1,0,0,1,159,1,0,0,0,0,0,49,43,41,90,45,1200,622.5,188,35344,9,444,266,288,5356,30,7881,3650,21,7185,20,1006,3,1418,17758,42437,85688,6777,52419,785,49844,2004,44148,587,43,41,6,DDoS
48350,475609,39,44,7986,6398,950,41,495.5,22,1109,65,587,38,1429,45,1440,4459,49633,14,82632,481,1416,19101,10,37674,1347,3245,44301,17,0,1,0,0,0,0,1,3,9,0,0,0,52,53,17,81,57,1088,572.5,145,21025,7,316,417,851,2933,98,6614,3727,32,6600,42,1902,32,1055,58604,27862,44371,7296,301974,179,17342,3705,428938,959,13,30,6,Bot
80,1948,906,0,49171,517,507,67,287,46,902,74,488,51,391206,4952,848,4944,49046,21,56331,1673,1429,31632,29,55842,9277,4455,14979,47,1,1,0,0,1,153,0,3,8,0,0,0,29,43,32,42,77,1129,603,182,33124,4,782,821,342,4419,49,1449,273,74,6208,19,883,19,3151,14369,63943,32618,5257,314260,687,57021,7544,308457,492,25,70,6,DoS Hulk
80,410,112,2,89212,665,1027,61,544,33,463,45,254,67,133337,3951,2007,1044,3420,66,82732,9124,4088,2106,62,57695,426,3887,12105,47,0,1,0,0,0,125,1,3,0,0,0,0,42,58,32,87,58,1150,604,163,26569,9,782,601,706,9431,30,7411,1226,81,1587,10,2315,37,2573,36864,44283,61282,1549,424175,649,94946,504,200737,671,42,91,6,DoS Hulk
21,12667,75,36,10388,8835,1404,61,732.5,23,738,46,392,82,12455,23,5215,1493,32884,3,5969,3550,2262,9746,12,10755,2402,4759,21256,43,1,1,0,0,0,1,0,38,48,0,0,0,59,50,92,29,65,1214,639.5,99,9801,6,530,331,845,2662,87,2367,3324,1,3426,45,2570,20,2692,40477,21648,22796,1612,336687,170,73169,5176,58989,368,8,70,6,FTP-Patator
49708,26,1,0,66,76,1338,91,714.5,77,853,56,454.5,78,273,159,1653,3774,37498,73,56024,1529,3217,13913,94,35264,8403,2150,9824,38,0,0,0,0,0,1,1,4,9,0,0,0,50,59,62,35,92,1436,764,179,32041,0,454,539,152,3304,17,4186,711,72,4347,12,3211,32,4816,63952,58685,80853,9599,404600,215,13100,9159,94199,763,17,48,6,PortScan
